"forecast.date","ensembles","tmp2m","dlwrfsfc","dswrfsfc","pratesfc","rh2m","vgrd10m","ugrd10m"
2018-07-30 08:00:00,1,293,9.999e+20,9.999e+20,9.999e+20,98.1,0.01,-1.04
2018-07-30 14:00:00,1,297.30002,412,178,5.2e-05,84.1,0.22999999,-0.65
2018-07-30 20:00:00,1,296.1,400,437,0.000276,92.4,1.4,-0.35999998
2018-07-31 02:00:00,1,290.31,370,1,0.000628,99.1,0.85999995,0.11
2018-07-31 08:00:00,1,294.30002,400,8,5e-05,97.9,0.93,-0.75
2018-07-31 14:00:00,1,297.5,403,429,0.000306,92,2.85,-0.69
2018-07-31 20:00:00,1,295.5,406,204,0.000389,97.8,2.03,-0.22999999
2018-08-01 02:00:00,1,294.2,408,1,7e-05,98.6,1.9499999,0.48999998
2018-08-01 08:00:00,1,294.2,399,8,5.8e-05,98.3,2,0.47
2018-08-01 14:00:00,1,298.5,410,372,0.000128,79.1,3.56,1.62
2018-08-01 20:00:00,1,296.2,403,423,9.3e-05,91.200005,2.1399999,0.5
2018-08-02 02:00:00,1,293.4,388,1,1.3e-05,99,1.73,0.71999997
2018-08-02 08:00:00,1,294,390,15,1.8e-05,97.8,1.29,0.57
2018-08-02 14:00:00,1,298.5,403,488,0.000136,84.8,3.33,0.42999998
2018-08-02 20:00:00,1,297,404,461,0.000154,88.3,2.79,0.03
2018-08-03 02:00:00,1,294.6,394,1,6e-06,96.3,2.34,0.56
2018-08-03 08:00:00,1,294,397,9,5.6e-05,97.700005,2.25,-0.58
2018-08-03 14:00:00,1,296.6,416,214,0.000121,91.6,3.7099998,0.62
2018-08-03 20:00:00,1,295.6,412,243,0.000112,95.700005,2.35,0.59999996
2018-08-04 02:00:00,1,292.9,382,1,1.8e-05,99,1.41,1.13
2018-08-04 08:00:00,1,293.30002,377,16,8e-06,95.700005,0.12,1.1899999
2018-08-04 14:00:00,1,301.5,384,669,9.1e-05,59.600002,1.4399999,1.12
2018-08-04 20:00:00,1,297.4,397,494,8.8e-05,81.5,1.38,0.12
2018-08-05 02:00:00,1,293.2,378,1,4e-06,96.700005,0.71,1.65
2018-08-05 08:00:00,1,294.1,375,16,3.6e-05,90.8,0.11,1.3399999
2018-08-05 14:00:00,1,303.5,395,632,8e-05,52.4,1.39,1.0799999
2018-08-05 20:00:00,1,296.80002,403,492,0.00028,93.200005,1.7099999,0.39999998
2018-08-06 02:00:00,1,293.4,382,1,0.00016,97.200005,0.59999996,1.76
2018-08-06 08:00:00,1,293.4,364,22,0,95.200005,-0.55,1.55
2018-08-06 14:00:00,1,304.4,395,666,5.8999998e-05,52.9,0.34,0.97999996
2018-08-06 20:00:00,1,298.80002,404,518,0.000125,78.700005,0.81,1.42
2018-08-07 02:00:00,1,294,379,1,0,92,0.24,2.1399999
2018-08-07 08:00:00,1,294.7,366,21,0,85,-0.22999999,1.88
2018-08-07 14:00:00,1,304.6,393,651,2e-06,45.9,-0.48,3.27
2018-08-07 20:00:00,1,299.9,412,490,6e-06,70.200005,0.71999997,1.8199999
2018-08-08 02:00:00,1,294.80002,383,1,0,86.200005,-0.19999999,2.1
2018-08-08 08:00:00,1,295.2,372,21,0,85.8,-0.26999998,2.3
2018-08-08 14:00:00,1,304.7,400,628,0,46,-2,4.16
2018-08-08 20:00:00,1,300.4,411,458,1e-06,62.100002,-1.29,3.87
2018-08-09 02:00:00,1,295.1,386,0,0,85.8,-0.96,2.35
2018-08-09 08:00:00,1,295.2,367,21,0,91,-1.65,1.37
2018-08-09 14:00:00,1,304.9,381,693,0,40.2,-2.04,-0.72999996
2018-08-09 20:00:00,1,298.9,392,540,0,72.3,0.03,-0.65
2018-08-10 02:00:00,1,291.2,368,1,0,92.4,-0.5,0.19
2018-08-10 08:00:00,1,295.2,359,20,0,82.3,-0.79999995,0.94
2018-08-10 14:00:00,1,309.4,385,696,0,34.2,-0.53999996,0.42999998
2018-08-10 20:00:00,1,300.2,405,534,0,65,-0.32,-0.51
2018-08-11 02:00:00,1,294.6,377,0,0,77.6,0.59999996,1.49
2018-08-11 08:00:00,1,296.2,367,21,0,79.1,-0.59,1.22
2018-08-11 14:00:00,1,309.6,396,690,0,32.7,1.16,0.75
2018-08-11 20:00:00,1,301.30002,429,482,0,64.3,1.31,0.84999996
2018-08-12 02:00:00,1,295.80002,393,0,1.7e-05,82.4,1.49,1.8499999
2018-08-12 08:00:00,1,295,375,19,0.000125,93.9,0.48999998,1.64
2018-08-12 14:00:00,1,307.1,399,680,4e-05,42.7,1.17,2.02
2018-08-12 20:00:00,1,298.80002,417,505,0.00014999999,84.8,0.55,1.9399999
2018-08-13 02:00:00,1,294.7,395,0,0.000264,95.1,0.55,1.7099999
2018-08-13 08:00:00,1,293.7,376,19,4e-05,97.3,-1.56,0.39999998
2018-08-13 14:00:00,1,300.9,384,635,1.4e-05,60.7,-1.22,-2.56
2018-08-13 20:00:00,1,297.30002,394,473,3.9e-05,77.5,0.64,-1.52
2018-08-14 02:00:00,1,291.4,374,0,7e-06,96.9,-0.11,-1.18
2018-08-14 08:00:00,1,292.30002,347,18,0,91.1,-0.95,-0.62
2018-08-14 14:00:00,1,301,370,648,1.9e-05,51.2,0.39999998,-1.77
2018-08-14 20:00:00,1,294.5,376,499,0.000239,87.5,0.13,-0.42
2018-08-15 02:00:00,1,289.6,356,0,2.4e-05,97.4,-0.08,-1.29
2018-08-15 08:00:00,1,291.2,341,17,0,95.9,-0.14,-0.14
2018-07-30 08:00:00,2,292.7,9.999e+20,9.999e+20,9.999e+20,97.6,-0.44,-1.13
2018-07-30 14:00:00,2,295.30002,411,111,7e-05,91.9,-0.42999998,-1.27
2018-07-30 20:00:00,2,295.6,395,442,0.000257,92.9,1.11,-0.88
2018-07-31 02:00:00,2,289.68,369,1,0.00057,99.700005,0.37,-0.42
2018-07-31 08:00:00,2,293.80002,396,5,3.3e-05,98.5,0.69,-1.1
2018-07-31 14:00:00,2,298,400,546,0.000327,90.4,3.1699998,-0.68
2018-07-31 20:00:00,2,295.7,403,357,0.000363,97.200005,2.24,-0.06
2018-08-01 02:00:00,2,294.2,409,1,1.4e-05,98.8,2.04,0.5
2018-08-01 08:00:00,2,293.9,389,12,0.000137,98.5,1.86,1.16
2018-08-01 14:00:00,2,298.4,396,460,0.000127,80.1,2.57,1.37
2018-08-01 20:00:00,2,296.5,406,369,7.1e-05,87.8,1.73,0.53
2018-08-02 02:00:00,2,293.5,392,1,1.4e-05,98.9,1.4599999,0.84999996
2018-08-02 08:00:00,2,294.4,397,11,1.8e-05,96.4,2.1,0.58
2018-08-02 14:00:00,2,298,415,385,0.000133,87.5,2.05,1.11
2018-08-02 20:00:00,2,296.2,413,373,0.000416,95.6,0.93,0.37
2018-08-03 02:00:00,2,293.30002,397,0,0.000455,98.1,1.14,0.45999998
2018-08-03 08:00:00,2,293.6,398,6,0.000292,99.3,1.4699999,-0.35
2018-08-03 14:00:00,2,294.6,405,151,0.000838,97.5,3.35,-1.4599999
2018-08-03 20:00:00,2,295,411,70,0.001801,95.9,4.0299997,2.47
2018-08-04 02:00:00,2,292.9,387,0,0.000251,99,0.56,1.75
2018-08-04 08:00:00,2,292.4,361,23,0,97.9,-0.55,1.81
2018-08-04 14:00:00,2,304.4,365,711,0,39.9,-0.81,1.28
2018-08-04 20:00:00,2,298.28,394,539,0,69.4,1.13,0.17999999
2018-08-05 02:00:00,2,293.19,388,0,0,82.1,-0.7,1.67
2018-08-05 08:00:00,2,293.1,373,8,9e-06,82.3,-1.1899999,1.25
2018-08-05 14:00:00,2,306.2,403,507,6e-06,43.600002,-0.099999994,-0.63
2018-08-05 20:00:00,2,298.47,405,508,3.6e-05,76.8,0.22999999,1.67
2018-08-06 02:00:00,2,294.1,379,1,1.3e-05,91,-0.90999997,1.7099999
2018-08-06 08:00:00,2,294.6,368,22,4e-06,89.200005,-0.96999997,1.55
2018-08-06 14:00:00,2,305.1,391,697,1.1e-05,44.8,-1.51,1.31
2018-08-06 20:00:00,2,299.1,422,417,2.3e-05,77,-0.049999997,1.62
2018-08-07 02:00:00,2,294.5,384,1,1.3e-05,91.1,-1.06,1.6899999
2018-08-07 08:00:00,2,294.80002,369,22,7e-06,90.8,-0.65,1.91
2018-08-07 14:00:00,2,304.4,394,687,1.8e-05,50.2,-1.1899999,2.9399998
2018-08-07 20:00:00,2,299.2,412,473,7.1e-05,79,-0.06,1.76
2018-08-08 02:00:00,2,294.4,383,1,2e-06,94.1,-0.26999998,2.05
2018-08-08 08:00:00,2,295.4,378,21,0,86.700005,-0.29,2.32
2018-08-08 14:00:00,2,304.4,398,674,1.5e-05,53.600002,-2.08,4.43
2018-08-08 20:00:00,2,298.80002,414,435,4.5e-05,70.700005,-1.22,3.1599998
2018-08-09 02:00:00,2,294.2,377,0,0,89.9,-1.1899999,2.12
2018-08-09 08:00:00,2,294,353,22,0,93.700005,-1.4599999,1.29
2018-08-09 14:00:00,2,303.6,364,709,0,38,-2.4099998,0.049999997
2018-08-09 20:00:00,2,297.7,381,543,0,74.700005,-0.06,-0.45999998
2018-08-10 02:00:00,2,290.80002,363,1,0,91.5,-0.77,0.29999998
2018-08-10 08:00:00,2,293.6,352,21,0,80.8,-0.57,1.37
2018-08-10 14:00:00,2,307.2,376,696,0,34.8,-1.3299999,0.24
2018-08-10 20:00:00,2,300.4,404,534,0,64.700005,-1.23,0.90999997
2018-08-11 02:00:00,2,295.4,382,0,0,81.6,-1.22,1.51
2018-08-11 08:00:00,2,295.30002,373,19,0,86.3,-1.1899999,1.3399999
2018-08-11 14:00:00,2,308.30002,400,678,0,38.600002,-1.8399999,-0.06
2018-08-11 20:00:00,2,300,429,389,0,79.700005,-1.66,0.28
2018-08-12 02:00:00,2,292.9,389,0,0,96.9,0.19999999,-0.9
2018-08-12 08:00:00,2,294.7,373,19,3.6e-05,94.6,0.51,-0.28
2018-08-12 14:00:00,2,301.7,399,611,5.3e-05,69.3,1.0699999,-0.88
2018-08-12 20:00:00,2,297.80002,406,501,0.000164,90.1,0.32,-1.1999999
2018-08-13 02:00:00,2,292.9,383,0,0.00028,97.200005,1.06,-0.64
2018-08-13 08:00:00,2,294,373,18,1e-05,96.5,0.96999997,-0.04
2018-08-13 14:00:00,2,302.6,402,603,3.8e-05,64,1.9399999,-0.25
2018-08-13 20:00:00,2,297.2,405,499,0.000234,94.4,0.97999996,0.19
2018-08-14 02:00:00,2,294.30002,393,0,2.4e-05,97.700005,1.05,0.82
2018-08-14 08:00:00,2,295.2,384,15,7e-06,96,0.17999999,0.69
2018-08-14 14:00:00,2,302.1,407,555,7.7e-05,68.3,1.24,0.049999997
2018-08-14 20:00:00,2,295.6,415,218,0.000574,96.9,-0.25,-1.0699999
2018-08-15 02:00:00,2,294.2,400,0,7.3e-05,99,-0.98999995,-0.96
2018-08-15 08:00:00,2,293.6,391,13,3e-06,98.6,-1.5999999,-0.72999996
2018-07-30 08:00:00,3,292.4,9.999e+20,9.999e+20,9.999e+20,98.3,-0.16,-1
2018-07-30 14:00:00,3,296.5,415,149,8.1e-05,86.6,0.19,-1.01
2018-07-30 20:00:00,3,296.29,409,374,0.000105,89.200005,1.25,-0.68
2018-07-31 02:00:00,3,290.1,371,1,0.000209,98.5,0.87,-0.14
2018-07-31 08:00:00,3,294,381,14,5e-06,97.5,0.71,-0.83
2018-07-31 14:00:00,3,297.2,402,485,0.000249,92.3,2.9199998,-0.48
2018-07-31 20:00:00,3,295.44,407,194,0.000312,97.9,2.1399999,0.049999997
2018-08-01 02:00:00,3,294,409,1,4.8e-05,98.5,2.28,0.29999998
2018-08-01 08:00:00,3,293.6,398,8,3e-05,97.9,2.31,1.04
2018-08-01 14:00:00,3,297.30002,410,323,0.000124,87.8,2.6,1.54
2018-08-01 20:00:00,3,296.1,404,242,0.000123,92.3,2.23,0.48999998
2018-08-02 02:00:00,3,293.30002,399,1,0.000215,98.4,1.55,0.26
2018-08-02 08:00:00,3,293.7,392,10,0.00029,98.8,1.67,0.74
2018-08-02 14:00:00,3,297.80002,419,330,0.000109,86.6,3.1599998,0.62
2018-08-02 20:00:00,3,296.4,407,397,0.000164,94.200005,2.52,-0.12
2018-08-03 02:00:00,3,294.30002,396,1,3.8e-05,98.3,2.78,0.42999998
2018-08-03 08:00:00,3,293.6,401,10,7.2e-05,98.700005,2.04,0.049999997
2018-08-03 14:00:00,3,297.4,415,197,6.2e-05,86.700005,4.04,0.69
2018-08-03 20:00:00,3,296.30002,408,309,0.000113,94,2.01,0.71999997
2018-08-04 02:00:00,3,293.30002,384,1,1.1e-05,98.8,0.77,1.43
2018-08-04 08:00:00,3,293.9,383,14,7e-06,95.3,0.089999996,1
2018-08-04 14:00:00,3,299.1,397,481,0.000145,76.9,0.65999997,0.62
2018-08-04 20:00:00,3,295.7,406,342,0.000591,96.1,0.58,-0.7
2018-08-05 02:00:00,3,293.6,394,0,0.000242,98.4,1.3299999,0.78999996
2018-08-05 08:00:00,3,294.1,387,11,3.7e-05,97.1,-0.22,1.27
2018-08-05 14:00:00,3,301.4,405,309,9.5e-05,60.5,1.0799999,1.04
2018-08-05 20:00:00,3,297.1,400,498,0.000154,91.700005,1.5,0.77
2018-08-06 02:00:00,3,293,376,1,1e-06,97.4,0.11,1.88
2018-08-06 08:00:00,3,293.1,361,22,0,95.6,-1.27,1.29
2018-08-06 14:00:00,3,306.5,390,679,1e-06,46.3,0.87,0.48
2018-08-06 20:00:00,3,298.9,412,473,5.4e-05,77.3,1.56,1
2018-08-07 02:00:00,3,294.2,381,1,0,90.5,0.21,2.09
2018-08-07 08:00:00,3,294.6,368,22,0,84.700005,-0.03,2.3
2018-08-07 14:00:00,3,305,390,690,1e-06,44.600002,0.56,4.17
2018-08-07 20:00:00,3,300.4,410,511,0,67.8,1.41,1.67
2018-08-08 02:00:00,3,295.4,390,1,0,85.700005,0.62,2.1599998
2018-08-08 08:00:00,3,295,386,14,2.4e-05,88.5,0.48,2.1
2018-08-08 14:00:00,3,301.80002,404,447,2.3e-05,57.8,-1.02,3.22
2018-08-08 20:00:00,3,296.2,396,472,0.000204,89.3,-0.34,1.43
2018-08-09 02:00:00,3,290.7,357,1,2.1e-05,96.3,-1.4599999,0.89
2018-08-09 08:00:00,3,290,340,21,0,95.8,-1.6999999,0.12
2018-08-09 14:00:00,3,301.6,360,663,5e-06,49,-0.03,-0.90999997
2018-08-09 20:00:00,3,295.9,384,405,2e-06,71,1.13,-0.81
2018-08-10 02:00:00,3,290.30002,349,1,0,93.8,0.94,1.14
2018-08-10 08:00:00,3,291.80002,342,21,0,86.8,0.19999999,1.62
2018-08-10 14:00:00,3,303.2,354,707,0,32.600002,-1.54,1.9499999
2018-08-10 20:00:00,3,297.4,369,545,0,61.3,-1.8,1.01
2018-08-11 02:00:00,3,291.4,348,0,0,81.1,-1.3,1.3199999
2018-08-11 08:00:00,3,292.4,342,21,0,83.700005,-1.27,0.95
2018-08-11 14:00:00,3,306.5,374,693,0,37.600002,0.48999998,-0.85999995
2018-08-11 20:00:00,3,298.7,396,529,0,62.4,1.51,-0.22999999
2018-08-12 02:00:00,3,294.4,374,0,0,67.5,0.62,1.79
2018-08-12 08:00:00,3,294.5,364,20,0,74.200005,-0.14999999,1.66
2018-08-12 14:00:00,3,306.9,385,688,0,33.9,1.29,2.06
2018-08-12 20:00:00,3,300.4,405,526,0,62.100002,0.39,1.3199999
2018-08-13 02:00:00,3,295.1,378,0,0,72.8,-0.38,2.04
2018-08-13 08:00:00,3,295.1,369,20,0,74.8,-0.78,2.05
2018-08-13 14:00:00,3,308.1,402,682,0,40.5,-3.1899998,2.44
2018-08-13 20:00:00,3,301.4,430,496,2.5e-05,69.200005,-1.77,0.19
2018-08-14 02:00:00,3,294.5,403,0,8.3e-05,94.9,-0.32999998,0.38
2018-08-14 08:00:00,3,295.9,378,19,0,93.5,-0.51,1.3
2018-08-14 14:00:00,3,308.7,392,691,0,30.6,-2.3999999,2.24
2018-08-14 20:00:00,3,301.9,405,527,0,55,-1.78,1.56
2018-08-15 02:00:00,3,296.30002,382,0,0,75.4,-1.24,1.49
2018-08-15 08:00:00,3,296,370,18,0,80.5,-0.88,1.64
2018-07-30 08:00:00,4,293.2,9.999e+20,9.999e+20,9.999e+20,98,0.13,-0.69
2018-07-30 14:00:00,4,296.9,415,161,4.2e-05,85,0.52,-0.96
2018-07-30 20:00:00,4,296,396,460,0.000209,93.6,1.67,-0.12
2018-07-31 02:00:00,4,292.47998,374,1,0.000191,99,1.22,0.29
2018-07-31 08:00:00,4,294.2,407,8,1.4e-05,97.8,1.2099999,-0.42
2018-07-31 14:00:00,4,298.1,414,374,0.000169,90.1,3.31,0.19
2018-07-31 20:00:00,4,295.6,408,381,0.000332,97,2.24,0.13
2018-08-01 02:00:00,4,293.6,396,1,3.6e-05,98.4,2.32,0.45999998
2018-08-01 08:00:00,4,293.80002,396,7,1e-04,98.4,2.4099998,0.68
2018-08-01 14:00:00,4,297.1,407,265,0.00017099999,87.8,3.73,1.42
2018-08-01 20:00:00,4,295.80002,407,326,0.000146,94.8,1.99,0.52
2018-08-02 02:00:00,4,294,403,0,0.00023,99.200005,1.79,0.28
2018-08-02 08:00:00,4,293.6,402,5,0.000538,99,2.25,-0.11
2018-08-02 14:00:00,4,296.7,410,274,0.000523,92.8,3.6399999,1.2099999
2018-08-02 20:00:00,4,294.9,408,216,0.000307,97.5,1.31,1.15
2018-08-03 02:00:00,4,292.30002,386,1,3.1e-05,98.6,0.69,1.1999999
2018-08-03 08:00:00,4,292.2,391,2,0.000534,97.200005,0.88,0.45
2018-08-03 14:00:00,4,294.7,398,221,0.000231,95.4,1.9699999,-0.66999996
2018-08-03 20:00:00,4,294.1,398,180,0.00040699998,97.6,1.26,0.08
2018-08-04 02:00:00,4,291.7,376,1,9e-05,99.1,0.84,1.06
2018-08-04 08:00:00,4,292.30002,358,22,0,96.6,-0.66999996,1.18
2018-08-04 14:00:00,4,304.6,379,672,0,46,1.13,0.26999998
2018-08-04 20:00:00,4,297.4,400,502,4.3e-05,78.700005,1.99,0.089999996
2018-08-05 02:00:00,4,292.6,371,1,4.7e-05,96,0.90999997,1.64
2018-08-05 08:00:00,4,293.9,362,22,0,92.3,0.12,1.3199999
2018-08-05 14:00:00,4,302.6,386,694,4e-05,59.600002,1.75,0.74
2018-08-05 20:00:00,4,297.5,400,531,0.000154,87.200005,1.76,0.16
2018-08-06 02:00:00,4,293.30002,377,1,7e-06,97.200005,0.77,1.76
2018-08-06 08:00:00,4,293.9,368,22,2e-06,94.6,0.62,1.77
2018-08-06 14:00:00,4,305.4,389,691,2e-06,42.9,0.22999999,1.8299999
2018-08-06 20:00:00,4,297.5,413,476,6.1e-05,83.1,1.91,1.43
2018-08-07 02:00:00,4,293.2,374,1,2.3e-05,94.4,0.089999996,2
2018-08-07 08:00:00,4,294.2,368,21,2e-06,92.8,-0.35999998,1.6999999
2018-08-07 14:00:00,4,303.80002,391,675,1.1e-05,49.4,-0.87,2.9399998
2018-08-07 20:00:00,4,298.80002,408,483,3.5e-05,74.9,-0.51,1.49
2018-08-08 02:00:00,4,294.2,393,1,8e-06,87.9,-0.29999998,1.79
2018-08-08 08:00:00,4,294.1,377,19,5e-06,92.6,-0.87,1.9399999
2018-08-08 14:00:00,4,304.9,378,693,0,37.5,-2.58,0.39
2018-08-08 20:00:00,4,299.1,387,543,0,62.4,-2.01,0.7
2018-08-09 02:00:00,4,293.30002,362,1,0,79,-1.43,1.24
2018-08-09 08:00:00,4,294.1,353,21,0,79.5,-1.12,1.23
2018-08-09 14:00:00,4,306.30002,385,692,0,36.7,-2.04,0.84999996
2018-08-09 20:00:00,4,299.7,417,439,4e-06,71.5,-1.4,1.16
2018-08-10 02:00:00,4,294.80002,396,0,0.000119,91.4,-1.23,1.5699999
2018-08-10 08:00:00,4,295.30002,390,16,1e-06,93.3,-0.78999996,1.6999999
2018-08-10 14:00:00,4,306.6,410,612,0,44.7,-2.62,2.6399999
2018-08-10 20:00:00,4,302.1,427,458,0,65.3,-1.43,1.5899999
2018-08-11 02:00:00,4,297.30002,400,0,0,75.6,-0.91999996,2.02
2018-08-11 08:00:00,4,296.5,381,20,0,84.9,-0.71999997,2.1
2018-08-11 14:00:00,4,306.5,400,684,0,39.8,-2.96,2.69
2018-08-11 20:00:00,4,300.6,410,513,0,64.8,-1.14,2.75
2018-08-12 02:00:00,4,295.1,377,0,0,87.5,-0.56,2.1
2018-08-12 08:00:00,4,295,360,20,0,86.3,-1.28,2.33
2018-08-12 14:00:00,4,304.7,361,708,0,27.9,-3.4099998,3.04
2018-08-12 20:00:00,4,297.7,372,543,0,64.700005,-1.03,0.089999996
2018-08-13 02:00:00,4,292.5,367,0,0.000135,89,0.81,1.8
2018-08-13 08:00:00,4,293.80002,369,14,2.3e-05,95,-0.63,1.5799999
2018-08-13 14:00:00,4,305.80002,399,571,3e-06,40.2,1.27,4.27
2018-08-13 20:00:00,4,300.30002,406,516,3.3e-05,62.4,0.04,2.82
2018-08-14 02:00:00,4,293.6,376,0,0,87.6,-0.58,1.91
2018-08-14 08:00:00,4,294,358,19,0,87.6,-0.53,1.8399999
2018-08-14 14:00:00,4,303.6,378,688,0,40.9,-2.22,4.04
2018-08-14 20:00:00,4,296.9,373,531,0,54.7,-2.47,2.04
2018-08-15 02:00:00,4,288.30002,322,0,0,73.5,-1.38,1.4599999
2018-08-15 08:00:00,4,287.2,297,20,0,81.4,-1.16,1.12
2018-07-30 08:00:00,5,293.2,9.999e+20,9.999e+20,9.999e+20,98.3,0.47,-0.97999996
2018-07-30 14:00:00,5,297.9,409,239,1e-04,85.6,0.35999998,-0.89
2018-07-30 20:00:00,5,296.08,395,510,0.00029,92.8,1.15,-0.64
2018-07-31 02:00:00,5,290.63998,370,1,0.000594,99.3,0.84,-0.34
2018-07-31 08:00:00,5,294.2,403,5,3.7e-05,98.200005,0.95,-0.84999996
2018-07-31 14:00:00,5,297.30002,408,405,0.00034199998,92.4,2.6699998,-0.37
2018-07-31 20:00:00,5,295.5,405,250,0.000361,97.5,2.08,-0.12
2018-08-01 02:00:00,5,293.80002,410,1,5.3e-05,99,1.63,0.19999999
2018-08-01 08:00:00,5,294,398,7,3e-05,98,2.22,0.77
2018-08-01 14:00:00,5,298.30002,411,318,0.000112,79,3.62,1.42
2018-08-01 20:00:00,5,295.7,406,346,0.000165,95.5,2.49,0.35999998
2018-08-02 02:00:00,5,293.1,381,1,1.2e-05,98.8,1.9699999,0.58
2018-08-02 08:00:00,5,293.6,382,15,2.6e-05,97.3,0.7,1.11
2018-08-02 14:00:00,5,299.1,397,597,0.000158,83.8,2.75,0.7
2018-08-02 20:00:00,5,295.80002,404,442,0.000438,96,2.2,0.29999998
2018-08-03 02:00:00,5,293.7,397,1,0.000247,98.8,1.74,0.96
2018-08-03 08:00:00,5,293.9,393,11,8.7e-05,98.700005,1.8,0.35
2018-08-03 14:00:00,5,299,409,380,6.1e-05,76.700005,3.6999998,0.66999996
2018-08-03 20:00:00,5,296,403,410,0.000202,96.8,1.87,0.48999998
2018-08-04 02:00:00,5,294.1,404,1,9.9e-05,99.200005,1.11,0.9
2018-08-04 08:00:00,5,294,401,12,3.9e-05,97.8,0.64,1
2018-08-04 14:00:00,5,296.80002,405,251,0.000349,93,0.45999998,0.37
2018-08-04 20:00:00,5,295.2,410,121,0.000388,97.700005,0.78,0.19
2018-08-05 02:00:00,5,294.08,402,0,2.4e-05,98.8,0.62,1.2099999
2018-08-05 08:00:00,5,293.9,396,4,9.1e-05,98.1,-0.049999997,1.22
2018-08-05 14:00:00,5,296.32,408,95,0.000299,93.8,-0.14,0.91999996
2018-08-05 20:00:00,5,296.19998,402,347,0.000105,90.5,1.3399999,0.32999998
2018-08-06 02:00:00,5,292.47998,371,1,0,97.5,-0.29999998,1.76
2018-08-06 08:00:00,5,293.2,361,22,0,96.200005,-0.93,1.28
2018-08-06 14:00:00,5,304.30002,388,677,4.9e-05,54.7,-1.0699999,0.32
2018-08-06 20:00:00,5,297.80002,407,495,0.000431,85.9,0.90999997,1.03
2018-08-07 02:00:00,5,293.6,381,1,0.000107,92.9,0.17,1.86
2018-08-07 08:00:00,5,293.9,367,22,0,93.9,-0.63,1.74
2018-08-07 14:00:00,5,304.7,394,673,1.1e-05,44.600002,1.25,2.1299999
2018-08-07 20:00:00,5,298,402,523,0.000177,84.700005,1.61,0.88
2018-08-08 02:00:00,5,293.2,375,1,1.9e-05,96.200005,1.24,1.73
2018-08-08 08:00:00,5,293.7,369,20,0,95.700005,0.66999996,1.91
2018-08-08 14:00:00,5,300.5,395,646,8.5e-05,82.9,0.45999998,2.58
2018-08-08 20:00:00,5,296.1,395,363,0.000132,89.5,-0.21,1.6999999
2018-08-09 02:00:00,5,290.80002,357,1,5e-06,97,-0.84,1.61
2018-08-09 08:00:00,5,290.2,329,22,0,94.5,-0.89,1.53
2018-08-09 14:00:00,5,302.2,347,711,0,38.600002,-1.55,1.4399999
2018-08-09 20:00:00,5,296.5,370,541,7e-06,68.9,-1.16,1.86
2018-08-10 02:00:00,5,290,346,1,2.4e-05,93.8,-1.11,1.5799999
2018-08-10 08:00:00,5,289.9,327,21,0,94.200005,-0.72999996,1.5
2018-08-10 14:00:00,5,301.4,349,705,0,40.7,-1.49,2.34
2018-08-10 20:00:00,5,296.2,369,542,0,66.700005,-1.11,1.09
2018-08-11 02:00:00,5,290.30002,345,0,0,75.9,-1.15,1.28
2018-08-11 08:00:00,5,291.80002,334,21,0,78.700005,-0.65999997,1.13
2018-08-11 14:00:00,5,302.30002,367,653,0,39.3,1.8,0.79999995
2018-08-11 20:00:00,5,295.80002,391,408,7.6e-05,78.700005,1.18,0.61
2018-08-12 02:00:00,5,288.7,358,0,2e-06,93.200005,0.37,0.48
2018-08-12 08:00:00,5,293.80002,347,20,5e-05,88.4,-0.90999997,0.14999999
2018-08-12 14:00:00,5,303.9,371,688,7.9e-05,49.2,0.44,-0.44
2018-08-12 20:00:00,5,295.1,379,516,0.00018,88.1,0.84999996,0.02
2018-08-13 02:00:00,5,290.80002,359,0,3.2e-05,95.200005,-0.48999998,1.22
2018-08-13 08:00:00,5,292.2,348,20,0,94,-0.76,1.27
2018-08-13 14:00:00,5,304.9,370,679,0,39.2,-0.29,1.03
2018-08-13 20:00:00,5,296.80002,415,309,1.3e-05,75.700005,0.35999998,1.74
2018-08-14 02:00:00,5,291.80002,366,0,2e-06,89.700005,-0.5,1.68
2018-08-14 08:00:00,5,292,351,19,0,89.700005,-0.77,1.55
2018-08-14 14:00:00,5,303.7,374,666,3e-06,40.8,-0.53,2.19
2018-08-14 20:00:00,5,297.30002,395,456,1.9e-05,72.5,-0.95,2.21
2018-08-15 02:00:00,5,291.4,359,0,1e-06,95.200005,-0.79999995,1.73
2018-08-15 08:00:00,5,291.7,345,18,0,93.8,-0.91999996,1.48
2018-07-30 08:00:00,6,292.6,9.999e+20,9.999e+20,9.999e+20,98.200005,0.31,-0.93
2018-07-30 14:00:00,6,295.6,413,110,0.000131,91.1,0.17,-0.81
2018-07-30 20:00:00,6,295.99,406,395,0.000218,91.9,1.3399999,-0.71
2018-07-31 02:00:00,6,290.32,370,1,0.000545,99.200005,0.84999996,-0.08
2018-07-31 08:00:00,6,294.2,400,8,2e-05,98,1.0699999,-0.65999997
2018-07-31 14:00:00,6,297.4,403,382,0.000264,91.9,2.98,-0.69
2018-07-31 20:00:00,6,295.9,408,233,0.000381,97.700005,1.9799999,-0.16
2018-08-01 02:00:00,6,294.1,406,1,2.8e-05,98.8,2.09,0.72999996
2018-08-01 08:00:00,6,294.1,399,7,5.1e-05,98.6,2.3,0.39999998
2018-08-01 14:00:00,6,299.30002,408,442,7.6e-05,74.200005,3.58,1.8399999
2018-08-01 20:00:00,6,296.7,412,307,8.6e-05,87.6,2.21,0.58
2018-08-02 02:00:00,6,294,398,1,4.7e-05,99.3,1.74,0.51
2018-08-02 08:00:00,6,293.9,406,4,0.000164,98.9,1.27,0.26
2018-08-02 14:00:00,6,298.2,404,373,0.000225,85.700005,2.05,0.049999997
2018-08-02 20:00:00,6,295.80002,406,403,0.000376,96.5,1.7199999,-0.24
2018-08-03 02:00:00,6,293.5,393,1,0.000131,99.3,1.9,-0.22999999
2018-08-03 08:00:00,6,293.6,395,6,0.000184,98.4,3.1299999,-1.06
2018-08-03 14:00:00,6,297.9,413,238,0.000124,83.200005,3.55,1.67
2018-08-03 20:00:00,6,296.30002,410,275,8.7e-05,94.1,1.67,0.22999999
2018-08-04 02:00:00,6,293,385,1,3.6e-05,98.9,0.9,1.4499999
2018-08-04 08:00:00,6,293.6,382,15,1e-05,93.9,-0.089999996,1.0799999
2018-08-04 14:00:00,6,302.9,383,675,8.3e-05,49.7,1.54,0.47
2018-08-04 20:00:00,6,296.80002,402,470,0.000117,86,1.25,0.5
2018-08-05 02:00:00,6,292.9,374,1,0.000149,95.6,0.97999996,1.53
2018-08-05 08:00:00,6,294.1,374,15,2e-06,94.200005,0.099999994,1.3
2018-08-05 14:00:00,6,301.80002,395,642,0.000119,63.9,1.1899999,0.52
2018-08-05 20:00:00,6,297.30002,413,393,0.000254,86.9,1.27,0.65
2018-08-06 02:00:00,6,293.2,387,0,6e-06,95.6,-0.03,1.7199999
2018-08-06 08:00:00,6,294.30002,378,18,2e-06,93.8,-0.34,1.55
2018-08-06 14:00:00,6,304.1,396,677,7e-05,57.7,-0.28,0.87
2018-08-06 20:00:00,6,297.80002,408,462,0.000207,87.3,0.81,1.61
2018-08-07 02:00:00,6,293.30002,375,1,8e-06,92.9,-0.7,2.05
2018-08-07 08:00:00,6,293.80002,361,23,0,90.700005,-1.11,1.75
2018-08-07 14:00:00,6,307,385,698,0,39,-0.38,1.25
2018-08-07 20:00:00,6,299.80002,405,529,3e-06,70.4,-0.76,1.4499999
2018-08-08 02:00:00,6,294.9,382,1,0,85.3,-1.1,1.51
2018-08-08 08:00:00,6,295.2,370,21,1e-06,88,-0.9,1.43
2018-08-08 14:00:00,6,306.5,396,663,1e-06,42.7,-1.0699999,0.66999996
2018-08-08 20:00:00,6,299.5,416,483,8.9e-05,74.3,-0.32999998,1.35
2018-08-09 02:00:00,6,294.9,385,1,0,82.700005,-0.76,1.5799999
2018-08-09 08:00:00,6,295.4,375,21,1.2e-05,87.3,-1.04,1.2099999
2018-08-09 14:00:00,6,307.6,396,687,6e-06,38.4,-0.77,-1.14
2018-08-09 20:00:00,6,300.5,427,386,0,75.200005,0.48999998,0.12
2018-08-10 02:00:00,6,294,392,0,2.3e-05,85.1,-0.41,0.98999995
2018-08-10 08:00:00,6,296,376,20,1e-05,87.8,-0.89,1.11
2018-08-10 14:00:00,6,309.30002,401,686,1e-06,37.9,-0.56,0.58
2018-08-10 20:00:00,6,300.6,429,413,3.8e-05,76,0.84999996,0.19999999
2018-08-11 02:00:00,6,294.30002,385,0,7.9e-05,90.3,0.90999997,1.8399999
2018-08-11 08:00:00,6,295.4,373,20,0,90.200005,-0.7,1.29
2018-08-11 14:00:00,6,306.30002,395,683,8.7e-05,42.7,1.8399999,0.35
2018-08-11 20:00:00,6,298.4,404,522,0.000184,84.6,1.06,1.52
2018-08-12 02:00:00,6,294,379,0,1e-06,95.3,1.02,1.8199999
2018-08-12 08:00:00,6,294,366,18,0,95.4,0.14,1.5799999
2018-08-12 14:00:00,6,302.4,388,655,0.000107,58.2,1.06,2.21
2018-08-12 20:00:00,6,296.7,404,443,0.000168,90.3,-0.63,1.17
2018-08-13 02:00:00,6,293.4,394,0,0.000386,97.3,-1.01,1.17
2018-08-13 08:00:00,6,291.80002,370,14,0.000172,97.700005,-1.8499999,0.17
2018-08-13 14:00:00,6,300.5,372,638,3e-06,51.3,-0.34,-2.45
2018-08-13 20:00:00,6,295.2,378,508,7.4e-05,80.4,0.65,-1.55
2018-08-14 02:00:00,6,290.1,366,0,5e-06,97.4,0.29,-1.1
2018-08-14 08:00:00,6,290.6,334,19,0,90.6,-0.66999996,-0.13
2018-08-14 14:00:00,6,300.80002,352,687,3e-06,44.9,1.3399999,-1.4
2018-08-14 20:00:00,6,294.6,376,488,3.9e-05,77.4,1.06,-1.02
2018-08-15 02:00:00,6,290.9,386,0,3e-06,84.6,0.5,-1.04
2018-08-15 08:00:00,6,290.80002,341,19,0,82.9,-0.03,-0.29
2018-07-30 08:00:00,7,293.6,9.999e+20,9.999e+20,9.999e+20,97.3,0.06,-0.65999997
2018-07-30 14:00:00,7,298.30002,415,213,8.8e-05,83,0.35999998,-0.11
2018-07-30 20:00:00,7,296.30002,397,499,0.000233,93.200005,1.43,-0.26999998
2018-07-31 02:00:00,7,292.5,373,1,0.000328,98.6,1.36,0.37
2018-07-31 08:00:00,7,294.5,400,10,1.1e-05,97.3,0.87,-0.48
2018-07-31 14:00:00,7,297.30002,406,374,0.000273,92.5,2.6499999,-0.42
2018-07-31 20:00:00,7,295.7,407,246,0.000391,97.700005,2.05,0.32999998
2018-08-01 02:00:00,7,294.30002,409,1,3.2e-05,98.8,1.76,0.11
2018-08-01 08:00:00,7,294.6,415,8,1.8e-05,98.4,2.04,0.45999998
2018-08-01 14:00:00,7,297.9,407,324,0.000195,85.5,3.52,1.48
2018-08-01 20:00:00,7,296.9,409,381,4e-05,83.6,2.49,0.42999998
2018-08-02 02:00:00,7,293.7,393,1,1.4e-05,98.9,1.74,0.83
2018-08-02 08:00:00,7,294.1,396,11,1.7e-05,96.4,1.8,0.64
2018-08-02 14:00:00,7,299.9,400,571,9.8e-05,75.6,3.1599998,0.84999996
2018-08-02 20:00:00,7,296.7,401,496,0.000232,93.3,1.8,0.01
2018-08-03 02:00:00,7,293.6,383,1,2.4e-05,99.200005,1.62,0.29
2018-08-03 08:00:00,7,293.6,392,9,6.2e-05,98.700005,2.1699998,-0.59999996
2018-08-03 14:00:00,7,297.2,419,154,5.6e-05,87.700005,3.3799999,0.9
2018-08-03 20:00:00,7,296.2,407,404,0.000132,94,1.6999999,0.57
2018-08-04 02:00:00,7,293.9,399,1,4.3e-05,99.1,1.4399999,0.68
2018-08-04 08:00:00,7,293.4,403,2,0.000258,99.200005,1.4399999,0.51
2018-08-04 14:00:00,7,297,402,269,0.000183,86.4,1.87,-0.01
2018-08-04 20:00:00,7,295,402,295,0.00018,97.4,1.15,-0.07
2018-08-05 02:00:00,7,291.80002,372,1,3.2e-05,98.4,1.06,0.78
2018-08-05 08:00:00,7,293.4,362,22,0,95.700005,-0.16,0.68
2018-08-05 14:00:00,7,300.2,400,586,4.3e-05,68.700005,1.62,-0.01
2018-08-05 20:00:00,7,296.6,398,494,0.000105,92.3,1.76,0.17
2018-08-06 02:00:00,7,292.7,373,1,6e-06,98,0.69,1.53
2018-08-06 08:00:00,7,293.9,364,22,8e-06,94.5,0.07,1.23
2018-08-06 14:00:00,7,305.30002,389,693,1.9e-05,49.3,0.90999997,-0.22999999
2018-08-06 20:00:00,7,298.4,404,527,7e-05,82.700005,1.88,0.66999996
2018-08-07 02:00:00,7,293.2,379,1,1.8e-05,94.5,-0.24,1.99
2018-08-07 08:00:00,7,293.30002,361,22,0,85.700005,-1.23,1.9499999
2018-08-07 14:00:00,7,306.2,383,696,0,36.3,-0.96999997,1.8499999
2018-08-07 20:00:00,7,299.3,408,478,6e-06,70.6,-0.81,1.54
2018-08-08 02:00:00,7,293.80002,376,1,4e-06,92,-0.71999997,1.67
2018-08-08 08:00:00,7,294.4,364,21,0,91.9,-0.65,1.55
2018-08-08 14:00:00,7,306.2,389,687,3e-06,41.100002,0.89,1.53
2018-08-08 20:00:00,7,298.6,404,513,0.000115,81.5,-0.32999998,1.28
2018-08-09 02:00:00,7,293.80002,379,1,2e-06,93.5,-0.37,1.5799999
2018-08-09 08:00:00,7,294.1,367,20,0,91,-0.91999996,1.4699999
2018-08-09 14:00:00,7,303.30002,388,681,3.1e-05,53.3,1.29,1.52
2018-08-09 20:00:00,7,298.4,414,429,3.3e-05,78,0.29999998,1.74
2018-08-10 02:00:00,7,294.30002,401,0,9e-06,91.5,0.71,1.56
2018-08-10 08:00:00,7,294.30002,384,15,9.6e-05,95.6,0.32999998,1.43
2018-08-10 14:00:00,7,299.4,407,370,8.8e-05,79.200005,0.48,2.1699998
2018-08-10 20:00:00,7,298,417,301,4.7e-05,87.200005,0.66999996,1.73
2018-08-11 02:00:00,7,294.2,398,0,0.000131,98,-1.18,0.29
2018-08-11 08:00:00,7,294,400,4,0.000526,99.200005,-0.72999996,-1.49
2018-08-11 14:00:00,7,296.6,414,208,0.000592,95.8,-1.55,-1.8499999
2018-08-11 20:00:00,7,295.4,417,263,0.000225,96.6,-1.64,-2.25
2018-08-12 02:00:00,7,293.4,410,0,0.000235,98.200005,-2.19,-2.09
2018-08-12 08:00:00,7,292.5,403,8,3.5e-05,98.3,-1.8,-1.79
2018-08-12 14:00:00,7,297.2,408,333,2.1e-05,76.4,-0.59,-1.92
2018-08-12 20:00:00,7,295.6,412,274,1e-05,87.5,-0.17,-1.28
2018-08-13 02:00:00,7,291.1,384,0,5e-06,97.700005,-0.56,-0.51
2018-08-13 08:00:00,7,293.4,373,15,1e-06,91.1,-0.9,-0.35999998
2018-08-13 14:00:00,7,302.7,390,595,2e-06,54.5,1.12,-0.84
2018-08-13 20:00:00,7,297.80002,410,424,1.2e-05,81.9,1.38,-0.66999996
2018-08-14 02:00:00,7,291.2,384,0,5e-06,99.1,-0.47,0.38
2018-08-14 08:00:00,7,295,368,18,0,94.4,-0.87,0.25
2018-08-14 14:00:00,7,304.7,390,670,0,44.4,-0.26999998,-1.93
2018-08-14 20:00:00,7,298.6,399,515,5e-06,79.4,1.86,-1.01
2018-08-15 02:00:00,7,292.5,386,0,3e-06,98.5,0.01,-0.19
2018-08-15 08:00:00,7,295.30002,375,17,2e-06,93.5,-0.68,-0.47
2018-07-30 08:00:00,8,293,9.999e+20,9.999e+20,9.999e+20,97.700005,-1.01,-1.03
2018-07-30 14:00:00,8,297.2,413,175,5.1e-05,82.9,-0.42,-0.77
2018-07-30 20:00:00,8,296,408,338,0.000148,91.9,1.1,-0.68
2018-07-31 02:00:00,8,290.58,371,1,0.000464,99.200005,0.53999996,-0.81
2018-07-31 08:00:00,8,294.30002,396,12,2.9e-05,97.4,0.52,-0.96
2018-07-31 14:00:00,8,297.6,399,550,0.000394,92.3,2.58,-0.84999996
2018-07-31 20:00:00,8,295.5,410,149,0.000675,98.1,2.03,0.31
2018-08-01 02:00:00,8,294.1,405,1,4.8e-05,98.9,2,0.07
2018-08-01 08:00:00,8,294.1,400,12,1.6e-05,98.200005,1.9799999,0.85999995
2018-08-01 14:00:00,8,299.5,401,558,9.1e-05,74.9,3.62,1.8499999
2018-08-01 20:00:00,8,296.5,410,335,5.8e-05,87.3,2.46,0.85999995
2018-08-02 02:00:00,8,293.30002,387,1,4e-06,99,1.93,0.94
2018-08-02 08:00:00,8,293.4,377,22,2.7e-05,94.9,0.96999997,1.38
2018-08-02 14:00:00,8,301.2,391,634,6.7e-05,63,2.62,0.97999996
2018-08-02 20:00:00,8,296.30002,409,432,0.000253,93,1.7099999,0.04
2018-08-03 02:00:00,8,293.6,385,1,0.00014999999,99.200005,1.6999999,0.26999998
2018-08-03 08:00:00,8,294.30002,399,9,2.9e-05,97.9,1.5899999,0.35999998
2018-08-03 14:00:00,8,300.2,401,530,6.3e-05,66.6,3.1399999,0.66999996
2018-08-03 20:00:00,8,296.1,406,406,0.00014999999,95.1,1.73,-0.13
2018-08-04 02:00:00,8,293.7,392,1,6.2e-05,99,1.99,0.22
2018-08-04 08:00:00,8,293.6,400,4,0.00023,99.1,2.1,-0.47
2018-08-04 14:00:00,8,296.6,410,209,0.000185,92.200005,3.02,0.35
2018-08-04 20:00:00,8,295.5,414,187,9.2e-05,97.8,2.28,0.5
2018-08-05 02:00:00,8,293.80002,394,0,2e-05,98.5,1.31,1.87
2018-08-05 08:00:00,8,292.9,383,10,2e-05,97.8,0.12,1.8299999
2018-08-05 14:00:00,8,300.9,402,489,4.9e-05,66.5,-0.34,1.8199999
2018-08-05 20:00:00,8,296.6,409,335,0.00021,93.4,-0.14,0.84
2018-08-06 02:00:00,8,292.7,376,1,0.00014999999,96.5,-0.74,1.8
2018-08-06 08:00:00,8,292.80002,359,22,0,96,-0.95,1.8399999
2018-08-06 14:00:00,8,303.80002,378,701,2.7e-05,45.8,-1.8399999,0.95
2018-08-06 20:00:00,8,298,402,470,4.6e-05,75.8,-1.0799999,1.52
2018-08-07 02:00:00,8,292.80002,366,1,6e-06,89.200005,-1.1999999,1.9399999
2018-08-07 08:00:00,8,293.5,355,22,0,88.4,-1.06,1.93
2018-08-07 14:00:00,8,303.09,384,678,3e-05,51.3,-1.01,2.19
2018-08-07 20:00:00,8,298.05,407,489,5.4e-05,82.9,-0.89,1.81
2018-08-08 02:00:00,8,293.4,378,1,1.6e-05,96.200005,-0.55,1.73
2018-08-08 08:00:00,8,293.5,362,21,0,94,-0.48,1.7199999
2018-08-08 14:00:00,8,304,388,677,1e-05,47.9,-1.4,2.56
2018-08-08 20:00:00,8,297.30002,407,462,0.000152,91.200005,-1.3199999,1.15
2018-08-09 02:00:00,8,293.30002,383,1,3.5e-05,97.6,-1.05,1.4599999
2018-08-09 08:00:00,8,292.7,365,20,0,96.9,-0.93,1.7099999
2018-08-09 14:00:00,8,301.7,384,663,2.6e-05,56.3,-2.61,1.3299999
2018-08-09 20:00:00,8,297,392,519,7.4999996e-05,82.1,-0.84,-0.089999996
2018-08-10 02:00:00,8,291.30002,365,1,3.8e-05,93.1,-1.17,0.82
2018-08-10 08:00:00,8,291.30002,345,21,0,94,-1.12,1.18
2018-08-10 14:00:00,8,303.4,357,709,0,32.5,-2.22,0.64
2018-08-10 20:00:00,8,296.6,364,547,0,59.9,-1.8299999,0.78
2018-08-11 02:00:00,8,291,342,0,0,73.6,-1.27,1.4699999
2018-08-11 08:00:00,8,291.2,334,21,0,79.200005,-1.14,1.5899999
2018-08-11 14:00:00,8,301.5,361,696,4.4e-05,45.7,-1.9,-0.32999998
2018-08-11 20:00:00,8,295.84,386,421,9e-06,73.6,-1.49,-0.81
2018-08-12 02:00:00,8,290.1,351,0,7.3e-05,96.700005,-1.68,-0.34
2018-08-12 08:00:00,8,291.1,341,20,0,95.1,-1.41,0.13
2018-08-12 14:00:00,8,302.2,366,661,2e-06,46.8,-1.04,-0.65999997
2018-08-12 20:00:00,8,294.4,383,470,0.000243,90.9,-0.45,-1.3
2018-08-13 02:00:00,8,290.2,370,0,0.000222,96.3,0.76,0.65
2018-08-13 08:00:00,8,290.80002,347,19,0.000243,97.9,-0.85999995,-1.0699999
2018-08-13 14:00:00,8,296.9,362,620,0.000116,74.6,0.83,-1.5799999
2018-08-13 20:00:00,8,293,366,482,0.000113,93,0.37,-0.96
2018-08-14 02:00:00,8,288.9,348,0,9e-06,98.3,-0.049999997,-1.04
2018-08-14 08:00:00,8,291.30002,376,11,2.6e-05,97.4,-0.08,-1.17
2018-08-14 14:00:00,8,296.2,377,582,0.000139,86.1,1.89,-0.82
2018-08-14 20:00:00,8,293.1,378,417,0.000251,96,0.85999995,-0.81
2018-08-15 02:00:00,8,288.6,361,0,0.000103,98.3,-0.11,0.98999995
2018-08-15 08:00:00,8,290.5,344,17,4.3e-05,98.1,-0.59999996,1.24
2018-07-30 08:00:00,9,292.9,9.999e+20,9.999e+20,9.999e+20,98.1,-0.78,-1.63
2018-07-30 14:00:00,9,298.6,410,290,0.000202,84.4,0.29,-0.17999999
2018-07-30 20:00:00,9,296.30002,399,451,0.000259,91.9,1.3199999,-0.41
2018-07-31 02:00:00,9,290.16,370,1,0.00072999997,99.1,0.64,0.01
2018-07-31 08:00:00,9,294.1,396,5,7.4e-05,98.3,0.88,-0.96
2018-07-31 14:00:00,9,296.9,407,396,0.00040699998,93.200005,2.6299999,-0.5
2018-07-31 20:00:00,9,295.30002,406,113,0.000893,97.3,1.92,-0.12
2018-08-01 02:00:00,9,293.9,398,1,2.8e-05,98.9,1.9699999,0.44
2018-08-01 08:00:00,9,293.9,398,12,2.7e-05,97.9,1.9599999,1.1
2018-08-01 14:00:00,9,297.4,401,355,0.000128,85.6,2.74,1.28
2018-08-01 20:00:00,9,296.4,405,336,8.6e-05,91.6,1.5799999,0.59
2018-08-02 02:00:00,9,293.2,392,1,4.6e-05,98.6,1.49,0.65999997
2018-08-02 08:00:00,9,293.6,387,16,3.1e-05,98.700005,1.9,-0.31
2018-08-02 14:00:00,9,299.6,408,432,0.000134,73.8,3.8999999,1.4599999
2018-08-02 20:00:00,9,296.1,407,434,0.000167,94.9,2.46,-0.19999999
2018-08-03 02:00:00,9,294,396,1,9.8e-05,98.200005,3.1299999,0.32999998
2018-08-03 08:00:00,9,294.1,401,9,6.7e-05,98.1,2.07,0.96999997
2018-08-03 14:00:00,9,297.80002,412,367,0.000112,85.9,2.33,1.8
2018-08-03 20:00:00,9,296.1,404,362,0.00024,95.1,1.15,0.44
2018-08-04 02:00:00,9,292.7,387,1,5e-05,97.9,0.51,1.06
2018-08-04 08:00:00,9,293.9,375,19,2.1e-05,96.6,0.22999999,0.35
2018-08-04 14:00:00,9,300.80002,393,652,9.1e-05,69.5,2.1699998,1.0699999
2018-08-04 20:00:00,9,296.6,395,524,0.000376,91.6,1.4699999,-0.12
2018-08-05 02:00:00,9,293.2,377,1,7e-06,97.8,1.12,1.51
2018-08-05 08:00:00,9,293.80002,364,23,0,95.9,0.37,1.3299999
2018-08-05 14:00:00,9,304.2,385,693,8e-06,46.3,2.1399999,0.38
2018-08-05 20:00:00,9,297.80002,399,540,8.5e-05,82.200005,1.86,0.55
2018-08-06 02:00:00,9,293.2,375,1,1.2e-05,95.1,0.82,1.9599999
2018-08-06 08:00:00,9,294,364,22,0,91.6,-0.64,1.77
2018-08-06 14:00:00,9,306.4,393,692,3.7e-05,48.3,0.14999999,0.65
2018-08-06 20:00:00,9,298.2,405,524,0.000183,87.4,0.48,1.7199999
2018-08-07 02:00:00,9,293.80002,381,1,5e-06,93.5,-0.81,1.9
2018-08-07 08:00:00,9,294.2,367,22,1.3e-05,90.8,-0.7,1.91
2018-08-07 14:00:00,9,304.6,387,693,1e-05,44.3,-0.79999995,2.78
2018-08-07 20:00:00,9,299.2,406,484,2.9e-05,73.6,0.31,1.78
2018-08-08 02:00:00,9,293.4,377,1,2.1e-05,92.700005,-0.91999996,1.8199999
2018-08-08 08:00:00,9,293.6,361,21,0,91.6,-0.22999999,2.1299999
2018-08-08 14:00:00,9,302.80002,388,657,1.2e-05,51.600002,-1.81,4.5299997
2018-08-08 20:00:00,9,297.6,402,337,6.4e-05,81.5,-0.61,1.8
2018-08-09 02:00:00,9,293.7,375,1,0,93.8,-1.64,2
2018-08-09 08:00:00,9,294.2,366,19,0,91.700005,-1.49,0.45999998
2018-08-09 14:00:00,9,303.7,374,697,2e-06,39.5,-0.83,-1.74
2018-08-09 20:00:00,9,298.1,381,542,0,65.6,0.84,-1.17
2018-08-10 02:00:00,9,291.7,371,0,0,90.8,0.29,-1.41
2018-08-10 08:00:00,9,293.4,353,20,0,88.4,0.01,1.01
2018-08-10 14:00:00,9,302.7,382,660,2.5e-05,47.4,-0.099999994,-2.1499999
2018-08-10 20:00:00,9,297.30002,390,514,2e-06,70.5,0.85999995,-1.53
2018-08-11 02:00:00,9,288.6,356,0,0,94.6,0.38,0.03
2018-08-11 08:00:00,9,293.6,341,21,0,85.5,-0.96,0.52
2018-08-11 14:00:00,9,303.36,365,698,0,38.600002,0.16,-2.3899999
2018-08-11 20:00:00,9,297.03,378,535,0,69.200005,0.85999995,-1.53
2018-08-12 02:00:00,9,288.44,352,0,0,93,0.19999999,0.74
2018-08-12 08:00:00,9,293.1,337,21,0,85.700005,-1.04,0.88
2018-08-12 14:00:00,9,306.5,361,705,0,31.6,0.19999999,-1.15
2018-08-12 20:00:00,9,298,379,537,0,59.3,1.62,-0.78999996
2018-08-13 02:00:00,9,291.7,353,0,0,69.1,0.65999997,1.49
2018-08-13 08:00:00,9,293.6,346,20,0,75.5,-0.48999998,1.3199999
2018-08-13 14:00:00,9,308.4,374,695,0,33.100002,-0.68,-0.78
2018-08-13 20:00:00,9,298.7,405,522,2.5e-05,73.5,-0.65999997,1.04
2018-08-14 02:00:00,9,294.4,378,0,0,82.8,-1.35,1.36
2018-08-14 08:00:00,9,294.7,367,19,0,85.6,-1.15,1.42
2018-08-14 14:00:00,9,305.9,392,681,0,38.4,-1.9499999,2.21
2018-08-14 20:00:00,9,299.6,404,499,0,66.700005,-1.43,1.4699999
2018-08-15 02:00:00,9,294,374,0,0,85.8,-1.02,1.54
2018-08-15 08:00:00,9,293.80002,359,18,0,88.6,-1.4,0.9
2018-07-30 08:00:00,10,293,9.999e+20,9.999e+20,9.999e+20,97.3,-0.38,-1.0699999
2018-07-30 14:00:00,10,296.4,412,189,9.4e-05,90.5,-0.02,-0.75
2018-07-30 20:00:00,10,296.1,392,521,0.000288,93.200005,1.28,-0.21
2018-07-31 02:00:00,10,289.93,370,1,0.000629,98.9,0.79999995,-0.03
2018-07-31 08:00:00,10,294.4,383,10,0.000111,97.4,0.5,-0.82
2018-07-31 14:00:00,10,297.1,400,482,0.00043,93.3,1.9,-0.87
2018-07-31 20:00:00,10,295.1,410,76,0.000902,98.6,1.4599999,-0.25
2018-08-01 02:00:00,10,294.1,404,1,0.000204,98.8,1.93,0.16
2018-08-01 08:00:00,10,294,398,10,1.7e-05,98.4,2,0.72999996
2018-08-01 14:00:00,10,300.4,411,475,4e-05,68.8,3.8999999,1.49
2018-08-01 20:00:00,10,296.6,403,492,0.00012,92.4,2.1399999,0.37
2018-08-02 02:00:00,10,293.5,381,1,5e-06,98.9,1.8299999,0.71999997
2018-08-02 08:00:00,10,293.5,376,23,1e-06,97.4,1.81,0.13
2018-08-02 14:00:00,10,299.9,407,428,6.9e-05,71.700005,3.3899999,1.24
2018-08-02 20:00:00,10,296.30002,408,397,0.000123,95,2.25,-0.14999999
2018-08-03 02:00:00,10,293.7,386,1,1.3e-05,99.1,2.06,0.03
2018-08-03 08:00:00,10,293.9,393,8,5.3e-05,98.3,2.75,-0.099999994
2018-08-03 14:00:00,10,297.5,422,235,4.6e-05,85,4.06,1.3
2018-08-03 20:00:00,10,295.80002,412,351,0.000173,96.5,1.86,1.09
2018-08-04 02:00:00,10,293.1,385,1,3.6e-05,98.8,0.78,1.4399999
2018-08-04 08:00:00,10,293.4,372,21,3e-05,95.4,-0.17999999,1.39
2018-08-04 14:00:00,10,301.6,386,643,6.2e-05,58.8,1.2099999,0.84
2018-08-04 20:00:00,10,297,407,408,5.2e-05,86.6,1.86,0.59
2018-08-05 02:00:00,10,293.1,374,1,0.000145,98.5,0.96999997,1.64
2018-08-05 08:00:00,10,293.4,364,23,0,97,0.21,1.49
2018-08-05 14:00:00,10,303.2,388,690,4.7e-05,63,0.79999995,1.13
2018-08-05 20:00:00,10,298.38998,396,545,0.000151,78.9,2.46,0.78
2018-08-06 02:00:00,10,293.30002,375,1,2e-05,94.9,-0.29999998,2.1499999
2018-08-06 08:00:00,10,293.9,363,23,0,91,-0.81,2.2
2018-08-06 14:00:00,10,305.1,390,680,3e-06,43.3,-1.1899999,3.1399999
2018-08-06 20:00:00,10,299.15,411,479,2.2e-05,69.9,-0.63,2.75
2018-08-07 02:00:00,10,294.6,380,0,0,82.200005,-1.05,2.58
2018-08-07 08:00:00,10,295.2,363,19,1.2e-05,84.9,-0.65999997,1.1999999
2018-08-07 14:00:00,10,304.4,398,578,7.1e-05,48.3,0.31,3.1399999
2018-08-07 20:00:00,10,299.55,417,401,1.9e-05,73.8,0.94,1.61
2018-08-08 02:00:00,10,295.6,410,1,1e-05,87.200005,-0.02,1.9799999
2018-08-08 08:00:00,10,295.1,392,20,1.5e-05,90.3,0.56,2.59
2018-08-08 14:00:00,10,304.1,409,629,4.7e-05,60.3,-0.63,4.22
2018-08-08 20:00:00,10,299.30002,420,471,6.9e-05,79,-0.93,2.1699998
2018-08-09 02:00:00,10,294.6,394,0,0,93.700005,-0.45999998,1.64
2018-08-09 08:00:00,10,295.1,390,10,0.000307,95.4,0.19,0.75
2018-08-09 14:00:00,10,304.4,403,587,3e-05,48,1.78,1.9799999
2018-08-09 20:00:00,10,298.1,408,497,0.000214,89.3,0.84999996,-0.65
2018-08-10 02:00:00,10,293.80002,379,1,6e-06,95.1,0.17,1.73
2018-08-10 08:00:00,10,294.4,364,21,0,95.5,0.12,1.49
2018-08-10 14:00:00,10,305.4,389,690,0,44.600002,2.8799999,2.19
2018-08-10 20:00:00,10,297.30002,411,505,0.000161,89.1,-0.59999996,2.5
2018-08-11 02:00:00,10,292.2,370,0,2e-06,93.3,-2.18,2.29
2018-08-11 08:00:00,10,288.80002,317,22,0,88.200005,-1.02,1.76
2018-08-11 14:00:00,10,297.30002,313,727,0,38.9,-3.24,3.22
2018-08-11 20:00:00,10,292.5,324,560,0,56.600002,-2.32,2.02
2018-08-12 02:00:00,10,286.30002,304,0,0,81.700005,-1.9799999,1.75
2018-08-12 08:00:00,10,285.4,292,21,0,85.5,-1.4599999,1.4599999
2018-08-12 14:00:00,10,298.6,315,715,0,38.5,-1.5899999,0.32
2018-08-12 20:00:00,10,291.7,338,549,0,70.700005,0.37,-0.24
2018-08-13 02:00:00,10,285.6,316,0,0,86.200005,1.11,0.9
2018-08-13 08:00:00,10,288.30002,310,19,0,79,0.32999998,1.49
2018-08-13 14:00:00,10,301.30002,343,663,0,36.100002,2.4299998,1.54
2018-08-13 20:00:00,10,295.6,387,412,1e-06,69.8,1.1,1.3199999
2018-08-14 02:00:00,10,290.5,362,0,8e-06,88.700005,1.06,1.66
2018-08-14 08:00:00,10,290.80002,349,19,3e-06,89.6,0.37,1.75
2018-08-14 14:00:00,10,300.30002,382,627,6.8e-05,76,0.16,2.54
2018-08-14 20:00:00,10,296.6,395,471,0.000109,84.200005,-0.74,1.14
2018-08-15 02:00:00,10,291.30002,363,0,1.9e-05,97.6,-1.26,1.11
2018-08-15 08:00:00,10,290.30002,339,19,0,95,-1.67,-0.22999999
2018-07-30 08:00:00,11,293.1,9.999e+20,9.999e+20,9.999e+20,98.4,0.28,-1.38
2018-07-30 14:00:00,11,299.30002,417,208,5.2e-05,76.4,0.61,-0.51
2018-07-30 20:00:00,11,296.41,396,490,0.000242,93.4,1.36,-0.22
2018-07-31 02:00:00,11,292.4,375,1,0.000567,98.8,1.2099999,0.48999998
2018-07-31 08:00:00,11,294.5,396,6,1.9e-05,97.6,0.84999996,-0.52
2018-07-31 14:00:00,11,298.7,413,377,9.5e-05,85.1,2.9199998,-0.58
2018-07-31 20:00:00,11,296,407,221,0.000274,97.5,2.03,-0.02
2018-08-01 02:00:00,11,294.2,404,1,0.000151,98.4,2.1699998,0.52
2018-08-01 08:00:00,11,293.80002,393,9,3.1e-05,97.9,2.4199998,0.96999997
2018-08-01 14:00:00,11,299.80002,416,362,2.9e-05,69.4,3.72,1.88
2018-08-01 20:00:00,11,296.30002,405,460,7.2e-05,91.5,2.54,0.48999998
2018-08-02 02:00:00,11,293.5,388,1,2.3e-05,98.200005,2.09,0.65
2018-08-02 08:00:00,11,294.1,387,11,1.6e-05,97.700005,1.3399999,1
2018-08-02 14:00:00,11,300.4,415,418,7.6e-05,70.1,3.9299998,0.9
2018-08-02 20:00:00,11,296.4,399,522,0.000157,95.5,2.48,0.17
2018-08-03 02:00:00,11,294.1,396,1,2.6e-05,98.700005,2.3799999,0.099999994
2018-08-03 08:00:00,11,294.2,400,7,1.5e-05,97.4,2.71,1.14
2018-08-03 14:00:00,11,301.5,409,495,3.3e-05,60.9,3.22,2.04
2018-08-03 20:00:00,11,296.4,405,451,0.000167,95.700005,1.6999999,0.48999998
2018-08-04 02:00:00,11,293.9,394,1,3.1e-05,99,1.3299999,0.74
2018-08-04 08:00:00,11,294,389,19,1.6e-05,98.1,1.3,1.09
2018-08-04 14:00:00,11,303.2,387,685,1.5e-05,51.7,3.07,0.97999996
2018-08-04 20:00:00,11,297.2,405,482,0.000293,94.4,1.8199999,0.35999998
2018-08-05 02:00:00,11,294,393,1,4.9e-05,97.6,1.48,1.1899999
2018-08-05 08:00:00,11,293.9,374,22,0,97.3,0.97999996,1.4399999
2018-08-05 14:00:00,11,303.2,390,691,9.5e-05,58,1.12,1.09
2018-08-05 20:00:00,11,298.80002,408,518,8.3e-05,78.8,1.1,0.93
2018-08-06 02:00:00,11,294,382,1,1.2e-05,92,0.48,2.03
2018-08-06 08:00:00,11,294.7,370,22,2e-05,88.8,-0.69,1.56
2018-08-06 14:00:00,11,307.80002,396,692,0.000114,45.2,0.25,0.59
2018-08-06 20:00:00,11,298.9,405,528,0.000238,76,0.42,1.38
2018-08-07 02:00:00,11,294.4,380,1,0,85.200005,-0.82,1.92
2018-08-07 08:00:00,11,294.9,368,22,0,86.3,-0.77,2.05
2018-08-07 14:00:00,11,304.5,390,693,1.4e-05,48.8,-2.6299999,2.8
2018-08-07 20:00:00,11,299.9,412,487,7e-06,71.1,-0.48999998,1.73
2018-08-08 02:00:00,11,295.1,383,1,1.3e-05,87.1,-1.38,2.01
2018-08-08 08:00:00,11,295.2,381,19,0,86.8,-0.78999996,2.02
2018-08-08 14:00:00,11,304.7,398,636,0,46.7,-2.72,3.62
2018-08-08 20:00:00,11,299.2,407,468,0,66.9,-1.48,2.6
2018-08-09 02:00:00,11,294,380,1,0,86.5,-0.95,1.7199999
2018-08-09 08:00:00,11,294,365,21,3e-05,93,-1.38,1.39
2018-08-09 14:00:00,11,303.9,380,687,2e-06,44.2,-2.3,-1.16
2018-08-09 20:00:00,11,298.6,410,469,4e-06,68.8,0.01,-1.61
2018-08-10 02:00:00,11,290.9,385,0,0,95.4,0.53999996,0.19
2018-08-10 08:00:00,11,295.5,363,20,9e-06,85.9,-0.5,0.62
2018-08-10 14:00:00,11,303.9,386,650,8e-06,41.100002,-1.02,-1.99
2018-08-10 20:00:00,11,298.2,399,444,0,65.6,0.96999997,-1.55
2018-08-11 02:00:00,11,289.4,362,0,0,93.8,-0.17,-0.13
2018-08-11 08:00:00,11,293.5,349,20,0,84.200005,-1.1,-0.78
2018-08-11 14:00:00,11,302,366,696,1e-06,42.5,0.22999999,-3.22
2018-08-11 20:00:00,11,295.9,365,543,0,64.700005,0.76,-1.66
2018-08-12 02:00:00,11,286.5,334,0,0,93,-0.29,-0.47
2018-08-12 08:00:00,11,292.5,325,20,0,85.5,-0.65,-0.45999998
2018-08-12 14:00:00,11,303,359,691,0,41.4,1.43,-1.05
2018-08-12 20:00:00,11,297.4,390,484,0,71.4,1.41,-1.01
2018-08-13 02:00:00,11,292.30002,372,0,0,96,0.21,1.37
2018-08-13 08:00:00,11,294.9,362,19,0,86,-0.089999996,0.42
2018-08-13 14:00:00,11,304.2,391,658,1e-06,45.8,2.29,0.74
2018-08-13 20:00:00,11,297.7,404,481,7.4e-05,80.9,1.56,0.45999998
2018-08-14 02:00:00,11,293.30002,379,0,2e-06,95.5,0.77,1.77
2018-08-14 08:00:00,11,293.7,366,18,0,93,-0.13,1.4599999
2018-08-14 14:00:00,11,306.1,393,669,1.2e-05,42.8,1.39,-0.04
2018-08-14 20:00:00,11,297,408,472,0.000123,92.4,1.03,1.53
2018-08-15 02:00:00,11,293.7,385,0,3.1e-05,96.5,0.45,1.62
2018-08-15 08:00:00,11,293.9,370,17,0,95.4,-0.37,1.26
2018-07-30 08:00:00,12,293.4,9.999e+20,9.999e+20,9.999e+20,97.8,0.049999997,-0.90999997
2018-07-30 14:00:00,12,297.6,414,179,4.5e-05,81.8,-0.11,-1.09
2018-07-30 20:00:00,12,295.9,397,414,0.000262,92.9,1.01,-0.95
2018-07-31 02:00:00,12,289.80002,368,1,0.00062,99.8,0.19999999,-0.65
2018-07-31 08:00:00,12,293.80002,400,4,5.5e-05,98.5,0.72999996,-1.13
2018-07-31 14:00:00,12,297.30002,407,397,0.000293,92.6,2.6799998,-0.91999996
2018-07-31 20:00:00,12,295.6,406,184,0.000516,98,1.76,-0.22999999
2018-08-01 02:00:00,12,294.30002,407,1,7.1e-05,98.8,2.35,0.31
2018-08-01 08:00:00,12,294.2,414,7,2.5e-05,98,2.44,0.24
2018-08-01 14:00:00,12,299,409,386,8.5e-05,74.9,3.61,1.67
2018-08-01 20:00:00,12,296.2,400,448,0.000157,93,2.4099998,0.48
2018-08-02 02:00:00,12,293.5,385,1,1.6e-05,98.9,1.9799999,0.35
2018-08-02 08:00:00,12,293.9,397,8,3e-05,97.6,2.82,-0.08
2018-08-02 14:00:00,12,301,403,448,2.5e-05,61.600002,4.04,1.8399999
2018-08-02 20:00:00,12,296.2,403,481,0.000164,94.8,2.09,-0.19
2018-08-03 02:00:00,12,293.80002,393,1,0.000159,99.4,1.78,-0.28
2018-08-03 08:00:00,12,293.80002,402,4,0.00016,98.8,2.32,-0.58
2018-08-03 14:00:00,12,297.5,410,262,0.000108,84.6,3.35,0.34
2018-08-03 20:00:00,12,295.2,407,189,0.000133,96.5,1.78,-0.12
2018-08-04 02:00:00,12,293.6,397,0,4.2e-05,99,1.75,0.16
2018-08-04 08:00:00,12,293.9,401,9,1.9e-05,97.6,2.04,0.19
2018-08-04 14:00:00,12,301.1,407,389,1.1e-05,59.2,2.73,0.48
2018-08-04 20:00:00,12,297.4,402,441,3.1e-05,81.200005,1.7199999,-0.22
2018-08-05 02:00:00,12,292.5,372,1,0,94.5,1.4,1.18
2018-08-05 08:00:00,12,293.6,357,23,0,92.200005,0.68,1.3299999
2018-08-05 14:00:00,12,304,381,696,8e-06,46.3,2.08,0.55
2018-08-05 20:00:00,12,297.4,401,523,0.000131,85.5,1.4399999,0.88
2018-08-06 02:00:00,12,293.2,377,1,1.2e-05,96.5,1.43,1.5899999
2018-08-06 08:00:00,12,293.5,367,21,0.000116,97.4,-0.14999999,1.5999999
2018-08-06 14:00:00,12,305.30002,389,679,0.000102,49,0.79999995,1.14
2018-08-06 20:00:00,12,297.7,407,489,0.000265,87.3,0.87,1.37
2018-08-07 02:00:00,12,293.7,390,1,4.2e-05,93.6,-0.37,1.8499999
2018-08-07 08:00:00,12,294.2,371,22,0,93.4,-1.09,1.42
2018-08-07 14:00:00,12,304.1,392,682,1.7e-05,50,-1.38,1.73
2018-08-07 20:00:00,12,299.6,411,462,8e-06,70.3,0.75,1.66
2018-08-08 02:00:00,12,294.30002,379,1,0,84.8,-0.55,1.87
2018-08-08 08:00:00,12,294.6,366,21,0,85.6,-0.75,1.9699999
2018-08-08 14:00:00,12,305.30002,392,688,1e-06,44.600002,-1.5699999,3.33
2018-08-08 20:00:00,12,300.7,410,516,0,65.200005,-1.2099999,2.25
2018-08-09 02:00:00,12,296,378,1,0,78.9,-0.14,2.86
2018-08-09 08:00:00,12,296.30002,378,21,4e-06,84.1,-1.4399999,3.21
2018-08-09 14:00:00,12,305.80002,402,674,1.6e-05,47.4,-4.02,3.21
2018-08-09 20:00:00,12,300.80002,411,521,1.9e-05,69.1,0.74,1.9
2018-08-10 02:00:00,12,295,382,1,0,88.6,0.21,2.05
2018-08-10 08:00:00,12,295.1,370,20,1.4e-05,86.700005,0.39999998,2.28
2018-08-10 14:00:00,12,301.80002,398,677,0.000125,78,0.79999995,3.6499999
2018-08-10 20:00:00,12,297.4,412,355,0.000105,88.200005,0.26,1.91
2018-08-11 02:00:00,12,292.80002,380,0,2e-06,95.4,-0.53999996,1.5999999
2018-08-11 08:00:00,12,293.30002,360,12,0,94.4,0.16,1.67
2018-08-11 14:00:00,12,301.6,397,541,4.5e-05,59.3,1.62,2.34
2018-08-11 20:00:00,12,298.1,406,370,3e-05,75.1,1.12,1.48
2018-08-12 02:00:00,12,292.7,373,0,0,88,-0.38,1.49
2018-08-12 08:00:00,12,293.6,357,18,0,85.4,0.28,1.37
2018-08-12 14:00:00,12,301.6,385,650,4.8e-05,58.100002,2.81,2.1399999
2018-08-12 20:00:00,12,298,407,449,3.3e-05,78.700005,1,1.42
2018-08-13 02:00:00,12,292.80002,376,0,4.2e-05,97.1,0.21,1.62
2018-08-13 08:00:00,12,293.4,362,17,0,94.6,0.55,1.27
2018-08-13 14:00:00,12,303.1,396,597,6e-06,51.600002,2.3799999,2.6299999
2018-08-13 20:00:00,12,297.9,413,429,3.7e-05,83.4,0.31,1.38
2018-08-14 02:00:00,12,294,392,0,8e-06,96.6,-0.26,1.64
2018-08-14 08:00:00,12,293.6,372,17,2.4e-05,92.3,-0.099999994,1.76
2018-08-14 14:00:00,12,300.80002,389,573,1.3e-05,57.7,-0.38,3.6599998
2018-08-14 20:00:00,12,296.5,404,372,4.8e-05,84.6,-0.32,1.5999999
2018-08-15 02:00:00,12,293,381,0,1.3e-05,90.700005,-0.76,2.34
2018-08-15 08:00:00,12,291.6,376,9,2.1e-05,92.8,-0.29,1.8499999
2018-07-30 08:00:00,13,293.30002,9.999e+20,9.999e+20,9.999e+20,98.200005,0.84999996,-0.71999997
2018-07-30 14:00:00,13,297.9,411,216,0.000102,85.700005,1.06,-0.42
2018-07-30 20:00:00,13,296.21,391,535,0.000307,93.5,1.22,-0.48
2018-07-31 02:00:00,13,291.82,372,1,0.000341,98.9,1.1999999,-0.01
2018-07-31 08:00:00,13,294.6,402,6,3.3e-05,97.6,0.88,-0.58
2018-07-31 14:00:00,13,298.5,404,516,0.000329,88.8,2.78,-0.82
2018-07-31 20:00:00,13,295.77,396,508,0.000369,96.4,2.29,0.31
2018-08-01 02:00:00,13,293.9,401,1,7e-06,98.9,1.9,0.099999994
2018-08-01 08:00:00,13,294.4,390,17,6.7e-05,97.700005,1.9799999,0.91999996
2018-08-01 14:00:00,13,298.9,404,492,7.1e-05,77.6,3.8999999,1.35
2018-08-01 20:00:00,13,296.80002,414,316,5.1e-05,85.3,2.3799999,0.55
2018-08-02 02:00:00,13,293.30002,379,1,0,99.200005,1.81,1.03
2018-08-02 08:00:00,13,293.9,389,15,1.8e-05,96.3,1.43,0.97999996
2018-08-02 14:00:00,13,299.7,408,528,9.5e-05,74.700005,3.6,0.47
2018-08-02 20:00:00,13,296.5,402,487,0.000202,93.9,2.08,0.25
2018-08-03 02:00:00,13,293.6,392,1,1.9e-05,99.3,1.4,0.28
2018-08-03 08:00:00,13,293.5,387,10,4e-05,98.700005,2.12,-0.41
2018-08-03 14:00:00,13,296.1,408,178,0.00022,95,3.54,-0.29999998
2018-08-03 20:00:00,13,295.30002,416,182,0.000129,96.6,2.6299999,0.19999999
2018-08-04 02:00:00,13,293.5,391,1,3e-06,99.200005,1.43,0.97999996
2018-08-04 08:00:00,13,293.5,390,20,4e-06,97.5,-0.29999998,1.53
2018-08-04 14:00:00,13,304.30002,388,666,5e-06,44.3,0.13,1.3299999
2018-08-04 20:00:00,13,296.9,402,489,7.1e-05,86,1.99,1.05
2018-08-05 02:00:00,13,292.9,387,1,3e-06,93,-0.35999998,1.89
2018-08-05 08:00:00,13,293.5,383,7,0,84.6,-1.06,1.76
2018-08-05 14:00:00,13,302.9,397,572,3.5e-05,51,-1.56,-0.51
2018-08-05 20:00:00,13,297.6,410,432,7.4e-05,83,-0.88,0.52
2018-08-06 02:00:00,13,292.7,377,1,3.5e-05,89,-1.5,1.24
2018-08-06 08:00:00,13,293.2,362,22,0,90.5,-1.39,1.1999999
2018-08-06 14:00:00,13,305.30002,380,700,0,36.600002,-1.88,-0.58
2018-08-06 20:00:00,13,297.7,402,511,0.000102,82.4,-0.22999999,-0.11
2018-08-07 02:00:00,13,292.30002,368,1,2.1e-05,89,-0.89,1.3199999
2018-08-07 08:00:00,13,293.4,359,22,0,93.5,-1.1999999,1.25
2018-08-07 14:00:00,13,307.80002,385,698,0,39.5,0.22999999,-0.53
2018-08-07 20:00:00,13,298.7,414,407,9e-06,71.1,1.4699999,0.59999996
2018-08-08 02:00:00,13,293.5,375,1,0,82.5,0.22999999,1.75
2018-08-08 08:00:00,13,294.2,361,22,0,83.6,-0.78999996,1.4599999
2018-08-08 14:00:00,13,306.2,387,690,2e-06,39.4,-0.45,1.52
2018-08-08 20:00:00,13,297.9,406,450,0.000102,83.4,-0.01,1.37
2018-08-09 02:00:00,13,293.1,380,1,1.1e-05,93.3,-0.69,1.5799999
2018-08-09 08:00:00,13,293.6,368,19,0,92.200005,-0.77,1.26
2018-08-09 14:00:00,13,302.2,382,681,0.000125,54.600002,-1.53,2.18
2018-08-09 20:00:00,13,296.6,387,527,0.000208,85.5,-0.47,-0.88
2018-08-10 02:00:00,13,291.7,371,1,0,94.8,-0.59999996,0.89
2018-08-10 08:00:00,13,294.30002,365,18,1e-06,89.9,-0.93,0.29
2018-08-10 14:00:00,13,303.4,391,609,3.4e-05,50.3,0.61,1.5899999
2018-08-10 20:00:00,13,297.5,407,444,5.8999998e-05,85.1,-0.65999997,0.71999997
2018-08-11 02:00:00,13,291.7,374,0,0.000174,96.8,-1.15,0.56
2018-08-11 08:00:00,13,292.4,354,20,1.2e-05,98.1,-1.16,1.02
2018-08-11 14:00:00,13,303,372,671,1.6e-05,40.9,-1.93,-0.25
2018-08-11 20:00:00,13,297.1,402,337,0,69,-0.28,-1.3
2018-08-12 02:00:00,13,291.6,381,0,1e-06,84.9,-0.93,-0.44
2018-08-12 08:00:00,13,292.9,356,20,1e-06,84,-1.22,0.75
2018-08-12 14:00:00,13,304.2,368,696,2e-06,32.9,-2.06,-0.22
2018-08-12 20:00:00,13,296.6,393,441,0,71.1,0.69,-0.12
2018-08-13 02:00:00,13,292.4,365,0,0,76.9,-0.9,1.5799999
2018-08-13 08:00:00,13,292.4,343,20,0,79.1,-0.76,1.54
2018-08-13 14:00:00,13,305.6,369,693,0,34.4,-1.18,1.4699999
2018-08-13 20:00:00,13,299,399,484,0,61.3,-0.45999998,1.5
2018-08-14 02:00:00,13,293.6,369,0,0,81.5,-1.25,1.5699999
2018-08-14 08:00:00,13,293.9,358,19,0,88.6,-0.52,1.9599999
2018-08-14 14:00:00,13,305.7,383,684,0,40.3,-1.86,2.37
2018-08-14 20:00:00,13,300.30002,408,512,0,62.8,-1.5999999,1.9699999
2018-08-15 02:00:00,13,293.1,375,0,0,81,-1.3199999,1.14
2018-08-15 08:00:00,13,291.5,342,19,0,83.5,-1.22,1.27
2018-07-30 08:00:00,14,293,9.999e+20,9.999e+20,9.999e+20,98.3,-0.34,-1.86
2018-07-30 14:00:00,14,299.5,413,332,0.000106,81.4,0.26,-0.56
2018-07-30 20:00:00,14,295.9,388,546,0.00040699998,94.6,0.91999996,-0.85999995
2018-07-31 02:00:00,14,290.72,369,1,0.000505,99.3,0.93,0.19999999
2018-07-31 08:00:00,14,294.2,407,8,3.1e-05,98.3,1.0799999,-0.81
2018-07-31 14:00:00,14,298.30002,403,510,0.000222,89.4,2.72,-0.55
2018-07-31 20:00:00,14,295.5,408,237,0.000488,98.3,1.86,-0.19999999
2018-08-01 02:00:00,14,294,403,1,0.000117999996,98.700005,2.1599998,0.34
2018-08-01 08:00:00,14,294.2,397,10,4.3e-05,98.4,2.08,0.57
2018-08-01 14:00:00,14,300.1,405,529,8e-05,71.200005,3.55,1.75
2018-08-01 20:00:00,14,296.1,405,455,0.000151,94.9,2.31,0.42
2018-08-02 02:00:00,14,293.6,390,0,2e-05,99.3,1.7099999,0.57
2018-08-02 08:00:00,14,294.2,398,17,3e-05,96.700005,0.75,1.03
2018-08-02 14:00:00,14,300,401,618,0.000119,73.700005,2.55,0.089999996
2018-08-02 20:00:00,14,296.2,399,501,0.000346,95.5,2.51,0.02
2018-08-03 02:00:00,14,293.4,393,1,0.000116,99.1,1.25,1.18
2018-08-03 08:00:00,14,293.5,375,19,5.5e-05,97.4,0.51,0.71999997
2018-08-03 14:00:00,14,298.30002,403,440,9.2e-05,80.8,2.6499999,1.15
2018-08-03 20:00:00,14,295.2,410,292,0.00016,96.700005,1.65,0.089999996
2018-08-04 02:00:00,14,293.7,401,0,0.000279,99.1,1.77,-0.22
2018-08-04 08:00:00,14,293.80002,401,11,0.000625,98.200005,2.3999999,1.5899999
2018-08-04 14:00:00,14,299.7,395,551,5.2e-05,68.700005,1.8399999,1.53
2018-08-04 20:00:00,14,296,411,237,8.8e-05,94.6,1.6899999,0.32
2018-08-05 02:00:00,14,293.30002,388,0,2.7e-05,98.9,1.12,1.22
2018-08-05 08:00:00,14,293.9,389,13,9e-06,97.700005,0.64,1.16
2018-08-05 14:00:00,14,299.9,399,606,0.000144,79.1,1.4399999,0.83
2018-08-05 20:00:00,14,296.30002,402,449,0.000278,96,1.41,0.71
2018-08-06 02:00:00,14,293.1,379,1,5.4e-05,98.200005,0.14999999,1.77
2018-08-06 08:00:00,14,293.2,362,22,4.3e-05,96.9,-0.64,1.81
2018-08-06 14:00:00,14,305.5,381,702,0,40.2,-0.87,1.5799999
2018-08-06 20:00:00,14,297.30002,403,502,7.1e-05,81.200005,0.93,1.91
2018-08-07 02:00:00,14,292.9,369,1,7e-06,93,-0.90999997,2.09
2018-08-07 08:00:00,14,293.7,362,22,1.7e-05,94,-1.04,1.9599999
2018-08-07 14:00:00,14,304.6,388,691,7e-06,47.5,-1.28,2.6499999
2018-08-07 20:00:00,14,298.6,405,511,7.7e-05,76.6,-1.3,1.63
2018-08-08 02:00:00,14,293.30002,372,1,0,95.8,-0.84,1.77
2018-08-08 08:00:00,14,294.6,364,20,0,89,-1.43,1.8199999
2018-08-08 14:00:00,14,304.2,398,612,0,50.4,-2.7,2.8999999
2018-08-08 20:00:00,14,298.9,414,483,3.4e-05,78.6,-1.51,2.1399999
2018-08-09 02:00:00,14,294.4,385,1,1e-06,97.200005,-1.01,1.52
2018-08-09 08:00:00,14,295.4,388,14,6e-06,96.700005,-1.51,-0.78999996
2018-08-09 14:00:00,14,302.80002,404,563,2.3e-05,51.600002,-0.72999996,-2.47
2018-08-09 20:00:00,14,298.5,400,466,1e-06,70.8,0.84999996,-1.52
2018-08-10 02:00:00,14,290.6,369,1,0,95.9,0.61,-0.47
2018-08-10 08:00:00,14,293.80002,360,20,0,91.200005,0.59,1.3
2018-08-10 14:00:00,14,306.7,395,677,0,44.600002,0.94,-0.83
2018-08-10 20:00:00,14,299.43,420,469,1e-06,71.8,1.3299999,-0.58
2018-08-11 02:00:00,14,293,387,0,6.5e-05,93.3,1.16,1.5899999
2018-08-11 08:00:00,14,294.80002,375,18,0.000124,97.3,-0.68,1.48
2018-08-11 14:00:00,14,305.9,401,674,9.2e-05,52.7,-1.9,2.6799998
2018-08-11 20:00:00,14,299.4,414,509,0.000103,76.5,-0.82,2.51
2018-08-12 02:00:00,14,294.6,391,0,1.1e-05,90.5,-0.91999996,1.65
2018-08-12 08:00:00,14,293.6,363,20,9e-06,93.200005,-1.52,0.84
2018-08-12 14:00:00,14,302.80002,365,698,0,38.100002,-2.46,-0.96999997
2018-08-12 20:00:00,14,296.6,385,486,0,67.3,-0.55,-1.3399999
2018-08-13 02:00:00,14,290.43677,377,0,0,89.4,-0.78,-0.22999999
2018-08-13 08:00:00,14,292.9,380,17,2e-06,83.9,-1.27,-0.04
2018-08-13 14:00:00,14,300.6,362,681,9e-05,56.5,-0.61,-1
2018-08-13 20:00:00,14,294.9,383,477,0.000117,81.700005,-0.41,-0.65999997
2018-08-14 02:00:00,14,288.7,360,0,0.000135,94.4,-0.29999998,-1.14
2018-08-14 08:00:00,14,291.1,337,18,2.8e-05,91.200005,-0.81,-0.44
2018-08-14 14:00:00,14,299.80002,351,689,0.000155,62.100002,-0.29999998,-0.29999998
2018-08-14 20:00:00,14,293.4,372,464,0.00017099999,86.1,0.07,-0.71
2018-08-15 02:00:00,14,287.5,348,0,0.000158,95.700005,0.17,-0.94
2018-08-15 08:00:00,14,290.2,332,18,0,94.6,-0.83,-0.87
2018-07-30 08:00:00,15,293.4,9.999e+20,9.999e+20,9.999e+20,97.4,0.17999999,-0.84999996
2018-07-30 14:00:00,15,299.30002,411,301,0.000115,80,0.56,-0.59999996
2018-07-30 20:00:00,15,296.2,390,541,0.000337,93.700005,1.05,-0.78
2018-07-31 02:00:00,15,291.12,372,1,0.000397,99,0.95,-0.26
2018-07-31 08:00:00,15,294.4,391,7,4.7e-05,97.9,1.11,-0.38
2018-07-31 14:00:00,15,298.2,408,502,0.000324,90.4,3.08,0.06
2018-07-31 20:00:00,15,295.30002,406,267,0.000351,97.9,2.22,0.44
2018-08-01 02:00:00,15,293.9,411,1,3.7e-05,98.9,1.9,0.5
2018-08-01 08:00:00,15,293.80002,396,12,0.000272,97.6,2.5,1.3
2018-08-01 14:00:00,15,299.7,396,512,0.000104,72.9,3.48,1.5999999
2018-08-01 20:00:00,15,296.2,402,486,0.000245,94.5,1.9599999,0.25
2018-08-02 02:00:00,15,293.5,387,1,2e-05,99.1,1.4599999,0.87
2018-08-02 08:00:00,15,294.4,394,12,5e-05,98.200005,1.52,-0.17999999
2018-08-02 14:00:00,15,299,409,433,0.000292,79.6,4.14,0.47
2018-08-02 20:00:00,15,296.7,401,492,0.000196,91.8,2.57,0.75
2018-08-03 02:00:00,15,293.80002,386,1,7e-06,99.200005,1.8199999,-0.049999997
2018-08-03 08:00:00,15,294.1,402,11,0.000112,98.4,2.19,-0.34
2018-08-03 14:00:00,15,295.80002,406,199,0.000205,94.8,3.31,-0.03
2018-08-03 20:00:00,15,295.1,405,249,9.4e-05,96.9,2.31,-0.11
2018-08-04 02:00:00,15,293.80002,401,0,5.8e-05,99,1.9399999,0.42999998
2018-08-04 08:00:00,15,294.30002,410,8,5.2e-05,98.200005,1.87,0.26
2018-08-04 14:00:00,15,299.9,412,409,7.4999996e-05,72.200005,2.78,0.88
2018-08-04 20:00:00,15,296.5,403,430,0.000319,95.5,1.49,0.35999998
2018-08-05 02:00:00,15,293.30002,379,1,0,98.3,0.52,1.68
2018-08-05 08:00:00,15,293.5,366,23,2e-06,96.6,-0.76,1.48
2018-08-05 14:00:00,15,304.7,386,661,1e-06,41.7,-1.4399999,-0.41
2018-08-05 20:00:00,15,298.2,416,361,2.7e-05,78,0.65,-0.34
2018-08-06 02:00:00,15,292.5,381,1,0,83.4,-0.96,1.15
2018-08-06 08:00:00,15,294.5,360,23,0,79.700005,-1.3299999,1
2018-08-06 14:00:00,15,307.5,385,702,3.4e-05,39.2,0.53999996,-0.55
2018-08-06 20:00:00,15,298.4,407,484,6.1e-05,73.200005,1.67,0.48999998
2018-08-07 02:00:00,15,293.1,374,1,1.2e-05,91.4,0.14,1.67
2018-08-07 08:00:00,15,294.1,361,22,0.000174,93,-0.17999999,1.3199999
2018-08-07 14:00:00,15,305.7,386,684,5.8e-05,46.3,-0.04,0.87
2018-08-07 20:00:00,15,298.30002,404,503,0.000144,83.200005,0.93,1.22
2018-08-08 02:00:00,15,293,380,1,1.8e-05,94.8,-0.91999996,1.88
2018-08-08 08:00:00,15,292.2,347,22,0,97.3,-0.47,1.99
2018-08-08 14:00:00,15,302.80002,364,682,0,41.5,-2.1299999,2.28
2018-08-08 20:00:00,15,296.9,384,527,4e-06,68.6,-1,1.3399999
2018-08-09 02:00:00,15,291.2,359,1,1e-06,84.200005,-1.35,1.2099999
2018-08-09 08:00:00,15,291.1,335,22,0,85.6,-1.35,1.17
2018-08-09 14:00:00,15,303.30002,354,711,0,35.5,-1.78,-0.26
2018-08-09 20:00:00,15,296.1,372,528,0,69.200005,-0.42999998,-0.65999997
2018-08-10 02:00:00,15,288.1,347,1,0,93.1,0.06,0.35
2018-08-10 08:00:00,15,291.80002,339,21,9e-06,86,-1.17,0.32999998
2018-08-10 14:00:00,15,303.7,364,701,6e-06,44.8,1.41,0.01
2018-08-10 20:00:00,15,297.4,386,522,1.7e-05,71.3,2.01,-0.14
2018-08-11 02:00:00,15,290.6,363,0,6e-06,96.8,0.55,1.03
2018-08-11 08:00:00,15,293.1,345,20,1e-06,90.9,0.81,-0.28
2018-08-11 14:00:00,15,302.5,372,688,2.3e-05,49.2,1.4699999,-0.96999997
2018-08-11 20:00:00,15,296.1,389,498,8.6e-05,82.5,1.24,-0.96
2018-08-12 02:00:00,15,289.5,361,0,0.000122,96.700005,0.78999996,0.45999998
2018-08-12 08:00:00,15,293,348,20,0,93.1,-0.96999997,0.32
2018-08-12 14:00:00,15,303.2,373,680,3e-06,44.600002,0.13,-1.65
2018-08-12 20:00:00,15,296.7,384,502,5e-06,71.700005,1.48,-0.7
2018-08-13 02:00:00,15,291.5,358,0,0,95.3,-0.32,1.5999999
2018-08-13 08:00:00,15,292.9,342,20,0,88.200005,-1.29,0.95
2018-08-13 14:00:00,15,305,370,693,0,36.2,-1.15,-1.4599999
2018-08-13 20:00:00,15,297.9,408,425,0,68.200005,1.18,-0.62
2018-08-14 02:00:00,15,293,379,0,0,75.200005,0.22,1.64
2018-08-14 08:00:00,15,294.2,359,19,0,77.9,-0.82,1.4399999
2018-08-14 14:00:00,15,306.6,385,682,0,35.8,-1.76,0.06
2018-08-14 20:00:00,15,299.1,416,440,0,68.4,-0.32,0.84
2018-08-15 02:00:00,15,294.2,375,0,0,78.200005,-1.16,1.64
2018-08-15 08:00:00,15,293.7,355,19,0,83,-0.84999996,2.06
2018-07-30 08:00:00,16,293.2,9.999e+20,9.999e+20,9.999e+20,97.6,0.19999999,-0.94
2018-07-30 14:00:00,16,298.2,410,288,9.5e-05,84.1,0.57,-0.72999996
2018-07-30 20:00:00,16,296.30002,394,514,0.000256,93.1,1.23,-0.29999998
2018-07-31 02:00:00,16,290.56,371,1,0.000503,99.200005,0.90999997,0.04
2018-07-31 08:00:00,16,294.30002,402,8,4.2e-05,98.1,1.03,-0.95
2018-07-31 14:00:00,16,297.1,404,449,0.00035,93.200005,3.08,-0.7
2018-07-31 20:00:00,16,295.2,408,113,0.000614,98.3,1.9,-0.08
2018-08-01 02:00:00,16,294.5,416,1,2.2e-05,98.700005,1.92,0.24
2018-08-01 08:00:00,16,294.30002,405,8,1.4e-05,98.200005,2.1399999,0.38
2018-08-01 14:00:00,16,298.2,407,378,0.000105,80.4,3.55,1.38
2018-08-01 20:00:00,16,296,406,406,7.6e-05,91.9,2.07,0.35999998
2018-08-02 02:00:00,16,293.9,396,1,4.4e-05,99.1,1.81,0.38
2018-08-02 08:00:00,16,293.9,401,10,4.5e-05,98.5,1.52,0.14999999
2018-08-02 14:00:00,16,300,399,535,0.000119,71.3,3.35,-0.01
2018-08-02 20:00:00,16,296.80002,406,411,7.8e-05,84.8,3.33,-0.26
2018-08-03 02:00:00,16,293.6,391,1,4e-05,99,1.91,0.35999998
2018-08-03 08:00:00,16,293.80002,402,8,0.00031,98.700005,2.36,-0.81
2018-08-03 14:00:00,16,296.9,406,301,0.00024,90.1,4.13,0.95
2018-08-03 20:00:00,16,295.9,406,351,9.6e-05,95,2.08,0.06
2018-08-04 02:00:00,16,293.5,385,1,5e-06,99.5,1.37,1.01
2018-08-04 08:00:00,16,293.9,407,8,1e-05,98,1.25,0.82
2018-08-04 14:00:00,16,300.5,410,453,6.9e-05,72.9,2.54,0.24
2018-08-04 20:00:00,16,296.30002,400,454,0.000291,94.8,1.3199999,0.22
2018-08-05 02:00:00,16,293.4,386,1,3.6e-05,97.4,1.17,1.13
2018-08-05 08:00:00,16,293.9,365,22,0,97.200005,0.98999995,1.11
2018-08-05 14:00:00,16,304,385,680,1e-05,46.7,2.12,0.42
2018-08-05 20:00:00,16,298,399,532,7.2e-05,80.4,1.79,0.42
2018-08-06 02:00:00,16,293.5,378,1,3e-06,93.5,1.0799999,1.62
2018-08-06 08:00:00,16,294.4,366,21,0,90.200005,0.25,1.51
2018-08-06 14:00:00,16,303.2,393,673,0.000103,59.8,2.23,0.65
2018-08-06 20:00:00,16,297.1,407,468,0.000223,94.200005,1.25,1.2099999
2018-08-07 02:00:00,16,293.80002,394,1,0.000121,96.1,0.17999999,1.65
2018-08-07 08:00:00,16,294.1,371,22,5e-06,94.4,-0.049999997,1.4499999
2018-08-07 14:00:00,16,303.2,389,674,2.6e-05,50.4,0.35999998,2.6599998
2018-08-07 20:00:00,16,297.6,405,438,8.8e-05,83.200005,-0.68,1.2099999
2018-08-08 02:00:00,16,292.2,371,1,2e-06,91.9,-0.45999998,1.3299999
2018-08-08 08:00:00,16,293.7,359,21,1e-06,93.3,-0.97999996,1.02
2018-08-08 14:00:00,16,305.9,385,679,1e-06,40.9,-0.02,1.05
2018-08-08 20:00:00,16,297.7,414,429,0.000197,83,-0.32999998,1.36
2018-08-09 02:00:00,16,292.7,384,0,1.6e-05,92.3,-0.58,1.15
2018-08-09 08:00:00,16,293.4,374,15,7.4999996e-05,94.5,-1.22,0.58
2018-08-09 14:00:00,16,303.5,391,644,6.2e-05,56.9,-0.65999997,0.64
2018-08-09 20:00:00,16,295.9,409,388,0.000307,94.700005,-0.03,-1.02
2018-08-10 02:00:00,16,293.5,395,0,0.000188,97.4,-1.35,0.39999998
2018-08-10 08:00:00,16,292.5,386,15,0.00033,97.6,-1.41,0.45999998
2018-08-10 14:00:00,16,301.80002,369,679,4.4e-05,44.9,-2.04,-0.82
2018-08-10 20:00:00,16,295.7,387,457,3e-05,76.4,-0.39999998,-0.25
2018-08-11 02:00:00,16,290.2,349,0,1e-05,83.5,-1.13,1.24
2018-08-11 08:00:00,16,290.2,333,21,0,85,-1.14,1.24
2018-08-11 14:00:00,16,302.30002,351,705,0,37,-1.9699999,0.68
2018-08-11 20:00:00,16,296.7,369,538,0,67,-1.29,0.98999995
2018-08-12 02:00:00,16,291.5,355,0,0,86.3,-1.14,1.56
2018-08-12 08:00:00,16,291.6,340,20,0,86.9,-1.14,1.4499999
2018-08-12 14:00:00,16,304.80002,359,698,0,37.8,-1.03,0.42999998
2018-08-12 20:00:00,16,297.30002,386,522,0,72.5,-0.5,-0.41
2018-08-13 02:00:00,16,291.4,368,0,7e-06,92.8,-1.0799999,0.45
2018-08-13 08:00:00,16,294.80002,357,19,0,85.1,0.12,0.17999999
2018-08-13 14:00:00,16,302.7,383,661,3.7e-05,48.5,2.75,0.22
2018-08-13 20:00:00,16,295.6,387,492,0.000104,84.200005,1.26,0.21
2018-08-14 02:00:00,16,291,359,0,9e-06,91.8,1.04,1.26
2018-08-14 08:00:00,16,291.9,347,19,0,93.8,0.53,1.39
2018-08-14 14:00:00,16,301.9,370,680,2.5e-05,50.100002,2.46,1.03
2018-08-14 20:00:00,16,295.9,386,509,7.8e-05,85.9,1.49,0.71999997
2018-08-15 02:00:00,16,291.80002,366,0,5.6e-05,97.3,0.25,1.5999999
2018-08-15 08:00:00,16,291.9,356,18,0,97.200005,-0.55,1.51
2018-07-30 08:00:00,17,293,9.999e+20,9.999e+20,9.999e+20,98.200005,0.31,-1.01
2018-07-30 14:00:00,17,298.5,412,261,9e-05,82.1,0.78999996,-0.34
2018-07-30 20:00:00,17,296.2,397,468,0.000269,92.1,1.37,-0.53999996
2018-07-31 02:00:00,17,292.13998,372,1,0.000343,98.4,1.0799999,0.71
2018-07-31 08:00:00,17,294.4,394,10,2.5e-05,97.4,0.9,-0.83
2018-07-31 14:00:00,17,297.4,406,440,0.000278,90.9,2.09,-0.65
2018-07-31 20:00:00,17,295.4,406,209,0.000598,97.700005,2.22,-0.06
2018-08-01 02:00:00,17,293.80002,404,1,3.2e-05,99,1.9699999,0.21
2018-08-01 08:00:00,17,294.1,406,9,2.2e-05,98.700005,1.99,0.51
2018-08-01 14:00:00,17,298.6,405,437,5.8e-05,77.9,3.21,1.4599999
2018-08-01 20:00:00,17,296.1,411,282,0.000123,93,2.1599998,0.41
2018-08-02 02:00:00,17,293.7,388,1,2.9e-05,99,1.92,0.65999997
2018-08-02 08:00:00,17,293.7,399,7,6.6e-05,98.700005,1.42,0.049999997
2018-08-02 14:00:00,17,297.6,407,325,0.00023,84.3,3.3,-0.12
2018-08-02 20:00:00,17,295.4,404,255,0.000331,95.4,3.1999998,0.61
2018-08-03 02:00:00,17,293.2,389,1,2.6e-05,99.1,1.38,0.96999997
2018-08-03 08:00:00,17,294.1,408,4,2.5e-05,98.200005,2.22,0.089999996
2018-08-03 14:00:00,17,297.9,402,387,0.000112,81.9,2.51,1.41
2018-08-03 20:00:00,17,295.7,405,267,8.7e-05,94.3,1.54,-0.32
2018-08-04 02:00:00,17,293.6,391,1,0.000255,98.9,1.87,-0.32
2018-08-04 08:00:00,17,293.9,399,9,8.6e-05,98.3,2.22,-0.14999999
2018-08-04 14:00:00,17,299.1,413,372,6.2e-05,76.200005,2.97,1.66
2018-08-04 20:00:00,17,296.5,396,518,0.000195,94.8,1.7199999,0.79999995
2018-08-05 02:00:00,17,293.4,383,1,6e-06,98.6,0.97999996,1.65
2018-08-05 08:00:00,17,293.2,362,23,4e-05,96.6,-0.51,1.4699999
2018-08-05 14:00:00,17,305.9,381,704,3.6e-05,46.3,-0.44,-0.28
2018-08-05 20:00:00,17,297.15,396,537,0.000152,83.5,1.5,0.85999995
2018-08-06 02:00:00,17,292.85,369,1,6e-06,92.1,-0.65999997,1.6899999
2018-08-06 08:00:00,17,295.6,359,23,0,85.1,-0.55,0.9
2018-08-06 14:00:00,17,307.4,387,703,3e-06,37.9,-0.14999999,-0.91999996
2018-08-06 20:00:00,17,298.80002,418,374,0,71.1,1.68,-0.56
2018-08-07 02:00:00,17,294.1,376,1,0,87.1,0.9,1.81
2018-08-07 08:00:00,17,295.1,365,22,0,82.6,-0.35,1.49
2018-08-07 14:00:00,17,308.1,395,682,0,39.2,0.26,-0.41
2018-08-07 20:00:00,17,299.80002,422,351,0,67.5,1.2099999,0.24
2018-08-08 02:00:00,17,294.7,381,1,0,76.9,0.17,1.7199999
2018-08-08 08:00:00,17,295.5,369,22,0,80.6,-0.85999995,1.3199999
2018-08-08 14:00:00,17,309.2,397,694,1e-06,37.600002,0.049999997,-0.19999999
2018-08-08 20:00:00,17,300.6,431,355,0,65.5,1.1999999,1.22
2018-08-09 02:00:00,17,295.5,397,0,0,81.1,-0.84,1.7099999
2018-08-09 08:00:00,17,295.6,372,21,0,83.4,-0.84,1.52
2018-08-09 14:00:00,17,306.08,395,689,0,41.8,-1.56,2.3899999
2018-08-09 20:00:00,17,300.7,412,513,2e-06,67.8,-1.17,1.9799999
2018-08-10 02:00:00,17,294.9,381,1,0,88.6,-0.65999997,1.77
2018-08-10 08:00:00,17,295.30002,372,20,9e-06,90.200005,-1.25,1.8499999
2018-08-10 14:00:00,17,306.30002,396,686,0,41.3,-2.75,2.1699998
2018-08-10 20:00:00,17,300.9,411,528,0,63.600002,-1.8299999,2.1499999
2018-08-11 02:00:00,17,295,384,0,0,89.6,-0.90999997,1.5
2018-08-11 08:00:00,17,295.2,367,20,0,91.4,-0.96999997,1.37
2018-08-11 14:00:00,17,308.2,393,687,0,33.3,-1.22,1.5899999
2018-08-11 20:00:00,17,301.80002,412,528,0,57.5,-1.4599999,1.54
2018-08-12 02:00:00,17,296.2,382,0,0,78.200005,-1.39,1.53
2018-08-12 08:00:00,17,296.1,370,20,0,85.8,-0.84,1.51
2018-08-12 14:00:00,17,307.5,400,686,0,39.3,-1.36,2.76
2018-08-12 20:00:00,17,302.2,420,524,0,61.4,-1.42,1.65
2018-08-13 02:00:00,17,296.6,392,0,0,78.700005,-0.82,1.8199999
2018-08-13 08:00:00,17,296.2,376,19,0,83.6,-0.35,2
2018-08-13 14:00:00,17,307.2,400,680,0,39.2,-1.3,2.8799999
2018-08-13 20:00:00,17,300.7,417,478,0,65.3,-1.37,2.08
2018-08-14 02:00:00,17,294.5,381,0,0,83.8,-1.35,0.95
2018-08-14 08:00:00,17,294.1,364,19,0,79.9,-1.37,-0.13
2018-08-14 14:00:00,17,304.2,381,674,0,45.2,1.6999999,-0.88
2018-08-14 20:00:00,17,297.2,406,451,0.000128,87.5,1.36,-0.39
2018-08-15 02:00:00,17,293.30002,387,0,1.3e-05,94.8,1.2099999,0.45999998
2018-08-15 08:00:00,17,294.5,371,17,8e-06,93.3,0.87,1.03
2018-07-30 08:00:00,18,293.1,9.999e+20,9.999e+20,9.999e+20,97.700005,0.88,-0.83
2018-07-30 14:00:00,18,296.5,415,136,4.4e-05,87.200005,0.37,-0.58
2018-07-30 20:00:00,18,296,399,409,0.000275,93.5,1.23,-0.42999998
2018-07-31 02:00:00,18,291.87,372,1,0.000522,99,1.14,0.29999998
2018-07-31 08:00:00,18,294.30002,397,6,4.3e-05,98,1.15,-0.62
2018-07-31 14:00:00,18,297.4,412,329,0.000161,91.9,2.85,-0.65999997
2018-07-31 20:00:00,18,295.2,407,136,0.000515,98.4,1.5699999,-0.42
2018-08-01 02:00:00,18,294.15402,407,1,1.7e-05,98.9,1.67,0.71999997
2018-08-01 08:00:00,18,294.4,396,9,3.6e-05,98.1,1.91,0.74
2018-08-01 14:00:00,18,300.2,407,502,6.6e-05,69.6,3.3899999,1.78
2018-08-01 20:00:00,18,296.80002,405,434,9.4e-05,87,1.87,0.41
2018-08-02 02:00:00,18,293.5,387,1,3.7e-05,98.700005,1.74,0.79999995
2018-08-02 08:00:00,18,293.7,385,16,5.8e-05,97.700005,1.4399999,-0.08
2018-08-02 14:00:00,18,300.7,393,601,8.1e-05,66.4,4.3399997,0.26999998
2018-08-02 20:00:00,18,296.30002,400,504,0.000142,94.4,2.22,0.21
2018-08-03 02:00:00,18,294,397,1,7.4e-05,98.8,2.57,-0.22
2018-08-03 08:00:00,18,294.1,402,5,3.4e-05,97.6,3.09,0.71
2018-08-03 14:00:00,18,300.4,418,352,4.2e-05,66.3,3.23,2.73
2018-08-03 20:00:00,18,296.6,407,452,0.000127,92.200005,0.89,1.17
2018-08-04 02:00:00,18,292.4,378,1,0.000101,97.200005,0.39,1.61
2018-08-04 08:00:00,18,293.1,363,18,0,93.9,-0.41,1.3199999
2018-08-04 14:00:00,18,303.30002,392,589,1.7e-05,48.3,1.13,0.98999995
2018-08-04 20:00:00,18,297.2,408,411,0.000126,87.4,-0.42,0.64
2018-08-05 02:00:00,18,293.2,389,1,8e-06,92.700005,1.06,1.51
2018-08-05 08:00:00,18,293.7,372,17,1e-06,92.6,-0.72999996,1.35
2018-08-05 14:00:00,18,304.2,392,658,5.7e-05,55.2,0.35999998,0.01
2018-08-05 20:00:00,18,298,403,506,0.000113,79.4,1.1999999,1.1
2018-08-06 02:00:00,18,293.30002,376,1,4e-06,90.5,-0.32999998,1.8499999
2018-08-06 08:00:00,18,294.5,365,23,0,86.3,-1.11,1.4699999
2018-08-06 14:00:00,18,306.4,391,691,9e-06,40,-1.23,0.9
2018-08-06 20:00:00,18,299.2,419,465,3.5e-05,73,0.17999999,1.75
2018-08-07 02:00:00,18,294.6,382,1,0,86.8,-1.27,1.81
2018-08-07 08:00:00,18,295,369,22,0,85.5,-1.26,2.05
2018-08-07 14:00:00,18,305.6,390,691,0,41.7,-2.02,2.35
2018-08-07 20:00:00,18,299.4,413,504,2.6e-05,74.200005,-1,1.79
2018-08-08 02:00:00,18,294.4,383,1,8e-06,90.200005,-1.06,1.7099999
2018-08-08 08:00:00,18,294.7,367,19,0,88.6,-0.96999997,1.62
2018-08-08 14:00:00,18,305.6,386,692,0,40.100002,-1.9799999,1.91
2018-08-08 20:00:00,18,300.2,408,531,6e-06,68.1,-1.31,1.27
2018-08-09 02:00:00,18,294.80002,385,1,2e-05,86.6,-0.90999997,1.76
2018-08-09 08:00:00,18,295.4,374,21,1.1e-05,89.700005,-1.11,1.65
2018-08-09 14:00:00,18,307.6,394,690,1.4e-05,36.7,-0.87,1.66
2018-08-09 20:00:00,18,301.4,416,519,0,65.4,-0.57,1.87
2018-08-10 02:00:00,18,296.1,390,1,0,78.6,-0.98999995,1.79
2018-08-10 08:00:00,18,295.9,375,20,0,82.8,-0.64,1.77
2018-08-10 14:00:00,18,307.1,400,686,0,39.8,-1.8499999,2.35
2018-08-10 20:00:00,18,301.4,421,501,3e-06,68.1,-1.25,1.3
2018-08-11 02:00:00,18,296.1,397,0,1.5e-05,88.200005,-0.9,1.7199999
2018-08-11 08:00:00,18,296.2,384,20,5e-06,90,-0.91999996,1.68
2018-08-11 14:00:00,18,306.80002,403,680,9.3e-05,42.100002,-2.18,1.78
2018-08-11 20:00:00,18,302,419,507,0,63.8,-1.77,1.73
2018-08-12 02:00:00,18,296.1,394,0,1.8e-05,88.8,-0.76,1.68
2018-08-12 08:00:00,18,296.2,382,19,0,90.5,-1.09,1.09
2018-08-12 14:00:00,18,307.4,405,664,0.000111,46.9,-0.48999998,-1.17
2018-08-12 20:00:00,18,298.2,418,451,0.000298,90.9,0.48,-1.23
2018-08-13 02:00:00,18,294.4,388,0,1.4e-05,98.200005,0.049999997,-1.4499999
2018-08-13 08:00:00,18,293.30002,410,6,2.5e-05,97.3,-0.049999997,-1.52
2018-08-13 14:00:00,18,301.30002,392,537,3e-06,54.5,0.22999999,-1.5799999
2018-08-13 20:00:00,18,296.6,417,265,2e-06,78.4,0.19,-1.4
2018-08-14 02:00:00,18,291,366,0,1e-06,95.4,0.35999998,-0.88
2018-08-14 08:00:00,18,292,364,18,2e-06,89.700005,-0.14,-0.84999996
2018-08-14 14:00:00,18,301.30002,367,665,0,42.100002,0.089999996,-2.6399999
2018-08-14 20:00:00,18,295.2,364,528,0,62.100002,0.61,-1.61
2018-08-15 02:00:00,18,286,331,0,0,92.6,0.35999998,-0.59999996
2018-08-15 08:00:00,18,291.80002,322,19,0,83.3,-0.28,0.71999997
2018-07-30 08:00:00,19,293.1,9.999e+20,9.999e+20,9.999e+20,97.5,-0.42999998,-1.3399999
2018-07-30 14:00:00,19,297.2,414,190,3.7e-05,81.700005,-0.34,-0.84999996
2018-07-30 20:00:00,19,295.9,408,365,0.000197,92.6,0.93,-0.94
2018-07-31 02:00:00,19,291.21,370,1,0.000591,99.700005,-0.29999998,-1.02
2018-07-31 08:00:00,19,293.6,406,5,4.1e-05,98.200005,0.55,-1.1999999
2018-07-31 14:00:00,19,297.7,411,339,0.000188,89.700005,2.09,-0.84
2018-07-31 20:00:00,19,294.7,408,191,0.001063,98.6,1.65,-0.32999998
2018-08-01 02:00:00,19,293.9,412,1,2.6e-05,99,1.8499999,0.02
2018-08-01 08:00:00,19,294.30002,406,5,3e-05,98.1,2.2,0.38
2018-08-01 14:00:00,19,300.4,411,454,7.4e-05,69.6,4.0499997,1.18
2018-08-01 20:00:00,19,296,401,489,0.000267,95,2.19,0.47
2018-08-02 02:00:00,19,293.9,396,1,7.4e-05,99.200005,1.68,0.61
2018-08-02 08:00:00,19,293.80002,405,3,0.000319,99.3,1.35,0.049999997
2018-08-02 14:00:00,19,299,402,455,0.000156,79.5,2.23,0.78
2018-08-02 20:00:00,19,295.1,412,328,0.00075,98,1.48,1.29
2018-08-03 02:00:00,19,292.7,398,0,0.000205,98.8,0.97999996,0.59
2018-08-03 08:00:00,19,293.30002,387,5,0.000296,97.9,0.089999996,0.39999998
2018-08-03 14:00:00,19,294.80002,403,91,0.001081,95.1,1.05,0.66999996
2018-08-03 20:00:00,19,293.7,397,165,0.000214,98.200005,0.39,-0.51
2018-08-04 02:00:00,19,291,378,1,8.4e-05,99.200005,0.42,-0.22999999
2018-08-04 08:00:00,19,293,390,12,8.3e-05,98.200005,1.14,0.02
2018-08-04 14:00:00,19,296.7,408,289,6e-05,87.1,2.1399999,0.21
2018-08-04 20:00:00,19,294.9,400,265,8.9e-05,97.3,1.55,-0.45
2018-08-05 02:00:00,19,292.6,382,1,4.7e-05,98.9,1.14,1.03
2018-08-05 08:00:00,19,293.30002,365,20,1.7e-05,97.6,1,1.06
2018-08-05 14:00:00,19,301.7,396,524,1.9e-05,60.100002,0.96999997,0.91999996
2018-08-05 20:00:00,19,296.5,404,400,0.00017,93.3,1.65,0.58
2018-08-06 02:00:00,19,293.1,377,1,1e-05,97.700005,0.42999998,1.79
2018-08-06 08:00:00,19,293.5,371,22,0,96.8,-0.41,1.55
2018-08-06 14:00:00,19,301.4,388,688,9.6e-05,76,-1.0799999,1.4399999
2018-08-06 20:00:00,19,297.1,397,534,0.000259,89.4,-0.45999998,1.35
2018-08-07 02:00:00,19,293,376,1,3e-06,97.1,-0.65999997,2.01
2018-08-07 08:00:00,19,293.4,362,22,0,96.200005,-1.14,1.9499999
2018-08-07 14:00:00,19,303.4,389,674,1.1e-05,51.8,-0.90999997,2.3
2018-08-07 20:00:00,19,298.6,410,453,7.1e-05,80.6,-0.90999997,1.51
2018-08-08 02:00:00,19,293.80002,385,1,1e-06,95.700005,-0.28,1.77
2018-08-08 08:00:00,19,293.80002,366,21,0.000134,96,-0.64,1.56
2018-08-08 14:00:00,19,304.30002,382,693,0,46.4,-2.6699998,2.06
2018-08-08 20:00:00,19,299.30002,406,524,3.8e-05,75.5,-0.45,1.61
2018-08-09 02:00:00,19,293.9,382,1,3e-05,92.8,-0.69,1.89
2018-08-09 08:00:00,19,294.6,375,20,4e-06,90.9,-0.25,2.52
2018-08-09 14:00:00,19,305.7,395,683,0,46,-3.56,4.3399997
2018-08-09 20:00:00,19,300.6,408,530,0,67.3,-1.4,2.35
2018-08-10 02:00:00,19,296.5,387,1,0,81.4,-1.18,2.59
2018-08-10 08:00:00,19,295.1,368,21,0,86.4,-1.6999999,1.75
2018-08-10 14:00:00,19,303.2,357,715,0,37.8,-4.31,0.55
2018-08-10 20:00:00,19,297.4,368,550,0,57.4,-2.11,1.13
2018-08-11 02:00:00,19,290.2,330,0,0,71.700005,-1.0799999,1.48
2018-08-11 08:00:00,19,290.30002,315,22,0,75.8,-0.85999995,1.55
2018-08-11 14:00:00,19,305.80002,347,712,0,29.1,1.22,2.3899999
2018-08-11 20:00:00,19,300.2,391,532,0,57.4,1.11,1.92
2018-08-12 02:00:00,19,294.2,372,0,3.4e-05,71.3,-0.5,2.27
2018-08-12 08:00:00,19,294,373,20,2.8e-05,84.3,-0.51,2
2018-08-12 14:00:00,19,306.5,401,663,0,46.100002,-1.7099999,1.24
2018-08-12 20:00:00,19,299.9,427,439,6.5e-05,77.8,-1,-0.84999996
2018-08-13 02:00:00,19,294.4,387,0,1e-04,95.700005,-1.28,-0.84
2018-08-13 08:00:00,19,294.80002,380,14,3e-06,98.200005,-1.1999999,-1.26
2018-08-13 14:00:00,19,300.80002,420,359,2.6e-05,72,0.26999998,-2.07
2018-08-13 20:00:00,19,296.7,402,423,0.000164,92.5,-0.12,-1.3199999
2018-08-14 02:00:00,19,292.6,380,0,3e-05,98.700005,0.14999999,-0.84
2018-08-14 08:00:00,19,295.1,403,4,3e-05,97.4,1.16,-0.14
2018-08-14 14:00:00,19,298.9,426,195,2.9e-05,82.5,2.37,0.77
2018-08-14 20:00:00,19,297.30002,421,289,5.1e-05,90.5,1.55,-0.01
2018-08-15 02:00:00,19,293.80002,379,0,4.5e-05,99,1.26,0.96
2018-08-15 08:00:00,19,294.30002,374,17,0,96.5,-0.34,1.12
2018-07-30 08:00:00,20,292.80002,9.999e+20,9.999e+20,9.999e+20,97.1,0.16,-0.47
2018-07-30 14:00:00,20,296,413,154,4.4e-05,87.700005,0.26,-0.97999996
2018-07-30 20:00:00,20,296.30002,407,326,7.7e-05,87.4,1.2099999,-0.71
2018-07-31 02:00:00,20,291.47,377,1,0.000256,98.200005,1.04,0.48999998
2018-07-31 08:00:00,20,294.1,391,14,6e-06,97.3,0.90999997,-0.61
2018-07-31 14:00:00,20,298.2,404,472,0.000154,89.200005,2.83,-0.21
2018-07-31 20:00:00,20,295.7,409,284,0.000413,97.4,2.19,0.17999999
2018-08-01 02:00:00,20,294.2,406,1,2.1e-05,98.200005,2.36,0.19
2018-08-01 08:00:00,20,294.2,412,9,1.4e-05,97.700005,2.34,0.85999995
2018-08-01 14:00:00,20,298.4,415,347,6e-05,81.1,3.78,0.98999995
2018-08-01 20:00:00,20,296,402,374,0.000156,94.200005,2.61,0.44
2018-08-02 02:00:00,20,293.7,386,1,1e-05,98.8,2.1499999,0.53999996
2018-08-02 08:00:00,20,294.2,408,7,2.1e-05,97.200005,2.46,0.41
2018-08-02 14:00:00,20,301.2,407,556,6.1e-05,63.8,3.79,1.4699999
2018-08-02 20:00:00,20,296.80002,400,507,0.000204,92.4,2.06,0.25
2018-08-03 02:00:00,20,293.7,381,1,2e-06,99.3,1.78,0.61
2018-08-03 08:00:00,20,294.2,400,8,9.2e-05,98.3,1.81,-0.64
2018-08-03 14:00:00,20,295.7,406,149,0.00034,95.700005,3.55,-0.57
2018-08-03 20:00:00,20,295.5,410,201,0.000176,96.8,1.9499999,0.03
2018-08-04 02:00:00,20,293.4,395,1,3.9e-05,99.1,1.5699999,0.7
2018-08-04 08:00:00,20,294.1,391,15,6e-06,97.8,0.75,1.36
2018-08-04 14:00:00,20,301.2,406,595,0.000103,69.4,1.16,0.65999997
2018-08-04 20:00:00,20,296,404,458,0.000422,97.200005,1.74,0.35999998
2018-08-05 02:00:00,20,293.4,384,0,7e-05,98.1,0.42999998,1.55
2018-08-05 08:00:00,20,294.1,371,22,0,95.4,-0.25,1.37
2018-08-05 14:00:00,20,304.1,391,690,1e-04,57.2,-0.72999996,0.57
2018-08-05 20:00:00,20,296.87,402,530,0.000319,91.6,1.8399999,0.52
2018-08-06 02:00:00,20,293.4,377,1,7e-06,94.8,-0.65,1.62
2018-08-06 08:00:00,20,294.80002,368,22,2e-06,91.4,-1.01,1.11
2018-08-06 14:00:00,20,306.5,393,695,2.3e-05,45.3,-1.01,0.24
2018-08-06 20:00:00,20,298.2,410,526,0.000191,84.700005,0.42,0.78999996
2018-08-07 02:00:00,20,293.5,377,1,1.8e-05,93.6,-0.31,1.81
2018-08-07 08:00:00,20,294.2,366,22,1e-06,94.1,-1.09,1.38
2018-08-07 14:00:00,20,307.6,391,693,1.8e-05,40.9,-0.78,0.55
2018-08-07 20:00:00,20,298.9,412,466,0.00026,84.3,-0.22,0.66999996
2018-08-08 02:00:00,20,293.7,380,1,2.7e-05,92.1,-0.79999995,1.4399999
2018-08-08 08:00:00,20,294.6,370,21,0,95.1,-0.93,1.0799999
2018-08-08 14:00:00,20,306.6,399,667,1.2e-05,46.600002,-0.69,0.53999996
2018-08-08 20:00:00,20,298.80002,418,446,0.000244,88.700005,0.47,-0.29
2018-08-09 02:00:00,20,293.9,384,1,2e-06,93.3,-0.76,1.14
2018-08-09 08:00:00,20,295.80002,380,19,3e-06,92.8,-1.11,0.61
2018-08-09 14:00:00,20,304.4,401,669,8e-05,64,-0.049999997,0.51
2018-08-09 20:00:00,20,298.6,408,494,0.00025,89.4,0.26999998,0.16
2018-08-10 02:00:00,20,293.9,390,0,7.7e-05,95.6,-0.87,0.95
2018-08-10 08:00:00,20,294.4,376,18,0.000159,96.700005,-1.4,0.26999998
2018-08-10 14:00:00,20,301.4,386,671,0.000228,67.200005,-1.5799999,-1.5999999
2018-08-10 20:00:00,20,295.80002,392,516,0.000228,95.3,-1.23,-1.9399999
2018-08-11 02:00:00,20,293.29,397,0,4.6e-05,98.200005,-1.41,-1.27
2018-08-11 08:00:00,20,292.6,403,8,2.9e-05,97.8,-1.89,-1.8199999
2018-08-11 14:00:00,20,297.30002,400,349,1.9e-05,67,-1.74,-2.3799999
2018-08-11 20:00:00,20,294.5,401,232,4e-06,82.700005,-0.82,-1.16
2018-08-12 02:00:00,20,289.9,351,0,0,97.3,-1.52,-0.31
2018-08-12 08:00:00,20,291,349,16,0,94.200005,-1.36,0.14
2018-08-12 14:00:00,20,302.7,391,530,3e-06,52.5,-0.74,-0.32
2018-08-12 20:00:00,20,294.9,394,428,0.000208,88.8,0.22,0.53999996
2018-08-13 02:00:00,20,291,356,0,1e-06,93.700005,-0.17999999,1.73
2018-08-13 08:00:00,20,290.7,343,19,0,97,-0.78999996,1.61
2018-08-13 14:00:00,20,302.2,361,692,0,43.8,-2.11,2.53
2018-08-13 20:00:00,20,297.80002,384,523,2e-06,68.700005,-1.56,2.6499999
2018-08-14 02:00:00,20,292.2,365,0,7e-06,86.8,-2.1,2.6499999
2018-08-14 08:00:00,20,289.2,320,20,0,84.6,-1.5699999,1.76
2018-08-14 14:00:00,20,297.9,318,718,0,43.9,-2.25,1.42
2018-08-14 20:00:00,20,293.6,340,543,0,68.700005,-1.68,1.3
2018-08-15 02:00:00,20,287.30002,321,0,0,87.5,-1.1999999,1.23
2018-08-15 08:00:00,20,287.6,309,18,0,84.200005,-1.2099999,0.9
2018-07-30 08:00:00,21,293.4,9.999e+20,9.999e+20,9.999e+20,98,0.14,-1.04
2018-07-30 14:00:00,21,298.9,413,295,0.000152,85.3,-0.01,-0.45999998
2018-07-30 20:00:00,21,296.2,391,537,0.000251,94.3,1.4399999,-0.19999999
2018-07-31 02:00:00,21,291.2,372,1,0.000517,98.9,0.90999997,0.48999998
2018-07-31 08:00:00,21,294.5,393,11,3.8e-05,96.9,0.90999997,-0.39999998
2018-07-31 14:00:00,21,298.30002,404,547,0.000293,89.700005,2.8899999,-0.65999997
2018-07-31 20:00:00,21,295.30002,409,190,0.000692,98.4,1.7199999,-0.26
2018-08-01 02:00:00,21,294.2,407,0,0.000162,98.700005,1.8,0.44
2018-08-01 08:00:00,21,294,402,7,7.1e-05,97.9,1.9,1.23
2018-08-01 14:00:00,21,299,413,396,5e-05,75,3.46,1.89
2018-08-01 20:00:00,21,297.80002,400,467,1.1e-05,76.4,2.1499999,0.83
2018-08-02 02:00:00,21,292.7,374,1,4.4e-05,98.700005,1.4599999,1.27
2018-08-02 08:00:00,21,293.5,372,17,1.3e-05,94.5,0.25,1.22
2018-08-02 14:00:00,21,298,399,482,0.000157,89.200005,2.12,0.96
2018-08-02 20:00:00,21,296.4,406,426,0.000356,94,1.7099999,0.17999999
2018-08-03 02:00:00,21,293.2,382,1,0.000538,99,1.2099999,0.87
2018-08-03 08:00:00,21,293.5,387,9,6.1e-05,99.1,1.79,-0.68
2018-08-03 14:00:00,21,295,403,136,0.00041,97.1,2.9099998,-0.29999998
2018-08-03 20:00:00,21,294.5,406,48,0.000957,97.700005,3.6599998,-0.26
2018-08-04 02:00:00,21,293.4,405,0,0.000781,97.8,1.99,2.24
2018-08-04 08:00:00,21,292.9,379,17,1.1e-05,98.200005,0.07,1.8299999
2018-08-04 14:00:00,21,301.6,391,560,0,51,0,1.88
2018-08-04 20:00:00,21,296.80002,404,307,2e-06,79.6,1.81,0.39
2018-08-05 02:00:00,21,292.9,381,1,1.1e-05,97.3,0.85999995,1.6999999
2018-08-05 08:00:00,21,293.30002,369,15,0,91.700005,0.44,1.35
2018-08-05 14:00:00,21,302.5,384,649,2.5e-05,49,2.3899999,0.26999998
2018-08-05 20:00:00,21,296.80002,393,507,6.2e-05,88.4,1.93,0.39999998
2018-08-06 02:00:00,21,292.80002,368,1,1.4e-05,98.700005,0.83,1.8199999
2018-08-06 08:00:00,21,293,357,23,3e-06,95,0.16,1.6999999
2018-08-06 14:00:00,21,302.9,383,685,2.3e-05,53.600002,1.4399999,2.23
2018-08-06 20:00:00,21,296.9,393,535,0.000224,85.4,0.69,1.63
2018-08-07 02:00:00,21,292.5,377,1,5.2e-05,94.5,-0.22999999,2.18
2018-08-07 08:00:00,21,292.5,347,20,0,93,-0.39,2.09
2018-08-07 14:00:00,21,304,371,699,0,39.7,-1.5,3.1899998
2018-08-07 20:00:00,21,298.1,391,539,2.5e-05,71,0.59999996,2.1299999
2018-08-08 02:00:00,21,292.80002,381,1,7e-06,83.4,0.57,1.63
2018-08-08 08:00:00,21,293.4,361,21,0,87.1,0.96999997,1.61
2018-08-08 14:00:00,21,303.7,389,683,2.9e-05,53.100002,1.9399999,3.62
2018-08-08 20:00:00,21,298.5,413,479,3.9e-05,79.3,0.17999999,2.48
2018-08-09 02:00:00,21,294.4,397,0,0.000159,96.1,1.4499999,1.93
2018-08-09 08:00:00,21,295.4,390,18,4e-06,94.200005,-0.24,2.5
2018-08-09 14:00:00,21,305.6,412,572,0,49.2,-2.02,3.6499999
2018-08-09 20:00:00,21,301.1,426,499,3.2e-05,73.200005,0.14999999,2.02
2018-08-10 02:00:00,21,296.1,387,1,0,83.3,-0.53,2.52
2018-08-10 08:00:00,21,297.2,375,20,0,78.9,-0.94,3.34
2018-08-10 14:00:00,21,305.30002,406,669,0,48.7,-3.52,4.5899997
2018-08-10 20:00:00,21,299.80002,402,532,0,64.3,-2.09,1.5899999
2018-08-11 02:00:00,21,292.53,357,0,0,76.6,-1.51,1.23
2018-08-11 08:00:00,21,291.5,330,21,0,83.4,-1.05,1.4399999
2018-08-11 14:00:00,21,304.30002,355,706,0,35.5,-2.3899999,1.7099999
2018-08-11 20:00:00,21,298.6,380,539,0,61,-1.9,1.15
2018-08-12 02:00:00,21,292.80002,354,0,0,72.9,-1.13,1.43
2018-08-12 08:00:00,21,294,353,20,0,76.200005,-0.96999997,1.31
2018-08-12 14:00:00,21,307.4,389,683,0,36.5,-0.51,1.86
2018-08-12 20:00:00,21,301.2,420,505,0,66.200005,-0.35999998,0.91999996
2018-08-13 02:00:00,21,295.2,388,0,4e-06,80.200005,-0.34,1.5899999
2018-08-13 08:00:00,21,296.2,379,19,0,81.6,0.08,1.8
2018-08-13 14:00:00,21,308.30002,405,680,0,36.3,0.42,3.1799998
2018-08-13 20:00:00,21,302.1,435,448,0,60.3,1.26,1.8
2018-08-14 02:00:00,21,296,394,0,1.1e-05,81.6,0.96999997,1.9699999
2018-08-14 08:00:00,21,295.30002,381,18,1.4e-05,87.5,-0.22999999,1.8299999
2018-08-14 14:00:00,21,304.30002,408,604,1.4e-05,51.3,-1.09,2.85
2018-08-14 20:00:00,21,298.30002,409,429,0.000116,70.6,-2.09,1.03
2018-08-15 02:00:00,21,291.6,374,0,5e-06,74.9,-1.09,1.42
2018-08-15 08:00:00,21,289.6,333,19,7e-06,78.4,-1.53,0.83
