forecast.date,ensembles,tmp2m,dlwrfsfc,dswrfsfc,pratesfc,rh2m,vgrd10m,ugrd10m
2018-06-04 18:00:00,1,299.30002,9999e17,9999e17,9999e17,36.2,-2.21,3.6999998
2018-06-05 00:00:00,1,294.1,337,602,0,61.9,-1.88,1.92
2018-06-05 06:00:00,1,287.5,312,2,0,81.4,-2.1499999,2.03
2018-06-05 12:00:00,1,287.7,302,36,0,80.5,-0.96,1.8399999
2018-06-05 18:00:00,1,299.9,321,768,0,34.7,-1.9699999,1.63
2018-06-06 00:00:00,1,294.7,358,559,2.6e-5,70,0.13,1.99
2018-06-06 06:00:00,1,287.7,330,2,1.5e-5,87.200005,-1.24,2.04
2018-06-06 12:00:00,1,289.7,318,42,0,84.1,-1.6899999,2.12
2018-06-06 18:00:00,1,298.2,333,772,0,37.8,-2.44,1.7099999
2018-06-07 00:00:00,1,292.80002,338,590,0,70.3,-1.51,-0.39
2018-06-07 06:00:00,1,285.1,315,2,0,96,-1.37,-1.04
2018-06-07 12:00:00,1,287,366,11,1.9e-5,94.1,-0.35,-0.93
2018-06-07 18:00:00,1,296.9,357,602,4e-6,57.5,1.78,0.19
2018-06-08 00:00:00,1,294.1,375,400,5e-6,80.8,1.4,-0.28
2018-06-08 06:00:00,1,289.1,339,2,0,97.6,1.09,1.61
2018-06-08 12:00:00,1,291.5,334,41,0,89.9,0.59999996,1.3299999
2018-06-08 18:00:00,1,303.80002,362,764,0,41.5,1.3199999,-0.13
2018-06-09 00:00:00,1,295.5,382,552,7.2e-5,87.4,1.9699999,0.39999998
2018-06-09 06:00:00,1,291,356,2,1.9e-5,98.1,1.22,1.6999999
2018-06-09 12:00:00,1,292.6,347,41,0,95.5,0.17,1.4499999
2018-06-09 18:00:00,1,302.9,369,758,1.6e-4,46.8,1.5999999,1.3299999
2018-06-10 00:00:00,1,296.5,390,554,2.23e-4,88.1,0.48999998,1.86
2018-06-10 06:00:00,1,291.6,362,2,1.66e-4,97.6,-0.099999994,2.1499999
2018-06-10 12:00:00,1,292.9,351,41,2.3e-5,93.4,-0.34,2.22
2018-06-10 18:00:00,1,301,381,710,4e-5,55.2,-2.4099998,3.55
2018-06-11 00:00:00,1,296.1,400,367,1.4e-5,82.6,-1.06,0.91999996
2018-06-11 06:00:00,1,291.2,374,1,4.4e-5,97.5,-1.15,1.28
2018-06-11 12:00:00,1,291.4,366,26,0,95.3,-2,0
2018-06-11 18:00:00,1,297.5,371,654,3.5e-5,65.200005,-0.32,-2.58
2018-06-12 00:00:00,1,293.5,365,550,2.12e-4,93.8,0.52,-1.16
2018-06-12 06:00:00,1,289.9,356,3,7.4999996e-5,98.3,-0.03,-1.3
2018-06-12 12:00:00,1,289.4,379,23,2.4e-5,95.5,-0.47,-0.68
2018-06-12 18:00:00,1,297.2,364,563,1.1e-5,51.7,1.05,-1.78
2018-06-13 00:00:00,1,294.30002,378,415,5e-6,71.8,1.26,-1.5799999
2018-06-13 06:00:00,1,288.9,376,1,3e-6,84.8,0.42999998,-1.35
2018-06-13 12:00:00,1,289.4,333,39,0,80.200005,0.56,-0.53999996
2018-06-13 18:00:00,1,297.1,339,735,0,49.3,2.83,-1.5999999
2018-06-14 00:00:00,1,293.6,360,486,2e-6,68.700005,1.63,-1.81
2018-06-14 06:00:00,1,284.30002,330,3,0,95.5,0.71,-0.59999996
2018-06-14 12:00:00,1,289.4,307,41,0,80.9,-0.11,-0.26
2018-06-14 18:00:00,1,297.80002,329,771,0,44,1.3199999,-2.6799998
2018-06-15 00:00:00,1,292.88,342,579,0,68.700005,1.18,-1.35
2018-06-15 06:00:00,1,281.9,306,3,0,93.3,-0.59999996,-0.5
2018-06-15 12:00:00,1,288.7,293,44,0,81.1,-1.27,0.01
2018-06-15 18:00:00,1,299.80002,320,792,0,34.5,-0.78999996,-2.52
2018-06-16 00:00:00,1,294.4,339,606,0,68.1,0.61,-1.5
2018-06-16 06:00:00,1,283.1,319,3,0,93.200005,0.39999998,-0.06
2018-06-16 12:00:00,1,291.6,314,42,0,77.1,0.24,0.14999999
2018-06-16 18:00:00,1,303.5,349,773,0,37.9,-0.08,-1.26
2018-06-17 00:00:00,1,296.6,371,580,0,67,1.1999999,-1.3399999
2018-06-17 06:00:00,1,287.1,345,3,0,92.6,1.15,0.31
2018-06-17 12:00:00,1,293.1,335,41,0,76.4,-0.38,1.03
2018-06-17 18:00:00,1,306.6,371,762,0,37.2,-0.48,-0.58
2018-06-18 00:00:00,1,298.9,414,334,1.2e-5,79,0.59999996,0.04
2018-06-18 06:00:00,1,289.1,377,3,5.4e-5,92.200005,0.28,0.42
2018-06-18 12:00:00,1,294.4,352,40,0,88.3,-0.87,0.71999997
2018-06-18 18:00:00,1,307.1,382,750,7e-6,39.100002,-0.45,0.44
2018-06-19 00:00:00,1,298.9,412,421,1.26e-4,85.4,-0.03,0.96999997
2018-06-19 06:00:00,1,291.80002,375,3,6e-6,91,-0.42,1.25
2018-06-19 12:00:00,1,294.2,361,39,0,94,-0.81,1.3299999
2018-06-19 18:00:00,1,304.9,385,744,1e-5,40.8,-0.35999998,2.1599998
2018-06-20 00:00:00,1,298.2,403,497,1.46e-4,84.700005,-0.75,1.55
2018-06-20 06:00:00,1,292.7,374,3,3.5e-5,96.9,-0.90999997,1.52
2018-06-20 12:00:00,1,293.80002,363,34,1.8e-5,94.700005,-0.71999997,1.37
2018-06-20 18:00:00,1,303.30002,390,637,1.4e-5,44.2,-0.63,2.4099998
2018-06-04 18:00:00,2,297.9,9999e17,9999e17,9999e17,39.600002,-3.03,4.0899997
2018-06-05 00:00:00,2,293.5,331,605,0,62.600002,-1.62,2
2018-06-05 06:00:00,2,286.2,307,2,0,86.5,-1.49,1.86
2018-06-05 12:00:00,2,287.5,297,37,0,80.5,-0.90999997,1.9699999
2018-06-05 18:00:00,2,300.7,326,752,0,34.2,-1.04,1.76
2018-06-06 00:00:00,2,294.2,363,513,4e-6,71.5,0.13,1.78
2018-06-06 06:00:00,2,288.2,329,2,0,78.4,-1.17,2.09
2018-06-06 12:00:00,2,290,319,42,0,81,-2.27,2.04
2018-06-06 18:00:00,2,298.2,330,767,0,36.5,-2.1699998,0.16
2018-06-07 00:00:00,2,292.7,342,571,0,72.200005,-0.11,-1.4
2018-06-07 06:00:00,2,283.1,313,2,0,94.6,-0.34,-1.0699999
2018-06-07 12:00:00,2,288.7,304,42,0,82.8,0.04,-0.22999999
2018-06-07 18:00:00,2,300,338,747,0,44.2,1.38,0.26
2018-06-08 00:00:00,2,294.7,361,542,0,71.3,1.4499999,-0.57
2018-06-08 06:00:00,2,288.80002,337,2,0,88.6,1.39,1.6899999
2018-06-08 12:00:00,2,291.9,333,41,0,83.9,0.04,2.1
2018-06-08 18:00:00,2,306.2,371,757,6e-6,39.8,0.37,0.22999999
2018-06-09 00:00:00,2,297.2,395,500,5.7e-5,77.8,1.7199999,0.64
2018-06-09 06:00:00,2,291,357,2,0,89.5,0.38,2.1299999
2018-06-09 12:00:00,2,293.4,346,41,0,83.6,0.01,2.02
2018-06-09 18:00:00,2,303.80002,379,758,4.2e-5,46.9,1.3,1.53
2018-06-10 00:00:00,2,298.4,393,573,5.6e-5,76.8,0.08,1.8199999
2018-06-10 06:00:00,2,292.30002,368,2,4.2e-5,95.9,-0.48999998,1.99
2018-06-10 12:00:00,2,293.2,358,34,1.04e-4,94.5,-0.88,1.81
2018-06-10 18:00:00,2,301.2,380,742,6.6e-5,64.1,-0.38,1.8499999
2018-06-11 00:00:00,2,296.6,393,541,3.18e-4,88.700005,-1.38,0.5
2018-06-11 06:00:00,2,289.2,377,2,3.62e-4,97.1,-0.11,-0.65999997
2018-06-11 12:00:00,2,292.4,351,38,3.7e-5,98.3,-1.0799999,-1.2099999
2018-06-11 18:00:00,2,296.7,399,329,5.3e-5,75.1,-0.66999996,-2.3
2018-06-12 00:00:00,2,292.1,396,220,4.74e-4,97.5,-1.66,-1.8299999
2018-06-12 06:00:00,2,289.30002,394,0,4.17e-4,98.4,-2.22,-0.62
2018-06-12 12:00:00,2,289,372,19,1.5e-5,97.8,-2.3799999,-0.71
2018-06-12 18:00:00,2,294.30002,390,330,2.5e-5,73.3,-1.04,-2.4299998
2018-06-13 00:00:00,2,294.50998,368,493,1e-5,75.200005,0.75,-2
2018-06-13 06:00:00,2,286,337,3,0,96.8,0.29,-1.17
2018-06-13 12:00:00,2,289.80002,307,43,0,86.3,-0.62,-0.34
2018-06-13 18:00:00,2,297.9,320,791,0,39.3,1.5999999,-2.72
2018-06-14 00:00:00,2,293.2,329,609,0,68,1.87,-1.0699999
2018-06-14 06:00:00,2,284.80002,310,3,0,92.700005,1.5,0.41
2018-06-14 12:00:00,2,288.5,302,39,0,84.200005,0.47,1.12
2018-06-14 18:00:00,2,299.5,327,764,0,40.4,2.71,-0.089999996
2018-06-15 00:00:00,2,293.8,354,514,0,74,1.68,-0.62
2018-06-15 06:00:00,2,288.30002,344,2,0,88.1,0.79999995,1.4
2018-06-15 12:00:00,2,291.1,343,30,0,77.8,-1.3299999,0.53
2018-06-15 18:00:00,2,303.9,356,731,0,34.600002,-1.3299999,-1.06
2018-06-16 00:00:00,2,298.4,372,593,0,75.200005,0.21,-0.85999995
2018-06-16 06:00:00,2,291.30002,353,3,0,85.9,-0.56,1.6999999
2018-06-16 12:00:00,2,294,349,41,0,82.6,-1.06,1.4599999
2018-06-16 18:00:00,2,304.7,389,707,5e-6,46.8,0.21,1.27
2018-06-17 00:00:00,2,298.9,420,384,4.2e-5,81.1,0.78999996,1.38
2018-06-17 06:00:00,2,293.9,387,3,0,89.9,-0.79999995,1.4699999
2018-06-17 12:00:00,2,295.2,375,39,2e-6,89.3,-0.62,1.4399999
2018-06-17 18:00:00,2,302.80002,400,680,3.5e-5,54.2,0.69,1.89
2018-06-18 00:00:00,2,299.1,417,438,3.9e-5,78.8,-0.44,1.8199999
2018-06-18 06:00:00,2,293.1,381,3,2.9e-5,95.700005,-0.85999995,1.8
2018-06-18 12:00:00,2,294,367,39,0,87.9,-0.32999998,1.8299999
2018-06-18 18:00:00,2,303.30002,384,712,0,40.600002,-0.48,4.0299997
2018-06-19 00:00:00,2,298.4,407,405,0,73.1,-0.17,1.42
2018-06-19 06:00:00,2,292.30002,367,3,0,82.9,0.26,1.76
2018-06-19 12:00:00,2,294.30002,350,40,0,79.6,0.58,1.51
2018-06-19 18:00:00,2,304,387,674,0,42.9,1.8299999,3.75
2018-06-20 00:00:00,2,298.30002,413,315,0,73,1.63,0.94
2018-06-20 06:00:00,2,294.1,384,2,0,82,1.65,1.77
2018-06-20 12:00:00,2,295.1,368,38,0,83.4,2.05,1.5999999
2018-06-20 18:00:00,2,301.4,408,601,3.1e-5,63.3,2.06,4.68
2018-06-04 18:00:00,3,299.5,9999e17,9999e17,9999e17,35.4,-2.19,3.79
2018-06-05 00:00:00,3,293.9,336,602,0,62.600002,-1.8299999,1.8199999
2018-06-05 06:00:00,3,287.7,311,2,0,79.5,-2.3799999,2.2
2018-06-05 12:00:00,3,287.30002,298,36,0,80.200005,-1.23,1.61
2018-06-05 18:00:00,3,300.2,318,760,0,31.7,-1.64,0.53
2018-06-06 00:00:00,3,293.7,355,554,1.8e-5,75.5,-0.089999996,1.89
2018-06-06 06:00:00,3,287.80002,330,2,0,86.5,-1.14,1.9399999
2018-06-06 12:00:00,3,290.30002,319,42,0,78.5,-0.9,2.47
2018-06-06 18:00:00,3,299.7,347,770,1.7e-5,42.2,-2.8899999,3.48
2018-06-07 00:00:00,3,294.7,357,583,2e-6,66.200005,-2.1,0.63
2018-06-07 06:00:00,3,286.6,328,2,0,97,-1.48,-0.84999996
2018-06-07 12:00:00,3,289.2,371,7,2e-5,96.700005,-0.76,-1.3399999
2018-06-07 18:00:00,3,294.30002,391,252,1.7e-5,73.8,0.77,-1.54
2018-06-08 00:00:00,3,294.7,383,377,2e-6,81.200005,1.54,-1.3
2018-06-08 06:00:00,3,290.2,346,2,0,98,1,1.53
2018-06-08 12:00:00,3,292.1,340,41,0,92.700005,0.01,1.43
2018-06-08 18:00:00,3,306.30002,366,766,0,34.9,-0.26999998,1.18
2018-06-09 00:00:00,3,296.6,403,432,1.8e-4,81.4,-1.53,1.36
2018-06-09 06:00:00,3,291.9,372,2,2.72e-4,94.200005,-1.36,1.54
2018-06-09 12:00:00,3,293.2,361,40,0,91.6,-1.5,0.08
2018-06-09 18:00:00,3,303.30002,373,713,3.5e-5,54.600002,0.39999998,0.89
2018-06-10 00:00:00,3,295.5,385,517,3.82e-4,93.6,1.1999999,-0.96999997
2018-06-10 06:00:00,3,290.30002,355,2,1.65e-4,96.6,-0.53,2.01
2018-06-10 12:00:00,3,291.5,338,40,0,95.8,-1.1899999,1.4
2018-06-10 18:00:00,3,299.4,371,741,7.3e-5,71.200005,-0.72999996,1.0699999
2018-06-11 00:00:00,3,294.9,387,487,3.21e-4,94.200005,-0.26999998,-1.37
2018-06-11 06:00:00,3,290.6,370,2,5.76e-4,99.4,0.26,-0.91999996
2018-06-11 12:00:00,3,291.6,393,8,4.02e-4,98.8,0.08,-0.63
2018-06-11 18:00:00,3,291.9,398,67,0.001144,97.8,-2.51,-0.5
2018-06-12 00:00:00,3,289.7,380,110,3.6e-4,95.9,-0.41,-1.03
2018-06-12 06:00:00,3,286.4,330,2,0,98,-1.36,1.14
2018-06-12 12:00:00,3,284.6,289,45,0,85.9,-2.03,1.31
2018-06-12 18:00:00,3,295.7,285,815,0,27.5,-2.7,-1.02
2018-06-13 00:00:00,3,291.5,308,616,0,70.9,0.08,0.16
2018-06-13 06:00:00,3,283.80002,290,3,0,64.3,-0.66999996,1.78
2018-06-13 12:00:00,3,285.7,278,45,0,65.5,-0.87,1.63
2018-06-13 18:00:00,3,302,311,797,0,33.100002,0.099999994,1
2018-06-14 00:00:00,3,295.5,344,605,0,70.9,0.94,0.13
2018-06-14 06:00:00,3,286.80002,322,3,0,83.9,-0.65999997,1.4499999
2018-06-14 12:00:00,3,290.30002,310,44,0,74.8,-0.87,1.37
2018-06-14 18:00:00,3,302,332,788,0,29.4,-1.39,2.55
2018-06-15 00:00:00,3,296.30002,351,602,0,63.9,-1.14,1.0699999
2018-06-15 06:00:00,3,288.9,326,3,0,69.9,-1.5699999,1.3199999
2018-06-15 12:00:00,3,290.9,314,43,0,74.6,-0.90999997,1.37
2018-06-15 18:00:00,3,304.30002,343,779,0,33.3,-0.96999997,0.34
2018-06-16 00:00:00,3,297.30002,368,588,0,65,0.16,-1.68
2018-06-16 06:00:00,3,289.9,352,3,0,91.6,-0.13,-1.65
2018-06-16 12:00:00,3,292.1,341,40,0,89,-0.07,-0.85999995
2018-06-16 18:00:00,3,301,371,737,1e-5,54.600002,2.73,-1.0699999
2018-06-17 00:00:00,3,297.30002,386,561,3.9e-5,80.200005,1.42,-0.69
2018-06-17 06:00:00,3,291,366,3,2e-6,95.9,1.3399999,0.47
2018-06-17 12:00:00,3,293.1,353,38,0,91.1,1.01,1.26
2018-06-17 18:00:00,3,302.80002,379,704,0,45,3.4099998,1.17
2018-06-18 00:00:00,3,298.00998,389,559,4e-6,75.5,1.8199999,0.63
2018-06-18 06:00:00,3,292.6,380,3,3e-6,93.6,1.23,1.3399999
2018-06-18 12:00:00,3,293.9,367,35,0,91.3,0.22,1.5
2018-06-18 18:00:00,3,301.5,390,716,7e-5,61.4,0.38,2.51
2018-06-19 00:00:00,3,298.1,406,476,1.14e-4,86.4,0.59,1
2018-06-19 06:00:00,3,293,382,2,2e-6,96.4,0.42,1.68
2018-06-19 12:00:00,3,294.9,369,38,0,89.200005,-0.53999996,1.3299999
2018-06-19 18:00:00,3,302.30002,395,723,5.3e-5,65.5,0.84999996,1.54
2018-06-20 00:00:00,3,298.12,405,538,2.61e-4,92.4,1.43,0.22
2018-06-20 06:00:00,3,293.9,395,2,1.6e-5,96.1,0.85999995,1.3
2018-06-20 12:00:00,3,295.9,374,38,0,91.3,-0.21,0.72999996
2018-06-20 18:00:00,3,302.80002,398,729,7.6e-5,64.1,2.01,-0.32999998
2018-06-04 18:00:00,4,297.6,9999e17,9999e17,9999e17,41,-2.7,3.82
2018-06-05 00:00:00,4,293.4,331,603,0,61.3,-1.7199999,2.21
2018-06-05 06:00:00,4,286.2,308,2,0,84.6,-1.61,1.92
2018-06-05 12:00:00,4,287.1,295,35,0,80,-0.90999997,1.91
2018-06-05 18:00:00,4,299.7,331,751,0,38,-1.78,2.36
2018-06-06 00:00:00,4,294.5,364,507,3.7e-5,71.6,0.65,2.1299999
2018-06-06 06:00:00,4,288.80002,330,2,0,78.3,-1.31,2.3
2018-06-06 12:00:00,4,289.2,315,42,0,82.1,-1.81,2.07
2018-06-06 18:00:00,4,297.9,323,785,0,37,-2.3,1.4699999
2018-06-07 00:00:00,4,293.2,337,597,0,68.8,-1.13,-0.69
2018-06-07 06:00:00,4,285,320,2,0,96.1,-0.28,-1.4699999
2018-06-07 12:00:00,4,286.80002,359,10,2.7e-5,97,-0.01,-1.12
2018-06-07 18:00:00,4,294,382,299,1.2e-5,72.6,1.05,-0.32
2018-06-08 00:00:00,4,294,382,334,2e-6,82.200005,1.0699999,-1.06
2018-06-08 06:00:00,4,286.80002,343,2,0,97.5,0.88,0.71999997
2018-06-08 12:00:00,4,291.9,333,41,0,91.200005,0.71999997,0.5
2018-06-08 18:00:00,4,302.9,370,733,7e-6,47.3,1.3199999,-0.59
2018-06-09 00:00:00,4,296.4,379,564,3.6e-5,82.1,2.05,0.14
2018-06-09 06:00:00,4,291.30002,360,2,1.1e-5,98.6,0.59,1.62
2018-06-09 12:00:00,4,292.2,348,40,7.6e-5,96.5,1.11,1.86
2018-06-09 18:00:00,4,302.6,377,745,2.9e-5,47.3,0.29,2.7
2018-06-10 00:00:00,4,297.4,403,447,3.1e-5,78,0.45,1.9499999
2018-06-10 06:00:00,4,290.80002,361,2,5.8e-5,94.700005,-0.74,2.11
2018-06-10 12:00:00,4,292.30002,345,41,2.8e-5,93.1,-1.36,1.67
2018-06-10 18:00:00,4,302.6,370,735,1.6e-5,47.100002,-1.55,0.65
2018-06-11 00:00:00,4,296.30002,384,537,2.19e-4,90.8,1.14,0.049999997
2018-06-11 06:00:00,4,291.4,377,2,5.62e-4,98,1.24,-0.81
2018-06-11 12:00:00,4,292.5,367,28,6.8e-5,97.6,0.75,0.91999996
2018-06-11 18:00:00,4,292.7,395,381,2.81e-4,93.700005,-4.97,-0.78999996
2018-06-12 00:00:00,4,286.62,369,172,3.7e-5,88.700005,-2.6399999,-1.11
2018-06-12 06:00:00,4,281.6,301,1,0,91.9,-1.89,0.76
2018-06-12 12:00:00,4,283.9,265,46,0,76.3,-2.33,0.31
2018-06-12 18:00:00,4,293.9,282,815,0,27.9,-1.51,-2.74
2018-06-13 00:00:00,4,290.30002,301,618,0,64.3,0.84,-1.3199999
2018-06-13 06:00:00,4,282.6,286,3,0,73.700005,1.1899999,1.5799999
2018-06-13 12:00:00,4,286,279,44,0,70.8,-0.48,1.52
2018-06-13 18:00:00,4,301.2,311,791,0,28.4,-1.05,0.26
2018-06-14 00:00:00,4,294.2,333,603,0,60.100002,-1.25,1.16
2018-06-14 06:00:00,4,285.80002,309,3,0,76.200005,-1.26,1.38
2018-06-14 12:00:00,4,288.2,298,43,0,75.1,-1.3399999,1.23
2018-06-14 18:00:00,4,302,333,783,0,35.9,-0.79999995,-1.5699999
2018-06-15 00:00:00,4,296.2,360,594,0,67.9,1.3399999,-1.1
2018-06-15 06:00:00,4,286,336,3,0,90.5,0.64,0.64
2018-06-15 12:00:00,4,293.4,331,42,0,79.3,-0.39,1.36
2018-06-15 18:00:00,4,306,364,768,0,37.5,0.56,-0.59
2018-06-16 00:00:00,4,299.4,390,553,0,72.5,0.76,-0.29
2018-06-16 06:00:00,4,291.7,358,3,0,77.700005,0.08,1.8199999
2018-06-16 12:00:00,4,294.80002,345,42,0,77.4,-0.7,1.31
2018-06-16 18:00:00,4,308.2,376,765,0,34,0.07,-0.03
2018-06-17 00:00:00,4,299.9,398,519,0,65.9,0.96999997,0.94
2018-06-17 06:00:00,4,292.5,362,3,0,73.5,-0.29,1.79
2018-06-17 12:00:00,4,295.6,352,41,0,72.6,-0.39999998,1.24
2018-06-17 18:00:00,4,305,383,725,0,37.7,1.7199999,1.37
2018-06-18 00:00:00,4,299.9,402,515,0,66.700005,0.13,1.6899999
2018-06-18 06:00:00,4,293.30002,374,3,0,79.6,-0.26,1.79
2018-06-18 12:00:00,4,294.1,357,40,5e-6,83.700005,0.26,1.65
2018-06-18 18:00:00,4,304.4,380,752,0,40.3,2.58,2.1599998
2018-06-19 00:00:00,4,298.5,398,545,4.1e-5,71.700005,2.06,1.14
2018-06-19 06:00:00,4,292.1,364,3,5e-6,89.5,1.8399999,1.73
2018-06-19 12:00:00,4,293.9,368,38,8e-6,84,2.03,2.6499999
2018-06-19 18:00:00,4,302.5,388,702,3.3e-5,52.8,1.1899999,4.04
2018-06-20 00:00:00,4,298.80002,405,445,1.1e-5,71.8,0.35,1.66
2018-06-20 06:00:00,4,291.80002,366,3,1.4e-5,92.700005,-0.97999996,1.56
2018-06-20 12:00:00,4,293.4,351,40,0,89.1,-1.1,1
2018-06-20 18:00:00,4,304.6,384,712,1e-6,46.5,-0.61,-0.62
2018-06-04 18:00:00,5,300.2,9999e17,9999e17,9999e17,32.7,-1.9699999,3.6499999
2018-06-05 00:00:00,5,294.4,339,601,0,62.2,-1.74,1.8499999
2018-06-05 06:00:00,5,288.2,317,2,0,81.200005,-2.24,1.93
2018-06-05 12:00:00,5,288.1,305,35,0,81,-0.83,1.8399999
2018-06-05 18:00:00,5,300,323,773,0,35.5,-2.04,1.56
2018-06-06 00:00:00,5,294.6,355,582,1.7e-5,70.3,-0.17,2.19
2018-06-06 06:00:00,5,289,332,2,0,77,-1.35,2.21
2018-06-06 12:00:00,5,289.7,319,42,0,81.8,-1.76,1.93
2018-06-06 18:00:00,5,297.80002,340,730,1e-6,41.5,-2.6399999,1.7099999
2018-06-07 00:00:00,5,293.6,360,529,0,71.4,-0.51,-1.01
2018-06-07 06:00:00,5,285.80002,321,2,0,96.4,-1.3399999,-1.11
2018-06-07 12:00:00,5,286.9,340,19,7e-6,92.3,-0.96999997,-1.14
2018-06-07 18:00:00,5,298,370,519,5e-6,51.5,1.8499999,-0.85999995
2018-06-08 00:00:00,5,293.80002,368,449,2e-6,80.5,1.53,-0.21
2018-06-08 06:00:00,5,288.6,334,2,0,97.6,1.14,1.64
2018-06-08 12:00:00,5,291.2,331,41,0,90,0.82,1.27
2018-06-08 18:00:00,5,302.30002,360,765,0,42.9,2.7,0.12
2018-06-09 00:00:00,5,296.7,380,575,6.5e-5,79.4,1.81,0.42999998
2018-06-09 06:00:00,5,290.9,360,2,0,96.700005,1.1899999,1.75
2018-06-09 12:00:00,5,293,349,41,0,88.200005,0.47,1.8
2018-06-09 18:00:00,5,299.7,374,752,2.38e-4,84.200005,0.02,1.9799999
2018-06-10 00:00:00,5,296.30002,391,514,2.08e-4,91.8,1.65,0.83
2018-06-10 06:00:00,5,291.80002,370,2,1.3e-5,96.700005,-0.45999998,2.1599998
2018-06-10 12:00:00,5,292.4,374,32,1.36e-4,97.200005,0.93,2
2018-06-10 18:00:00,5,299,389,615,9.4e-5,63.2,-2.01,3.76
2018-06-11 00:00:00,5,293.6,375,558,1.19e-4,92.200005,-1.3299999,-1.53
2018-06-11 06:00:00,5,287.1,358,3,0,98.700005,0.17999999,-0.71
2018-06-11 12:00:00,5,288.7,329,30,1e-6,95,-0.95,-2.46
2018-06-11 18:00:00,5,297,326,744,0,41,-0.32,-2.8
2018-06-12 00:00:00,5,292.30002,334,586,0,65.6,2.24,-1.63
2018-06-12 06:00:00,5,283.5,305,3,0,94.1,1.37,0.59999996
2018-06-12 12:00:00,5,287.9,296,44,0,80.6,1.39,1
2018-06-12 18:00:00,5,301.1,333,780,0,40.600002,2.75,0.14
2018-06-13 00:00:00,5,297.1,373,574,0,68.9,2.56,0.07
2018-06-13 06:00:00,5,290.7,352,3,0,98.200005,1.3299999,1.79
2018-06-13 12:00:00,5,292.6,346,40,0,90.6,1.16,1.7199999
2018-06-13 18:00:00,5,303.5,392,713,3.5e-5,50.4,0.52,4.94
2018-06-14 00:00:00,5,297.5,385,580,7.3e-5,65.6,-0.75,2.6799998
2018-06-14 06:00:00,5,289.6,340,3,0,82.3,-1.01,1.9699999
2018-06-14 12:00:00,5,291.6,328,41,0,83.3,-0.41,2.4199998
2018-06-14 18:00:00,5,299.27,359,719,9e-6,46.8,-1.62,4.36
2018-06-15 00:00:00,5,295.5,362,560,0,60.600002,-1.8,2.48
2018-06-15 06:00:00,5,287.4,322,3,0,82.700005,-0.96,1.5899999
2018-06-15 12:00:00,5,290.5,317,41,0,72.6,-0.78999996,0.75
2018-06-15 18:00:00,5,298.2,354,729,3.6e-5,56.7,3.24,0.53999996
2018-06-16 00:00:00,5,294.2,369,518,9.5e-5,82.8,1.86,-0.14
2018-06-16 06:00:00,5,288.71,348,3,2.71e-4,97.1,0.22999999,-1.54
2018-06-16 12:00:00,5,290.30002,337,38,1.06e-4,98.8,-0.78,-0.91999996
2018-06-16 18:00:00,5,296.6,365,676,3.34e-4,80.6,-0.9,1.15
2018-06-17 00:00:00,5,294.4,357,579,1.42e-4,79.5,-1.3399999,1.7099999
2018-06-17 06:00:00,5,289.4,336,3,3e-6,87.1,-1.02,2.6299999
2018-06-17 12:00:00,5,291,327,41,0,84.6,-1.29,2.55
2018-06-17 18:00:00,5,300.61,347,770,0,41.7,-0.16,3.29
2018-06-18 00:00:00,5,296.80002,364,584,0,66.6,0.59,1.73
2018-06-18 06:00:00,5,290.1,338,3,0,76.700005,0.39,2.1299999
2018-06-18 12:00:00,5,292.80002,337,41,0,81.700005,0.59999996,2.4199998
2018-06-18 18:00:00,5,304.4,371,763,0,41,0.97999996,5.31
2018-06-19 00:00:00,5,299.7,397,579,0,63.2,0.71,2.45
2018-06-19 06:00:00,5,294.5,380,3,3e-6,79.8,0.45999998,3.28
2018-06-19 12:00:00,5,293.5,377,28,5.2e-5,94.4,0.089999996,1.81
2018-06-19 18:00:00,5,298.7,391,442,2.5e-5,52.8,-0.93,3.6999998
2018-06-20 00:00:00,5,295.80002,365,512,0,52.5,-2.78,2.09
2018-06-20 06:00:00,5,287.30002,324,3,0,77.6,-1.55,1.5999999
2018-06-20 12:00:00,5,287.80002,296,43,0,75.9,-1.56,1.6999999
2018-06-20 18:00:00,5,297.9,311,791,0,31.4,-2.37,1.35
2018-06-04 18:00:00,6,298.6,9999e17,9999e17,9999e17,38.2,-2.35,3.9499998
2018-06-05 00:00:00,6,293.6,333,603,0,60,-1.99,2.2
2018-06-05 06:00:00,6,287.2,308,2,0,79.4,-2.1299999,2.3
2018-06-05 12:00:00,6,287.30002,291,43,0,80.1,-1.24,1.9699999
2018-06-05 18:00:00,6,299.80002,323,777,0,37.3,-2.29,2.21
2018-06-06 00:00:00,6,294.5,359,570,7.9e-5,72,0.26999998,1.99
2018-06-06 06:00:00,6,287.4,332,2,4.9e-5,94.5,-0.97999996,2.1499999
2018-06-06 12:00:00,6,288.2,313,43,0,91.8,-2.51,1.78
2018-06-06 18:00:00,6,296.6,313,788,0,38,-2.84,1.7099999
2018-06-07 00:00:00,6,291.9,324,602,0,64.8,-1.77,0.55
2018-06-07 06:00:00,6,283.80002,303,2,0,91.5,-1.67,-0.45999998
2018-06-07 12:00:00,6,287.7,296,43,0,83,-0.24,-0.12
2018-06-07 18:00:00,6,299.7,324,786,0,39.7,1.6999999,0.17
2018-06-08 00:00:00,6,294.5,347,594,0,70.8,1.9,-0.79999995
2018-06-08 06:00:00,6,288.7,336,2,0,97.4,1.38,1.49
2018-06-08 12:00:00,6,291.30002,334,41,0,90.5,0.39,1.63
2018-06-08 18:00:00,6,306.1,364,763,0,36.9,0.72999996,0.24
2018-06-09 00:00:00,6,296.2,394,508,2.7e-5,81.200005,2.35,0.75
2018-06-09 06:00:00,6,290.80002,355,2,0,92.700005,0.5,2.12
2018-06-09 12:00:00,6,292.9,346,41,2.3e-5,85.5,-0.45,1.8199999
2018-06-09 18:00:00,6,300.5,376,758,1.43e-4,82.700005,0.45999998,2.1599998
2018-06-10 00:00:00,6,296.1,397,489,1.11e-4,89.200005,-0.37,1.8499999
2018-06-10 06:00:00,6,291.80002,379,2,3.9e-5,95.8,0,2.1399999
2018-06-10 12:00:00,6,292.30002,351,40,9.1e-5,96.200005,0.11,2.1299999
2018-06-10 18:00:00,6,302.1,379,711,5.2e-5,48.100002,-1.27,2.47
2018-06-11 00:00:00,6,296.80002,389,533,7.2e-5,83.3,-1.43,1
2018-06-11 06:00:00,6,291.30002,359,2,1e-5,97.5,-1.28,1.55
2018-06-11 12:00:00,6,292.30002,343,41,0,95.200005,-1.17,1.36
2018-06-11 18:00:00,6,301,373,685,9e-6,49,-1.39,-0.75
2018-06-12 00:00:00,6,297.5,396,413,2e-6,73.700005,0.57,-1.3299999
2018-06-12 06:00:00,6,290.4,363,3,1.33e-4,94.8,-0.63,1.22
2018-06-12 12:00:00,6,290.7,348,41,5.2e-5,94.3,-1.8399999,-1.73
2018-06-12 18:00:00,6,298.5,352,751,0,51.2,0.02,-3.32
2018-06-13 00:00:00,6,295.4,375,533,8e-6,71.4,1.9599999,-2.76
2018-06-13 06:00:00,6,288.4,358,3,3e-6,93.4,0.099999994,-1.12
2018-06-13 12:00:00,6,289.80002,356,40,6e-6,85.1,0.65999997,0.24
2018-06-13 18:00:00,6,301,355,746,0,50.7,2.21,0.21
2018-06-14 00:00:00,6,296.9,389,508,0,72.8,2.02,-0.71
2018-06-14 06:00:00,6,289.7,358,2,0,95.4,1.02,1.11
2018-06-14 12:00:00,6,293.30002,339,42,0,83.700005,-0.24,0.83
2018-06-14 18:00:00,6,307.1,372,763,0,40.4,-0.21,-0.37
2018-06-15 00:00:00,6,300.1,396,571,0,72.3,1,-0.64
2018-06-15 06:00:00,6,292.6,368,3,0,79.5,0.16,1.65
2018-06-15 12:00:00,6,295.6,359,41,0,79,-0.51,1.39
2018-06-15 18:00:00,6,306.4,391,745,8e-6,37.9,0.24,1.7099999
2018-06-16 00:00:00,6,299.7,424,393,3.8e-5,73.3,-0.98999995,1.8399999
2018-06-16 06:00:00,6,294,385,3,6e-6,94.700005,-0.96999997,1.5999999
2018-06-16 12:00:00,6,295.4,371,39,0,87.8,-1.43,2.11
2018-06-16 18:00:00,6,304.9,393,742,1.1e-5,45.100002,-1.63,2.2
2018-06-17 00:00:00,6,298.1,409,548,1.37e-4,90.200005,-1.4,2.01
2018-06-17 06:00:00,6,294,391,2,3.8e-5,97.200005,-1.16,0.96
2018-06-17 12:00:00,6,293.7,380,30,3.86e-4,97.700005,-0.84,-2.24
2018-06-17 18:00:00,6,298.1,395,457,1.6e-5,58,-0.16,-2.24
2018-06-18 00:00:00,6,295.5,387,483,0,73.3,0.03,-1.4699999
2018-06-18 06:00:00,6,290.4,391,2,1.1e-5,84.4,0.08,-1.43
2018-06-18 12:00:00,6,290.1,379,7,1e-5,91.6,-0.099999994,-0.82
2018-06-18 18:00:00,6,296.1,385,407,4e-6,63.3,1.79,-0.59999996
2018-06-19 00:00:00,6,295,393,364,0,79.200005,1.54,-0.34
2018-06-19 06:00:00,6,291,372,2,1e-6,93.5,1.23,0.71
2018-06-19 12:00:00,6,292.30002,375,25,4e-6,92,1.66,0.38
2018-06-19 18:00:00,6,298.80002,396,497,1.1e-5,67.4,3.09,0.88
2018-06-20 00:00:00,6,296.7,411,351,2.3e-5,81.8,2.37,0.39
2018-06-20 06:00:00,6,292.5,388,2,1.39e-4,98.200005,1.4599999,1.37
2018-06-20 12:00:00,6,293.30002,364,36,4.3e-5,98.4,1.1999999,2.04
2018-06-20 18:00:00,6,300.9,388,710,1.2e-4,70.5,0.29999998,3.1799998
2018-06-04 18:00:00,7,301.30002,9999e17,9999e17,9999e17,33,-2.04,3.55
2018-06-05 00:00:00,7,294.9,344,599,0,61.100002,-2.1,1.79
2018-06-05 06:00:00,7,288.4,319,2,0,81.5,-2.29,1.86
2018-06-05 12:00:00,7,288.2,301,41,0,79.700005,-1.01,1.9799999
2018-06-05 18:00:00,7,300,326,775,0,36.9,-2.35,2.78
2018-06-06 00:00:00,7,295,360,572,2.5e-5,66.9,-1.02,2.29
2018-06-06 06:00:00,7,287.6,331,2,0,89.700005,-1.1999999,1.93
2018-06-06 12:00:00,7,288.5,307,43,0,82.200005,-2.11,1.81
2018-06-06 18:00:00,7,297,312,791,0,36.100002,-2.45,1.01
2018-06-07 00:00:00,7,292.2,329,599,0,73.3,-1.28,-0.13
2018-06-07 06:00:00,7,282.5,308,2,0,94.6,-0.61,-1
2018-06-07 12:00:00,7,288.6,299,43,0,82.4,0.42,-0.14999999
2018-06-07 18:00:00,7,299,340,754,0,47.100002,2.05,0.39
2018-06-08 00:00:00,7,295,366,505,0,77.200005,1.91,-0.47
2018-06-08 06:00:00,7,289.80002,345,2,0,98.1,1.01,1.63
2018-06-08 12:00:00,7,291.6,348,32,0,94.6,0.21,1.1999999
2018-06-08 18:00:00,7,304.1,372,748,0,41.4,1.76,0.13
2018-06-09 00:00:00,7,297.5,389,559,4.5e-5,77.700005,1.8399999,0.19999999
2018-06-09 06:00:00,7,291.1,361,2,1.3e-5,95.4,0.7,1.99
2018-06-09 12:00:00,7,293.2,350,41,5e-6,89.9,-0.07,1.79
2018-06-09 18:00:00,7,301.7,378,758,1.4e-4,80.1,0.65,1.5999999
2018-06-10 00:00:00,7,297,392,544,9.1e-5,86.5,1.3299999,1.55
2018-06-10 06:00:00,7,291.9,370,2,1.6e-4,96.9,-0.45,1.88
2018-06-10 12:00:00,7,293.2,363,40,0,93.4,-0.37,1.54
2018-06-10 18:00:00,7,300,381,722,1.16e-4,70.3,-1.13,2.6699998
2018-06-11 00:00:00,7,294.30002,400,429,1.4e-4,95.4,-1.9799999,-0.59
2018-06-11 06:00:00,7,289.7,384,1,2.4e-4,98.6,-0.89,-0.84
2018-06-11 12:00:00,7,288.80002,364,11,6.1e-5,97.5,-1.89,-0.65999997
2018-06-11 18:00:00,7,294.80002,363,427,4e-6,60.100002,-1.49,-2.8999999
2018-06-12 00:00:00,7,292.1,349,534,6.1e-5,79.1,0.45999998,-1.93
2018-06-12 06:00:00,7,282.30002,328,2,0,94.8,-1.13,-0.57
2018-06-12 12:00:00,7,285.6,280,45,0,72.5,-1.99,-0.11
2018-06-12 18:00:00,7,296,293,803,0,29.800001,-1.66,-2.6499999
2018-06-13 00:00:00,7,291.2,314,607,0,63.7,0.7,-1.3399999
2018-06-13 06:00:00,7,282.80002,296,3,0,69.1,0.22999999,1.56
2018-06-13 12:00:00,7,288.4,291,44,0,62.7,-0.94,1.12
2018-06-13 18:00:00,7,301.6,321,788,0,31.800001,0.47,-1.26
2018-06-14 00:00:00,7,294.2,347,569,0,66.700005,1.61,-0.52
2018-06-14 06:00:00,7,286.9,332,2,0,79.8,-0.25,1.43
2018-06-14 12:00:00,7,289.9,318,36,0,76,-1.48,0.84999996
2018-06-14 18:00:00,7,303.6,337,780,0,28.1,-2.59,0.16
2018-06-15 00:00:00,7,297.7,356,606,0,57.100002,-1.9,1.25
2018-06-15 06:00:00,7,290.2,342,3,0,77.8,-1.16,1.4699999
2018-06-15 12:00:00,7,292.5,340,41,0,80.4,-1.12,1.2099999
2018-06-15 18:00:00,7,304.4,379,751,2.6e-5,47.3,1.24,-0.24
2018-06-16 00:00:00,7,296.80002,392,567,1.16e-4,88.9,-0.39,-1.5899999
2018-06-16 06:00:00,7,289.6,363,3,5.4e-5,98.1,0.65999997,-0.64
2018-06-16 12:00:00,7,293.9,349,40,0,97.200005,-0.24,-0.11
2018-06-16 18:00:00,7,304.80002,375,757,0,36.8,2.04,1.1999999
2018-06-17 00:00:00,7,299,403,435,1e-6,68.3,1.75,0.21
2018-06-17 06:00:00,7,292.4,371,3,2e-6,75.5,1.04,1.81
2018-06-17 12:00:00,7,293.9,354,35,0,76.4,0.26,1.54
2018-06-17 18:00:00,7,304.80002,379,716,0,34.8,2.09,1.5799999
2018-06-18 00:00:00,7,297,400,534,4.4e-5,82.700005,1.5799999,1.28
2018-06-18 06:00:00,7,291.9,370,3,1.7e-5,96.6,1.43,1.15
2018-06-18 12:00:00,7,292.80002,360,36,0,97.200005,1.67,1.77
2018-06-18 18:00:00,7,297.6,388,593,9.9e-5,90.1,1.4399999,2.25
2018-06-19 00:00:00,7,297.34,399,438,8.2e-5,82.9,0.62,2.2
2018-06-19 06:00:00,7,291.6,364,3,1e-6,97.700005,-0.63,1.79
2018-06-19 12:00:00,7,292.30002,339,39,0,90.5,-0.61,1.78
2018-06-19 18:00:00,7,300.30002,358,736,1e-6,41.7,-2.08,3.9199998
2018-06-20 00:00:00,7,296.80002,364,590,0,63.9,0.01,1.8199999
2018-06-20 06:00:00,7,290.1,348,3,3e-6,83.4,-0.65,1.9
2018-06-20 12:00:00,7,291.4,346,24,1.1e-5,86.9,-0.21,2.11
2018-06-20 18:00:00,7,299,366,613,2.9e-5,43.5,-3.1999998,3.75
2018-06-04 18:00:00,8,299.7,9999e17,9999e17,9999e17,37.600002,-1.9499999,3.54
2018-06-05 00:00:00,8,294.6,342,599,0,62.100002,-1.9799999,1.81
2018-06-05 06:00:00,8,288.1,316,2,0,80,-2.2,1.99
2018-06-05 12:00:00,8,288,304,39,0,80.5,-0.82,1.9399999
2018-06-05 18:00:00,8,299.6,317,772,0,31.5,-2.12,1.5999999
2018-06-06 00:00:00,8,294.9,348,590,0,64.8,-0.45,2.11
2018-06-06 06:00:00,8,288.80002,331,2,0,79.1,-1.02,2.1699998
2018-06-06 12:00:00,8,290.30002,321,42,0,79.8,-1.86,2.3999999
2018-06-06 18:00:00,8,298.1,333,769,0,38.8,-2.6499999,1.78
2018-06-07 00:00:00,8,292.9,339,592,0,72.6,-1.16,-0.55
2018-06-07 06:00:00,8,284.1,317,2,0,94.8,-1,-0.72999996
2018-06-07 12:00:00,8,287.1,351,6,1.3e-5,94.200005,-0.34,-0.98999995
2018-06-07 18:00:00,8,296.7,361,582,3e-6,58.600002,2.37,-0.29
2018-06-08 00:00:00,8,294.80002,374,435,1e-6,78.5,1.75,-0.78999996
2018-06-08 06:00:00,8,289.6,348,2,2e-6,97.9,1.52,1.1999999
2018-06-08 12:00:00,8,291.7,346,36,4e-6,94.1,1.4399999,1.8199999
2018-06-08 18:00:00,8,303,371,748,2.9e-5,42.8,2.01,0.9
2018-06-09 00:00:00,8,295.9,383,571,1.84e-4,90.4,1.86,0.56
2018-06-09 06:00:00,8,291.30002,366,2,9e-6,96.200005,0.14,2.01
2018-06-09 12:00:00,8,292.9,364,37,0,92.6,-0.89,1.48
2018-06-09 18:00:00,8,301.1,384,678,8.2e-5,53.7,-0.52,2.6399999
2018-06-10 00:00:00,8,296.1,397,428,1.61e-4,90.9,-1.3299999,1.29
2018-06-10 06:00:00,8,291.9,378,2,4.04e-4,97.6,-0.72999996,1.67
2018-06-10 12:00:00,8,290.6,383,2,1.83e-4,98.3,-2.73,-1.62
2018-06-10 18:00:00,8,297.30002,373,515,1.8e-5,52.600002,-1.4599999,-3.1399999
2018-06-11 00:00:00,8,293,362,523,5e-6,70.9,1.1899999,-2.31
2018-06-11 06:00:00,8,282.9,319,2,0,95.3,0.44,-0.75
2018-06-11 12:00:00,8,288.4,306,43,0,84.8,-0.96,-1.39
2018-06-11 18:00:00,8,295.4,321,779,0,47,1.86,-2.96
2018-06-12 00:00:00,8,292,332,596,0,72.700005,1.05,-1.73
2018-06-12 06:00:00,8,282.4,311,3,0,97.1,1.04,-0.16
2018-06-12 12:00:00,8,288.5,298,43,0,83.8,0.59,0.01
2018-06-12 18:00:00,8,298.9,331,773,0,45.2,2.79,-0.35
2018-06-13 00:00:00,8,294.9,364,544,0,74.4,1.77,-0.22
2018-06-13 06:00:00,8,289.1,342,3,0,90.4,0.95,1.74
2018-06-13 12:00:00,8,291.5,333,42,0,84.6,-0.29999998,1.35
2018-06-13 18:00:00,8,302.9,368,743,0,45.100002,1.6899999,-0.45
2018-06-14 00:00:00,8,297.30002,391,498,0,75.9,2.51,0.01
2018-06-14 06:00:00,8,292.1,372,2,0,98.8,1.5699999,0.29
2018-06-14 12:00:00,8,293.7,391,17,2.8e-5,97.8,0.71,-0.77
2018-06-14 18:00:00,8,300,415,358,2.9e-5,67,3.1299999,-0.11
2018-06-15 00:00:00,8,297,410,408,4.8e-5,86,2.1599998,0.02
2018-06-15 06:00:00,8,293.2,402,2,1.2e-5,97.8,1.8,-0.37
2018-06-15 12:00:00,8,293.2,406,15,2.6e-5,97.4,1.18,-0.089999996
2018-06-15 18:00:00,8,295.9,405,208,4.67e-4,96.200005,-1.38,2.6299999
2018-06-16 00:00:00,8,297.7,402,214,5e-5,79.6,0.59,2.96
2018-06-16 06:00:00,8,294.80002,380,3,1.4e-5,82,0.13,2.6399999
2018-06-16 12:00:00,8,295.80002,374,33,0,84,0.02,2.81
2018-06-16 18:00:00,8,304.30002,402,662,4e-6,45.4,-1.66,5.0299997
2018-06-17 00:00:00,8,298.80002,397,565,0,70,-0.96999997,2.03
2018-06-17 06:00:00,8,292,362,3,0,91.8,-1.3199999,1.25
2018-06-17 12:00:00,8,293.7,356,31,1e-6,86.3,-0.42,-0.53
2018-06-17 18:00:00,8,301.2,405,492,3.1e-5,64.6,0.13,2
2018-06-18 00:00:00,8,298.1,408,462,9.8e-5,89.3,0.57,1.3299999
2018-06-18 06:00:00,8,292.80002,378,3,6e-6,96.4,-0.61,1.89
2018-06-18 12:00:00,8,293.5,361,39,0,91.9,-0.7,2.28
2018-06-18 18:00:00,8,300.2,389,642,1.9e-5,61.100002,-1.62,4.13
2018-06-19 00:00:00,8,298.1,407,332,1.3e-5,76.5,-1.14,2.25
2018-06-19 06:00:00,8,292.5,375,3,1e-6,97.1,-1.25,1.1999999
2018-06-19 12:00:00,8,293.7,359,38,0,90.5,-1.5999999,-0.77
2018-06-19 18:00:00,8,298,391,467,2.7e-5,67.4,0.24,-2.26
2018-06-20 00:00:00,8,295.5,394,418,2.1e-5,81.5,0.76,-1.8399999
2018-06-20 06:00:00,8,289.30002,366,3,4e-6,97,0.14,-1.39
2018-06-20 12:00:00,8,289.5,351,25,3e-6,91.5,0.31,-0.59999996
2018-06-20 18:00:00,8,296.1,380,412,6e-6,63.100002,1.49,-0.08
2018-06-04 18:00:00,9,300.6,9999e17,9999e17,9999e17,34.8,-1.81,3.58
2018-06-05 00:00:00,9,294.7,344,599,0,62.7,-2,1.65
2018-06-05 06:00:00,9,288.2,320,2,0,82.8,-2.32,1.6899999
2018-06-05 12:00:00,9,288.1,304,35,0,82.8,-1.04,1.79
2018-06-05 18:00:00,9,299.1,326,762,0,37.600002,-2.98,1.8299999
2018-06-06 00:00:00,9,293.7,369,487,4.5e-5,77.3,-0.26999998,2.27
2018-06-06 06:00:00,9,287.9,331,2,0,87.1,-0.88,2.18
2018-06-06 12:00:00,9,289.80002,318,42,0,80.6,-2.1699998,2.36
2018-06-06 18:00:00,9,297.80002,332,753,1e-6,37.2,-1.99,2.07
2018-06-07 00:00:00,9,293.2,333,599,0,62,-2.3999999,0.88
2018-06-07 06:00:00,9,284.1,309,2,0,93.4,-1.52,-0.16
2018-06-07 12:00:00,9,288.5,304,42,0,84,-0.35,-0.31
2018-06-07 18:00:00,9,299,345,750,0,49.4,2.3799999,-0.03
2018-06-08 00:00:00,9,295.6,377,455,3e-6,77.700005,2.09,-0.78999996
2018-06-08 06:00:00,9,290.4,353,2,0,99,1.42,1.48
2018-06-08 12:00:00,9,291.80002,345,40,0,93.1,-0.29,1.78
2018-06-08 18:00:00,9,305.9,357,769,0,32.5,-0.82,-0.35999998
2018-06-09 00:00:00,9,296.13998,403,457,0,67.4,0.68,-1.29
2018-06-09 06:00:00,9,287.9,360,1,4.2e-5,95.6,0.57,0.71
2018-06-09 12:00:00,9,292.9,346,38,2.2e-5,91.5,-0.93,0.90999997
2018-06-09 18:00:00,9,302.30002,380,731,7.4e-5,79.8,1.38,0.17
2018-06-10 00:00:00,9,295.9,385,571,2.11e-4,88.6,1.8499999,0.94
2018-06-10 06:00:00,9,291.4,363,2,1.62e-4,96.6,0.39,2.25
2018-06-10 12:00:00,9,292.4,350,40,3.9e-5,94.6,-0.31,2.25
2018-06-10 18:00:00,9,302.7,377,728,2.6e-5,45,1.0799999,2.95
2018-06-11 00:00:00,9,295.7,396,508,2.1e-4,90.8,0.84999996,2.62
2018-06-11 06:00:00,9,291.80002,381,2,2.1e-5,95.4,-0.79999995,3.1699998
2018-06-11 12:00:00,9,292.7,360,38,0,92.4,-2.12,1.3399999
2018-06-11 18:00:00,9,301.7,363,740,5e-6,40,-1.48,-1.14
2018-06-12 00:00:00,9,295.80002,392,407,0,58.8,-2.56,0.48999998
2018-06-12 06:00:00,9,286.1,326,2,0,58.9,-2.05,0.98999995
2018-06-12 12:00:00,9,285.7,278,46,0,63,-2.87,-0.62
2018-06-12 18:00:00,9,295.4,289,813,0,28.6,-1.7099999,-2.6
2018-06-13 00:00:00,9,291.5,311,615,0,63,0.089999996,-1.8
2018-06-13 06:00:00,9,279.9,292,3,0,89.8,0.34,0.02
2018-06-13 12:00:00,9,288.80002,281,45,0,66.9,-0.5,0.97999996
2018-06-13 18:00:00,9,298,305,802,0,29.9,1.55,-1.6899999
2018-06-14 00:00:00,9,292.4,318,616,0,63.8,1.5899999,-0.62
2018-06-14 06:00:00,9,285.6,297,3,0,70.1,1.1999999,1.75
2018-06-14 12:00:00,9,287.6,290,44,0,71.5,-0.07,1.6899999
2018-06-14 18:00:00,9,301.7,325,789,0,31.6,-0.39999998,2.32
2018-06-15 00:00:00,9,296.6,357,599,0,66.5,0.64,1.39
2018-06-15 06:00:00,9,288.6,334,3,0,88.4,-0.14,1.9799999
2018-06-15 12:00:00,9,290.9,320,42,0,78.1,-0.69,2.31
2018-06-15 18:00:00,9,303.1,351,770,0,34.5,-1.93,2.45
2018-06-16 00:00:00,9,298.1,372,591,0,63.3,-1.04,1.48
2018-06-16 06:00:00,9,290.80002,343,3,0,75.1,-0.59,1.8199999
2018-06-16 12:00:00,9,292.4,330,43,0,76.4,-0.76,1.53
2018-06-16 18:00:00,9,304,355,776,0,33.4,-0.71999997,3.1999998
2018-06-17 00:00:00,9,298.9,375,598,0,64.200005,0.29999998,1.26
2018-06-17 06:00:00,9,291.7,353,3,0,75.700005,-0.19999999,1.9799999
2018-06-17 12:00:00,9,292.7,335,42,0,75.5,-0.62,1.73
2018-06-17 18:00:00,9,303.4,378,744,2e-5,47.3,2.3799999,3.3899999
2018-06-18 00:00:00,9,298.4,404,547,7.8e-5,74.6,1.7099999,2.87
2018-06-18 06:00:00,9,294.4,377,3,0,84.5,1.37,2.96
2018-06-18 12:00:00,9,294.6,381,26,1.4e-5,88,1.27,3.22
2018-06-18 18:00:00,9,301.9,403,516,1.7e-5,55.8,1.68,5.7799997
2018-06-19 00:00:00,9,299.4,414,462,2.1e-5,69.200005,2.09,2.8
2018-06-19 06:00:00,9,296.80002,399,3,5e-6,75.9,2.6599998,4
2018-06-19 12:00:00,9,294.6,403,17,3e-6,66.3,-1.29,5.49
2018-06-19 18:00:00,9,301.1,352,746,0,31.7,-1.61,6.12
2018-06-20 00:00:00,9,296.2,347,604,0,51.3,-1.9799999,2.53
2018-06-20 06:00:00,9,290.80002,330,3,0,74.4,-1.7199999,2.58
2018-06-20 12:00:00,9,291.2,323,40,0,81.1,-1.26,2.07
2018-06-20 18:00:00,9,298.2,343,750,0,45.4,-3.1,2.05
2018-06-04 18:00:00,10,299.9,9999e17,9999e17,9999e17,35.9,-2.18,3.29
2018-06-05 00:00:00,10,294.2,339,600,0,61.5,-1.9799999,1.9
2018-06-05 06:00:00,10,287.5,311,2,0,80.200005,-2.19,2.03
2018-06-05 12:00:00,10,287.6,299,38,0,78.9,-0.78999996,1.86
2018-06-05 18:00:00,10,300.1,321,776,0,33.7,-1.73,1.89
2018-06-06 00:00:00,10,294.7,352,587,4e-6,69.5,-0.17,1.99
2018-06-06 06:00:00,10,289.6,332,2,3e-6,76.1,-1.88,2.27
2018-06-06 12:00:00,10,289.5,317,42,0,83.1,-1.7099999,1.93
2018-06-06 18:00:00,10,297.80002,321,785,0,35.4,-2.18,0.84999996
2018-06-07 00:00:00,10,292.6,332,598,0,70.200005,-1.42,-0.24
2018-06-07 06:00:00,10,285.1,313,2,0,94.4,-1.36,-1.1
2018-06-07 12:00:00,10,287.7,312,35,1e-6,87.700005,-0.38,-0.71999997
2018-06-07 18:00:00,10,298.1,348,657,1e-6,50.600002,1.49,0.52
2018-06-08 00:00:00,10,294.5,356,570,0,75.3,1.8299999,-0.58
2018-06-08 06:00:00,10,288.80002,338,2,0,97.9,1.3399999,1.61
2018-06-08 12:00:00,10,291.30002,333,41,0,89.5,1.28,1.6999999
2018-06-08 18:00:00,10,302.6,363,763,8e-6,43.9,2.12,0.65999997
2018-06-09 00:00:00,10,297.2,398,437,5e-6,73.1,2.48,0.31
2018-06-09 06:00:00,10,292.1,359,2,0,88.5,2.4199998,2.34
2018-06-09 12:00:00,10,293.7,348,41,0,84.8,0.35999998,2.3999999
2018-06-09 18:00:00,10,301.30002,375,758,1.12e-4,60.4,-0.07,2.9399998
2018-06-10 00:00:00,10,297.2,390,562,7.4999996e-5,79.200005,1.64,1.79
2018-06-10 06:00:00,10,291.7,374,2,2.26e-4,95.9,-0.28,2.4099998
2018-06-10 12:00:00,10,292.7,350,39,0,93.4,-1.02,2.19
2018-06-10 18:00:00,10,302,384,673,5e-6,44.3,-3.24,1.6899999
2018-06-11 00:00:00,10,295.5,373,573,1e-5,74,-1.43,-0.72999996
2018-06-11 06:00:00,10,288.6,349,3,2.6e-5,93.4,-1.91,0.01
2018-06-11 12:00:00,10,287.9,321,41,0,91.9,-1.3199999,-2.6699998
2018-06-11 18:00:00,10,297.5,318,785,0,40.3,-0.22999999,-2.6
2018-06-12 00:00:00,10,292.9,344,568,2e-6,66.700005,0.28,-2.4299998
2018-06-12 06:00:00,10,285.9,338,2,0,92,0.32,-1.1899999
2018-06-12 12:00:00,10,288,331,18,0,79.8,-1.23,-0.31
2018-06-12 18:00:00,10,293.6,341,437,0,42.8,0.29,-2.79
2018-06-13 00:00:00,10,289.9,348,351,0,77.700005,0.41,-0.66999996
2018-06-13 06:00:00,10,286.30002,352,1,4e-6,74.4,-0.099999994,1.05
2018-06-13 12:00:00,10,287.30002,352,12,1.2e-5,83.9,-1.01,0.53
2018-06-13 18:00:00,10,295.6,346,575,0,38.600002,-2.29,-2.11
2018-06-14 00:00:00,10,292.7,336,583,0,73.3,-0.16,-1.26
2018-06-14 06:00:00,10,287.9,322,3,0,77,0.39,2.1
2018-06-14 12:00:00,10,290.7,319,43,0,78,-1.16,2.59
2018-06-14 18:00:00,10,302.4,353,773,0,39.5,-2.2,3.6599998
2018-06-15 00:00:00,10,298,374,590,0,64.6,-0.51,2.09
2018-06-15 06:00:00,10,291.6,354,3,0,84.6,-0.5,2.1
2018-06-15 12:00:00,10,293.80002,345,40,0,83.700005,-0.94,2.48
2018-06-15 18:00:00,10,303.80002,373,757,0,38.2,-3.53,3.97
2018-06-16 00:00:00,10,299,386,582,0,60.600002,-2.25,1.67
2018-06-16 06:00:00,10,291.1,357,3,0,87.700005,-1.36,1.43
2018-06-16 12:00:00,10,292.6,335,42,0,82.700005,-1.01,1.22
2018-06-16 18:00:00,10,304.6,355,773,0,28.800001,-1.9,0.76
2018-06-17 00:00:00,10,299.1,373,593,0,66.1,-0.5,-0.26999998
2018-06-17 06:00:00,10,290.6,349,3,0,76,-0.39999998,1.36
2018-06-17 12:00:00,10,294.2,359,35,0,73.9,-0.94,1.41
2018-06-17 18:00:00,10,304.2,392,706,1e-6,45.3,-1.5999999,2.6499999
2018-06-18 00:00:00,10,297.80002,404,505,1.73e-4,84.700005,-1.8199999,1.06
2018-06-18 06:00:00,10,292.30002,369,3,1.1e-5,97.9,-1.52,0.17999999
2018-06-18 12:00:00,10,291.5,384,14,2.3e-5,95.4,-1.9399999,-2.05
2018-06-18 18:00:00,10,298.1,382,473,6e-6,46.9,-1.13,-2.3
2018-06-19 00:00:00,10,294.30002,346,584,0,53.7,0.22,-2.97
2018-06-19 06:00:00,10,282.80002,306,3,0,92.1,-0.24,-1.0699999
2018-06-19 12:00:00,10,288.9,286,44,0,70.200005,-0.56,0.83
2018-06-19 18:00:00,10,297.9,309,797,0,32.600002,0.89,-2.81
2018-06-20 00:00:00,10,293.30002,326,613,0,63.4,1.05,-1.39
2018-06-20 06:00:00,10,283,306,3,0,91.700005,1.14,-0.17
2018-06-20 12:00:00,10,288.80002,296,43,0,80.3,1.23,0.64
2018-06-20 18:00:00,10,300.30002,324,788,0,36,2.3,0.14999999
2018-06-04 18:00:00,11,299.7,9999e17,9999e17,9999e17,35.7,-1.91,3.6299999
2018-06-05 00:00:00,11,294.30002,340,600,0,62.600002,-1.89,1.8199999
2018-06-05 06:00:00,11,287.80002,315,2,0,80.4,-2.21,1.99
2018-06-05 12:00:00,11,287.6,299,39,0,80,-0.82,1.86
2018-06-05 18:00:00,11,300.5,318,785,0,32.3,-1.61,1.41
2018-06-06 00:00:00,11,294.7,364,521,1e-6,68.5,0.02,1.88
2018-06-06 06:00:00,11,288.5,328,2,0,75.4,-1.17,2.1
2018-06-06 12:00:00,11,290.30002,321,42,0,78.200005,-1.7199999,2.33
2018-06-06 18:00:00,11,299.1,344,751,2e-6,39.5,-2.03,2.3999999
2018-06-07 00:00:00,11,293.7,355,554,1e-6,66.1,-2.01,0.17999999
2018-06-07 06:00:00,11,286,320,2,0,87.4,-1.78,0.02
2018-06-07 12:00:00,11,288.5,348,33,9e-6,90.6,-0.74,-1.04
2018-06-07 18:00:00,11,295.80002,385,350,7e-6,65.700005,1.51,-0.69
2018-06-08 00:00:00,11,295.30002,376,473,1e-6,78,1.67,-1.05
2018-06-08 06:00:00,11,289.80002,350,2,2.8e-5,97.4,1.3,0.98999995
2018-06-08 12:00:00,11,292.2,347,40,9e-6,96.8,1.39,1.06
2018-06-08 18:00:00,11,301.7,376,744,3.2e-5,52.7,2.9199998,0.51
2018-06-09 00:00:00,11,296.6,390,554,4.8e-5,86.200005,1.9699999,0.32
2018-06-09 06:00:00,11,291.7,362,2,1e-6,98,1.3,1.89
2018-06-09 12:00:00,11,293.2,350,41,0,90,0.66999996,2.11
2018-06-09 18:00:00,11,300.80002,378,756,1.34e-4,79.700005,0.32,2.62
2018-06-10 00:00:00,11,297.1,392,568,8.2e-5,81.9,-0.089999996,1.93
2018-06-10 06:00:00,11,291.5,368,2,3.05e-4,95.9,-1.12,1.75
2018-06-10 12:00:00,11,290.4,355,18,1.59e-4,97.9,-1.04,-2.1399999
2018-06-10 18:00:00,11,297,387,375,1.5e-5,54.5,-0.97999996,-3.1299999
2018-06-11 00:00:00,11,293.2,373,462,2e-6,65.3,0.45999998,-2.6799998
2018-06-11 06:00:00,11,286.80002,354,2,1.9e-5,84.5,-0.12,-1.86
2018-06-11 12:00:00,11,285,348,6,7.6e-5,94.700005,-1.2099999,-0.82
2018-06-11 18:00:00,11,287.80002,349,143,9.9e-5,83.8,0.28,-2.11
2018-06-12 00:00:00,11,288.30002,344,218,0,79,-0.06,-1.52
2018-06-12 06:00:00,11,282.4,298,2,0,96.9,-0.95,-1.26
2018-06-12 12:00:00,11,285.30002,286,44,0,84.8,-1.93,-0.63
2018-06-12 18:00:00,11,296.1,314,784,0,48.600002,0.9,-3.6
2018-06-13 00:00:00,11,292.1,337,582,0,76.9,0.56,-1.4499999
2018-06-13 06:00:00,11,285.2,327,3,0,96.700005,-0.63,-1.0799999
2018-06-13 12:00:00,11,288.6,329,32,0,90.700005,-1.03,-1
2018-06-13 18:00:00,11,298.30002,368,634,1e-6,58.600002,-0.39999998,-2.07
2018-06-14 00:00:00,11,293.44998,403,240,4.4e-5,92.700005,0.21,-1.06
2018-06-14 06:00:00,11,289.75998,380,1,6.6e-5,98.1,-0.7,-0.90999997
2018-06-14 12:00:00,11,292,375,27,4.6e-5,96.5,-1.2099999,-0.17999999
2018-06-14 18:00:00,11,301.91998,388,493,0,52.4,0.01,-0.65999997
2018-06-15 00:00:00,11,297.81,391,540,1e-6,78.8,0.91999996,-0.64
2018-06-15 06:00:00,11,290.22,371,3,0,95.6,1.11,-0.16
2018-06-15 12:00:00,11,294.5,359,39,0,88.700005,0.13,0.38
2018-06-15 18:00:00,11,301.6,393,637,9.6e-5,67.700005,-0.29999998,0.26
2018-06-16 00:00:00,11,296.63998,406,416,2.39e-4,95,0.26999998,0.89
2018-06-16 06:00:00,11,291.02,376,2,2.05e-4,96.4,0.48999998,0.79999995
2018-06-16 12:00:00,11,293.80002,360,40,7e-6,95.3,-0.96,0.98999995
2018-06-16 18:00:00,11,303.15,383,744,3.2e-5,49.4,-2.25,0.94
2018-06-17 00:00:00,11,298.49,406,495,8.9e-5,82.9,-0.89,-0.71
2018-06-17 06:00:00,11,291.66,372,3,1.01e-4,95.200005,-0.59999996,1.22
2018-06-17 12:00:00,11,293.6,360,40,0,97.700005,-1.3,1.23
2018-06-17 18:00:00,11,304.13998,376,746,0,42.600002,-1.65,0.22
2018-06-18 00:00:00,11,299.09,403,502,0,74.1,0.81,-0.45
2018-06-18 06:00:00,11,289.5,372,3,1.3e-5,95.5,-0.12,0.06
2018-06-18 12:00:00,11,294.6,356,40,0,84.3,-0.63,0.14
2018-06-18 18:00:00,11,305.7,382,751,7e-6,40.2,1.04,0.75
2018-06-19 00:00:00,11,297.06,403,496,9.5e-5,90.1,2.1299999,-0.19
2018-06-19 06:00:00,11,292.80002,373,3,4e-6,96.6,1.01,1.22
2018-06-19 12:00:00,11,295.2,365,39,3e-6,90.9,-0.48999998,0.79999995
2018-06-19 18:00:00,11,303.4,394,738,5.5e-5,56.9,1.5699999,0.66999996
2018-06-20 00:00:00,11,299.30002,405,555,2.28e-4,85,1.03,-0.52
2018-06-20 06:00:00,11,292.4,388,3,4.52e-4,96.5,0.26999998,0.45999998
2018-06-20 12:00:00,11,296.4,379,39,0,90.200005,0.34,0.26
2018-06-20 18:00:00,11,300.4,397,707,1.91e-4,83.9,1.74,-0.32
2018-06-04 18:00:00,12,299.6,9999e17,9999e17,9999e17,36.100002,-1.8,3.99
2018-06-05 00:00:00,12,294.30002,338,602,0,61.600002,-1.8399999,1.93
2018-06-05 06:00:00,12,287.2,315,2,0,85.3,-1.65,1.87
2018-06-05 12:00:00,12,288.2,303,39,0,81.4,-0.84999996,1.9399999
2018-06-05 18:00:00,12,299.30002,321,774,0,36.7,-2.37,2.1499999
2018-06-06 00:00:00,12,294.30002,366,511,2.8e-5,73.1,-0.53,2.03
2018-06-06 06:00:00,12,287.2,330,2,3.7e-5,95.1,-0.90999997,2.12
2018-06-06 12:00:00,12,287.9,310,43,0,91.5,-2.24,2.11
2018-06-06 18:00:00,12,295.4,311,788,0,39.100002,-3.36,1.5999999
2018-06-07 00:00:00,12,291.30002,321,603,0,68.8,-1.64,-0.03
2018-06-07 06:00:00,12,283.80002,307,2,0,91.9,-1.3199999,-0.55
2018-06-07 12:00:00,12,287,298,43,0,80.1,-0.62,-0.39999998
2018-06-07 18:00:00,12,299.1,318,785,0,40.5,1.43,-0.41
2018-06-08 00:00:00,12,293.2,342,593,0,72.3,1.4699999,-1.22
2018-06-08 06:00:00,12,286.5,321,2,0,91.4,1.4499999,1.12
2018-06-08 12:00:00,12,290.4,320,42,0,85.200005,0.47,1.29
2018-06-08 18:00:00,12,304.2,357,767,0,40.8,1,-0.39
2018-06-09 00:00:00,12,296.5,380,565,6e-6,72.6,2.05,-1.03
2018-06-09 06:00:00,12,289.9,356,2,6e-6,94,1.49,1.31
2018-06-09 12:00:00,12,292.9,343,41,3.7e-5,85.4,-0.31,1.13
2018-06-09 18:00:00,12,300.30002,373,758,2.04e-4,78.1,0.66999996,-0.03
2018-06-10 00:00:00,12,297.7,389,548,1.37e-4,87.5,0.72999996,0.25
2018-06-10 06:00:00,12,290.9,360,2,2.92e-4,94.3,0.68,1.9499999
2018-06-10 12:00:00,12,292.5,346,41,0,93.4,-0.65999997,1.5799999
2018-06-10 18:00:00,12,301.30002,374,754,4.7e-5,58.5,1.73,1.5
2018-06-11 00:00:00,12,296.7,391,538,2.03e-4,88.4,0.87,1.31
2018-06-11 06:00:00,12,292.2,384,2,3.52e-4,97.3,0.82,2.04
2018-06-11 12:00:00,12,291.80002,386,7,3.21e-4,98.700005,-1.92,-0.35999998
2018-06-11 18:00:00,12,295.2,396,190,3.52e-4,72.9,-1.76,-3.1799998
2018-06-12 00:00:00,12,293.9,369,463,1e-6,72.6,0.24,-2.44
2018-06-12 06:00:00,12,284.4,316,3,0,94.6,-1.09,-0.98999995
2018-06-12 12:00:00,12,287.5,287,46,0,76.8,-1.88,-2.02
2018-06-12 18:00:00,12,296.80002,298,813,0,33.7,0.11,-3.1999998
2018-06-13 00:00:00,12,291.9,313,620,0,63.3,1.09,-1.7199999
2018-06-13 06:00:00,12,279.7,288,3,0,91.1,0.19,-0.44
2018-06-13 12:00:00,12,288.4,278,46,0,75.9,0.37,1.0799999
2018-06-13 18:00:00,12,302.80002,313,804,0,34.100002,0.58,0.37
2018-06-14 00:00:00,12,295.30002,343,609,0,65.3,1.3,-1.0799999
2018-06-14 06:00:00,12,287.9,324,3,0,83.6,0.71999997,1.73
2018-06-14 12:00:00,12,292.30002,324,43,0,79,-0.71,1.01
2018-06-14 18:00:00,12,303.1,355,778,0,34.8,2.09,-1.56
2018-06-15 00:00:00,12,297,367,595,0,66.6,1.88,-1.05
2018-06-15 06:00:00,12,289.7,345,3,0,91.6,1.53,1.0699999
2018-06-15 12:00:00,12,292.30002,338,40,0,90.4,0.65,1.2099999
2018-06-15 18:00:00,12,301.5,353,770,0,39.7,3.6999998,-0.51
2018-06-16 00:00:00,12,296.2,358,593,0,63.9,2.47,-0.42999998
2018-06-16 06:00:00,12,289.5,343,3,0,94.200005,1.61,0.7
2018-06-16 12:00:00,12,292.1,354,32,1e-6,91.8,1.26,0.62
2018-06-16 18:00:00,12,301,378,690,5e-6,54.3,2.79,0.26999998
2018-06-17 00:00:00,12,297.7,401,482,1e-5,78.700005,1.5899999,0.53
2018-06-17 06:00:00,12,292.1,375,3,2e-6,95.6,0.69,1.91
2018-06-17 12:00:00,12,293.80002,363,37,0,88.9,0.55,1.78
2018-06-17 18:00:00,12,297,395,376,1.24e-4,91.1,0.87,2.1
2018-06-18 00:00:00,12,295.80002,399,428,2.59e-4,94.9,0.65999997,1.55
2018-06-18 06:00:00,12,291.9,384,2,1.91e-4,97.8,-2.28,-0.32999998
2018-06-18 12:00:00,12,290.6,358,41,7e-6,95.8,-1.4499999,0.01
2018-06-18 18:00:00,12,300.7,330,784,0,34.9,-0.19999999,-2.02
2018-06-19 00:00:00,12,295.4,350,602,0,65.1,1.17,-1.65
2018-06-19 06:00:00,12,286.80002,341,3,0,96,0.90999997,-0.65999997
2018-06-19 12:00:00,12,290.80002,331,37,0,89,0.95,0
2018-06-19 18:00:00,12,301.1,375,677,1e-6,53.2,2.1599998,-0.29
2018-06-20 00:00:00,12,297.5,387,547,4e-6,69,2.12,-1.5899999
2018-06-20 06:00:00,12,288,354,3,0,93.700005,1.0699999,-0.66999996
2018-06-20 12:00:00,12,291.4,332,40,0,82,0.83,-0.19
2018-06-20 18:00:00,12,302.7,366,754,0,46.4,1.8199999,-1.15
2018-06-04 18:00:00,13,298.4,9999e17,9999e17,9999e17,37,-2.27,3.86
2018-06-05 00:00:00,13,293.7,332,604,0,60.7,-1.63,2.12
2018-06-05 06:00:00,13,287.30002,311,2,0,79.700005,-2.12,2.09
2018-06-05 12:00:00,13,287.6,302,35,0,78.5,-1.15,1.9
2018-06-05 18:00:00,13,299.4,324,758,0,36.5,-2.01,2.09
2018-06-06 00:00:00,13,294.1,356,568,2.7e-5,73.4,-0.42,2.23
2018-06-06 06:00:00,13,288.4,332,2,2e-6,84.200005,-1.1899999,2.21
2018-06-06 12:00:00,13,289,314,42,0,78.6,-3.4299998,2.7
2018-06-06 18:00:00,13,296.2,311,792,0,36.3,-3.1299999,1.4499999
2018-06-07 00:00:00,13,292.2,324,603,0,62.7,-2.08,0.71999997
2018-06-07 06:00:00,13,283.4,305,2,0,94.9,-1.0699999,-1.14
2018-06-07 12:00:00,13,288.1,293,43,0,80.700005,0.11,0.32
2018-06-07 18:00:00,13,300.1,324,786,0,38.5,1.7099999,0.5
2018-06-08 00:00:00,13,295.1,352,592,0,73.3,1.99,-0.66999996
2018-06-08 06:00:00,13,290.4,345,2,0,99.1,1.41,1.76
2018-06-08 12:00:00,13,292.1,363,34,2e-6,93.1,-0.17,1.66
2018-06-08 18:00:00,13,303.9,366,758,0,38.8,1.8499999,0.82
2018-06-09 00:00:00,13,297.4,386,569,4.4e-5,74.4,2.69,0.93
2018-06-09 06:00:00,13,291.5,360,2,2e-6,92.700005,0.98999995,2.24
2018-06-09 12:00:00,13,292.9,344,42,0,85.9,-0.19999999,1.9699999
2018-06-09 18:00:00,13,302.7,371,762,5.8e-5,48.9,0.71999997,3.24
2018-06-10 00:00:00,13,297.2,388,569,4.2e-5,79.700005,0.11,2.03
2018-06-10 06:00:00,13,291.5,367,2,6.5e-5,95.6,-1.39,1.4699999
2018-06-10 12:00:00,13,289.80002,364,11,3.27e-4,97.200005,-1.36,-2.52
2018-06-10 18:00:00,13,297.6,366,535,5e-6,49.2,-0.13,-3.3999999
2018-06-11 00:00:00,13,293.9,375,486,0,72.1,0.35,-1.79
2018-06-11 06:00:00,13,287.5,357,1,0,96.700005,0.41,-1.5699999
2018-06-11 12:00:00,13,288.4,359,27,1.3e-5,92.6,-0.21,-1.87
2018-06-11 18:00:00,13,293.4,368,516,4.2e-5,71,1.62,-1.56
2018-06-12 00:00:00,13,290.80002,383,144,2.3e-4,95.8,0.45,-0.59
2018-06-12 06:00:00,13,288.6,380,0,3.44e-4,97.9,-1.15,-1.76
2018-06-12 12:00:00,13,288.1,381,3,2.7e-4,98.9,-0.59,-1.87
2018-06-12 18:00:00,13,295.5,387,306,3.5e-5,69.6,0.42999998,-1.28
2018-06-13 00:00:00,13,295.30002,385,423,1e-6,80.1,1.31,-0.26999998
2018-06-13 06:00:00,13,286.4,352,3,0,96,0.55,-0.44
2018-06-13 12:00:00,13,292.80002,340,40,0,88.3,0.64,0.22
2018-06-13 18:00:00,13,301.80002,376,717,1e-6,52.9,2.22,0.04
2018-06-14 00:00:00,13,298.1,399,507,1.2e-5,76,2.25,-0.08
2018-06-14 06:00:00,13,292,372,3,0,98.1,1.12,1.03
2018-06-14 12:00:00,13,293.5,372,26,0,95.5,1.48,0.88
2018-06-14 18:00:00,13,299.7,394,496,2e-5,62.2,3.02,0.91999996
2018-06-15 00:00:00,13,295,408,315,9.6e-5,97.9,1.0699999,-0.69
2018-06-15 06:00:00,13,293.9,414,1,9.1e-5,99.200005,1,-0.63
2018-06-15 12:00:00,13,294.7,408,16,3.5e-5,97.9,0.63,-0.91999996
2018-06-15 18:00:00,13,299.41998,414,452,3.5e-5,74.4,2.8,0.48
2018-06-16 00:00:00,13,297.4,418,333,3e-5,83.700005,2.1299999,-0.02
2018-06-16 06:00:00,13,293.7,392,2,2.41e-4,98.5,0.04,-2.21
2018-06-16 12:00:00,13,288.5,401,2,1.12e-4,95.9,-1.8399999,-3.31
2018-06-16 18:00:00,13,286.3,377,84,9.5e-5,90,-1.63,-2.31
2018-06-17 00:00:00,13,286.6,380,65,9.7e-5,98,-1.5699999,-1.03
2018-06-17 06:00:00,13,287.80002,382,0,1.56e-4,99.4,-1.4,-0.02
2018-06-17 12:00:00,13,289.7,391,11,3.7e-5,98.200005,-0.87,-0.06
2018-06-17 18:00:00,13,297.53,398,365,2.2e-5,70.4,0,1.4399999
2018-06-18 00:00:00,13,296.30002,403,405,9e-6,83.5,0.21,1.27
2018-06-18 06:00:00,13,289.80002,349,3,0,96.700005,-0.53999996,1.9799999
2018-06-18 12:00:00,13,290,316,40,0,77,-0.21,2.54
2018-06-18 18:00:00,13,302.1,351,759,0,42.5,-1.05,4.47
2018-06-19 00:00:00,13,296,395,416,4e-5,76.4,-1.04,2.19
2018-06-19 06:00:00,13,289.30002,351,3,0,96.9,-0.97999996,1.42
2018-06-19 12:00:00,13,290.7,329,40,0,84.700005,-0.90999997,0.48999998
2018-06-19 18:00:00,13,298.30002,376,593,1.8e-5,67.5,2.34,0.77
2018-06-20 00:00:00,13,295.4,402,290,7.7e-5,93.6,1.29,0.68
2018-06-20 06:00:00,13,292.30002,391,2,2.2e-5,98.4,-1.12,1.3
2018-06-20 12:00:00,13,291.4,347,40,0,96.1,-1.03,1.6899999
2018-06-20 18:00:00,13,301.6,346,772,0,41.100002,-1.16,3.1799998
2018-06-04 18:00:00,14,300.1,9999e17,9999e17,9999e17,35.3,-1.9599999,3.5
2018-06-05 00:00:00,14,294.30002,340,600,0,60.7,-2.01,1.9399999
2018-06-05 06:00:00,14,287.6,312,2,0,79.9,-2.2,1.91
2018-06-05 12:00:00,14,287.5,300,40,0,79.200005,-1.09,1.8
2018-06-05 18:00:00,14,299.80002,322,764,0,35.7,-1.86,1.8199999
2018-06-06 00:00:00,14,294.2,355,578,8e-6,72.200005,-0.16,2.19
2018-06-06 06:00:00,14,288.6,330,2,0,79.9,-1.25,2.1699998
2018-06-06 12:00:00,14,289.5,315,43,0,81.200005,-2.47,1.93
2018-06-06 18:00:00,14,297.7,318,790,0,37.2,-2.83,1.3199999
2018-06-07 00:00:00,14,293.2,334,599,0,66,-1.8399999,0.099999994
2018-06-07 06:00:00,14,284.6,315,2,0,95.1,-0.57,-1.35
2018-06-07 12:00:00,14,289.1,309,41,0,84.700005,0.06,-0.47
2018-06-07 18:00:00,14,296.30002,364,596,3e-6,62.4,2.6699998,-0.63
2018-06-08 00:00:00,14,294.7,392,357,9e-6,82.700005,2.03,-0.35999998
2018-06-08 06:00:00,14,290,351,2,1.7e-5,98.3,1.25,1.4699999
2018-06-08 12:00:00,14,292.30002,343,40,0,92.9,0.37,1.14
2018-06-08 18:00:00,14,302.4,372,750,1e-5,47.7,2.09,-0.01
2018-06-09 00:00:00,14,297.2,387,562,3e-5,79,1.87,-0.01
2018-06-09 06:00:00,14,290.9,363,2,1e-6,96.3,1.23,1.6999999
2018-06-09 12:00:00,14,292.2,350,39,8e-5,94.6,0.56,1.31
2018-06-09 18:00:00,14,300.80002,370,756,4.1e-5,55.8,2.6799998,1.11
2018-06-10 00:00:00,14,296.4,387,563,6e-5,83.6,1.8199999,0.08
2018-06-10 06:00:00,14,291.5,362,2,4e-5,97.8,1.1899999,1.74
2018-06-10 12:00:00,14,292.80002,350,41,0,95.1,0.91999996,2.05
2018-06-10 18:00:00,14,301.80002,375,750,5.1e-5,54.2,2.25,1.5799999
2018-06-11 00:00:00,14,296.4,391,563,1.25e-4,92.6,1.5699999,1.43
2018-06-11 06:00:00,14,292.1,370,2,1.9e-5,98.200005,0.58,1.88
2018-06-11 12:00:00,14,293.2,356,41,0,95.9,0.08,1.9
2018-06-11 18:00:00,14,303.2,378,757,3.5e-5,51.2,-0.72999996,2.48
2018-06-12 00:00:00,14,295.4,392,537,2.64e-4,92.1,-1.27,1.31
2018-06-12 06:00:00,14,291.30002,380,1,3.7e-5,97.3,-1.52,1.27
2018-06-12 12:00:00,14,290.30002,339,38,1e-6,96.4,-1.4699999,-1.36
2018-06-12 18:00:00,14,302.2,366,539,1.2e-5,39.9,-0.83,0.02
2018-06-13 00:00:00,14,294.94998,345,602,0,67.700005,-0.59,-0.55
2018-06-13 06:00:00,14,286.6,319,3,0,74.6,-1.61,0.35999998
2018-06-13 12:00:00,14,287.30002,305,42,0,69.4,-1.7199999,0.21
2018-06-13 18:00:00,14,298.80002,316,781,0,31.2,-1.1899999,-1.56
2018-06-14 00:00:00,14,292.9,337,566,0,68.1,-0.71999997,-1.04
2018-06-14 06:00:00,14,286.2,316,2,0,69.200005,-1.3199999,1.3399999
2018-06-14 12:00:00,14,287.5,292,44,0,67.200005,-1.26,1.0699999
2018-06-14 18:00:00,14,298.7,314,793,0,30.9,-1,-2.45
2018-06-15 00:00:00,14,293.2,329,608,0,64.8,0.98999995,-1.24
2018-06-15 06:00:00,14,285.4,302,3,0,72.1,0.75,1.68
2018-06-15 12:00:00,14,289.80002,295,45,0,69.200005,0.34,1.54
2018-06-15 18:00:00,14,301.9,323,797,0,28.300001,2.29,0.29999998
2018-06-16 00:00:00,14,296,345,610,0,63.4,1.9,-0.13
2018-06-16 06:00:00,14,289,327,3,0,73.4,0.48,1.9399999
2018-06-16 12:00:00,14,292.30002,326,41,0,74.700005,-0.53,1.3
2018-06-16 18:00:00,14,305.7,363,768,0,35.4,1.4,0.02
2018-06-17 00:00:00,14,298.30002,386,565,0,66.3,1.91,0.32
2018-06-17 06:00:00,14,291.1,357,3,0,84.700005,0.79999995,1.7199999
2018-06-17 12:00:00,14,293.80002,345,40,0,75.9,0.41,0.97999996
2018-06-17 18:00:00,14,302.7,376,753,1.5e-5,46.8,2.81,0.45
2018-06-18 00:00:00,14,298.6,392,571,3e-6,68,1.99,0.02
2018-06-18 06:00:00,14,291.6,365,3,0,91.4,1.9399999,0.65999997
2018-06-18 12:00:00,14,293.5,366,28,2e-6,91.200005,2.04,1.22
2018-06-18 18:00:00,14,301.2,396,671,6.2e-5,66.1,3.1899998,1.26
2018-06-19 00:00:00,14,296.5,407,480,1.87e-4,95.700005,2.31,0.62
2018-06-19 06:00:00,14,293.6,388,3,4e-6,99.1,0.89,1.53
2018-06-19 12:00:00,14,294.4,372,38,0,96.6,0.53,1.4399999
2018-06-19 18:00:00,14,302.80002,398,693,6.9e-5,65.200005,1.27,1.6999999
2018-06-20 00:00:00,14,299.6,412,544,1.27e-4,84.6,0.87,1.14
2018-06-20 06:00:00,14,294.5,389,3,7e-6,94.200005,0.02,1.6999999
2018-06-20 12:00:00,14,296.4,380,39,0,91.1,-0.55,1.23
2018-06-20 18:00:00,14,307.6,408,743,0,40,2.59,1.24
2018-06-04 18:00:00,15,297.9,9999e17,9999e17,9999e17,39.4,-2.8799999,3.8
2018-06-05 00:00:00,15,293.6,332,603,0,62,-1.7199999,2.02
2018-06-05 06:00:00,15,286.2,307,2,0,85,-1.62,1.9799999
2018-06-05 12:00:00,15,287.6,310,29,0,77.9,-0.88,1.93
2018-06-05 18:00:00,15,299.4,323,761,0,37.3,-1.99,2.05
2018-06-06 00:00:00,15,294.1,361,544,2.6e-5,74.1,-0.03,2.26
2018-06-06 06:00:00,15,287.7,331,2,1.7e-5,90.6,-1.3399999,2.03
2018-06-06 12:00:00,15,289.2,317,42,0,87.9,-0.96999997,1.78
2018-06-06 18:00:00,15,297.4,343,669,3e-6,41.3,-2.35,2.3
2018-06-07 00:00:00,15,293,339,579,0,65.5,-2.04,0.17
2018-06-07 06:00:00,15,285,314,2,0,96,-1.39,-0.76
2018-06-07 12:00:00,15,287.9,367,28,3e-5,96.200005,-0.099999994,-1.1999999
2018-06-07 18:00:00,15,296.6,368,508,9e-6,61.9,1.63,-0.03
2018-06-08 00:00:00,15,294.7,373,454,6e-6,78.3,1.4599999,-0.76
2018-06-08 06:00:00,15,289.4,343,2,0,98.6,0.63,1.76
2018-06-08 12:00:00,15,291.1,349,34,0,94.200005,-0.16,1.48
2018-06-08 18:00:00,15,305.2,370,755,0,40,0.64,-0.64
2018-06-09 00:00:00,15,295.9,387,539,1.77e-4,87.5,1.31,-0.099999994
2018-06-09 06:00:00,15,290.80002,358,2,3.5e-5,94.700005,0.74,1.55
2018-06-09 12:00:00,15,292.5,349,40,8.2e-5,94,-1.35,0.48
2018-06-09 18:00:00,15,298.4,370,732,2.27e-4,77.8,1.13,-1.29
2018-06-10 00:00:00,15,294,390,409,4.08e-4,97.5,0.62,-1.1999999
2018-06-10 06:00:00,15,290.80002,371,1,3.41e-4,99,1.1999999,-0.13
2018-06-10 12:00:00,15,292.5,371,31,4e-6,96.4,1.3,0.42999998
2018-06-10 18:00:00,15,299,386,689,9.8e-5,76.200005,2.6499999,0.95
2018-06-11 00:00:00,15,296.1,391,502,1.8e-4,95,1.16,1.15
2018-06-11 06:00:00,15,291.7,365,2,1e-4,97.8,-0.099999994,1.91
2018-06-11 12:00:00,15,292.9,356,38,1.2e-5,96,-0.42999998,2.21
2018-06-11 18:00:00,15,304.30002,385,736,1.5e-5,43.3,-1.63,3.03
2018-06-12 00:00:00,15,297.5,396,571,4.8e-5,81.9,-0.88,1.9699999
2018-06-12 06:00:00,15,292.80002,369,2,0,95.1,-1.38,1.77
2018-06-12 12:00:00,15,294.4,354,41,0,90.1,-1.23,1.15
2018-06-12 18:00:00,15,306.2,391,723,1e-6,45.2,0.66999996,0.53
2018-06-13 00:00:00,15,298.2,408,490,1.21e-4,87.5,-0.7,1.3
2018-06-13 06:00:00,15,293.1,380,2,2.4e-5,96.5,-0.32,1.6899999
2018-06-13 12:00:00,15,293.5,356,40,0,96.8,-1.52,1.37
2018-06-13 18:00:00,15,304.7,377,755,0,39,-1.54,-1.5999999
2018-06-14 00:00:00,15,297.30002,398,510,1.52e-4,85.9,-0.39999998,-1.86
2018-06-14 06:00:00,15,292,370,3,1.63e-4,98.3,0.049999997,-1.5699999
2018-06-14 12:00:00,15,292.30002,391,19,2.6e-5,97,-0.16,-1.28
2018-06-14 18:00:00,15,300.30002,398,471,1e-5,61.100002,1.7199999,-0.39
2018-06-15 00:00:00,15,298,404,449,4e-6,80.1,1.5799999,0.42
2018-06-15 06:00:00,15,293.2,375,3,0,96.9,0.79999995,2.09
2018-06-15 12:00:00,15,295.5,372,38,0,84.4,0.24,2.78
2018-06-15 18:00:00,15,304.1,391,744,9e-6,44.9,-2.8999999,5.25
2018-06-16 00:00:00,15,298.44,381,588,0,62.100002,-2,1.74
2018-06-16 06:00:00,15,290.5,346,3,0,88.200005,-1.37,1.42
2018-06-16 12:00:00,15,291.30002,328,42,0,85.3,-0.84999996,1.43
2018-06-16 18:00:00,15,301.7,341,772,0,33.5,-1.24,1.6999999
2018-06-17 00:00:00,15,296.50998,353,600,0,60.600002,-1.9799999,0.97999996
2018-06-17 06:00:00,15,288.6,325,3,0,75.6,-0.87,1.53
2018-06-17 12:00:00,15,291.7,322,39,0,71.200005,-0.26999998,1.5699999
2018-06-17 18:00:00,15,303.80002,379,737,6e-6,46.600002,0.41,3.73
2018-06-18 00:00:00,15,299.02,402,558,4.7e-5,74.200005,-1.3199999,2.76
2018-06-18 06:00:00,15,293.4,376,3,0,97.3,-0.75,1.8399999
2018-06-18 12:00:00,15,294.5,360,37,0,89.4,-1.3,0.81
2018-06-18 18:00:00,15,303.30002,372,728,0,34.9,-1.67,1.62
2018-06-19 00:00:00,15,299,384,564,0,70,-0.81,0.65999997
2018-06-19 06:00:00,15,291.5,371,3,3e-6,76.700005,-0.74,0.84999996
2018-06-19 12:00:00,15,295.4,364,39,2e-6,73.9,-0.59,0.42
2018-06-19 18:00:00,15,300,391,687,1.68e-4,88.8,1.5699999,1.67
2018-06-20 00:00:00,15,298.80002,402,394,6.2e-5,78,1.62,0.32999998
2018-06-20 06:00:00,15,293.5,378,3,0,97.9,1.01,1.65
2018-06-20 12:00:00,15,295.30002,363,40,0,87.9,1.02,1.62
2018-06-20 18:00:00,15,306.30002,392,750,1e-6,39.8,2.69,2.74
2018-06-04 18:00:00,16,299.6,9999e17,9999e17,9999e17,35.2,-2.02,3.8
2018-06-05 00:00:00,16,294.2,337,602,0,61.4,-1.89,1.9399999
2018-06-05 06:00:00,16,287.2,312,2,0,82.9,-1.78,1.9
2018-06-05 12:00:00,16,288,305,36,0,80.4,-0.71999997,1.8499999
2018-06-05 18:00:00,16,300,319,776,0,33.2,-1.7099999,1.56
2018-06-06 00:00:00,16,294.2,353,581,8e-6,72.5,0.04,2.05
2018-06-06 06:00:00,16,288.7,330,2,0,77.6,-1.25,2.1
2018-06-06 12:00:00,16,289.80002,321,42,0,81.700005,-1.28,1.77
2018-06-06 18:00:00,16,297.80002,356,587,7e-6,44.7,-1.79,1.17
2018-06-07 00:00:00,16,293,369,435,0,74.5,-0.87,-0.79999995
2018-06-07 06:00:00,16,288.5,364,2,2e-6,89.200005,-0.74,-1.17
2018-06-07 12:00:00,16,288.6,352,31,8e-6,89.9,-0.32999998,-1.23
2018-06-07 18:00:00,16,296.5,374,519,9e-6,58.5,1.29,-1.5899999
2018-06-08 00:00:00,16,294.5,364,544,1.4e-5,78.9,1.3,-1.14
2018-06-08 06:00:00,16,288.6,366,2,3e-6,97,1.38,0.13
2018-06-08 12:00:00,16,292,335,41,0,90.4,0.56,0.61
2018-06-08 18:00:00,16,301,367,725,1.3e-5,50.100002,1.89,-0.59999996
2018-06-09 00:00:00,16,294.9,378,561,8.1e-5,91.700005,1.9,-0.17
2018-06-09 06:00:00,16,290.5,354,2,2.3e-5,98.1,1.27,1.23
2018-06-09 12:00:00,16,292.1,342,41,0,96.3,0.17,1.0799999
2018-06-09 18:00:00,16,301.30002,369,756,6.8e-5,59.5,1.93,0.62
2018-06-10 00:00:00,16,296.80002,385,562,9.2e-5,86.5,1.64,0.22999999
2018-06-10 06:00:00,16,291.7,360,2,3e-5,98.3,1.1899999,1.6899999
2018-06-10 12:00:00,16,292.6,346,41,0,94.200005,0.19,2.1
2018-06-10 18:00:00,16,303.2,379,750,2.8e-5,50.100002,0.42,2.8999999
2018-06-11 00:00:00,16,298.2,392,569,8.8e-5,75.3,-0.25,2
2018-06-11 06:00:00,16,292,369,2,7.6e-5,97.5,-0.58,1.78
2018-06-11 12:00:00,16,293.4,354,41,8.7e-5,95.3,-1.06,0.64
2018-06-11 18:00:00,16,300.9,384,671,1.28e-4,63.5,1.41,-0.04
2018-06-12 00:00:00,16,296,401,338,4.22e-4,96,-0.14999999,-0.07
2018-06-12 06:00:00,16,290.6,362,2,1.7e-5,96.6,-2.25,1.2099999
2018-06-12 12:00:00,16,287.2,318,43,0,91.200005,-2.5,-0.06
2018-06-12 18:00:00,16,298.7,309,802,0,31.9,-1.31,-1.61
2018-06-13 00:00:00,16,293.5,326,611,0,69.6,0.88,-1.1
2018-06-13 06:00:00,16,282.9,303,3,0,86.4,-1.02,0.21
2018-06-13 12:00:00,16,286.9,295,41,0,69.5,-1.4499999,-0.94
2018-06-13 18:00:00,16,295.30002,310,772,0,39.9,0.06,-2.6599998
2018-06-14 00:00:00,16,290.80002,319,599,0,54.9,1.9599999,-2.77
2018-06-14 06:00:00,16,279,292,3,0,91.700005,0.35,-0.55
2018-06-14 12:00:00,16,286.7,280,43,0,62.9,-0.26999998,0.35999998
2018-06-14 18:00:00,16,296.2,304,790,0,32.4,0.98999995,-2.24
2018-06-15 00:00:00,16,291.1,315,607,0,58.9,1.64,-1.63
2018-06-15 06:00:00,16,280.5,296,3,0,90,1.06,0.17
2018-06-15 12:00:00,16,287.4,291,43,0,71.4,0.45,1.15
2018-06-15 18:00:00,16,298.9,323,780,0,39.100002,2.1299999,-0.02
2018-06-16 00:00:00,16,294.1,350,578,0,69.5,1.8499999,-0.31
2018-06-16 06:00:00,16,287,325,3,0,87,1.1,1.73
2018-06-16 12:00:00,16,289.7,319,42,0,80,0.17999999,1.7199999
2018-06-16 18:00:00,16,302.5,349,771,0,37.5,1.5,1.22
2018-06-17 00:00:00,16,296.9,381,524,1e-6,69.8,1.64,1.1899999
2018-06-17 06:00:00,16,290.4,355,3,0,88.8,0.65,1.9599999
2018-06-17 12:00:00,16,292.6,342,41,0,80.4,-0.32999998,1.5
2018-06-17 18:00:00,16,302.9,373,736,1e-6,40.100002,2.03,0.68
2018-06-18 00:00:00,16,297.7,390,533,2e-6,70,2.3999999,1.41
2018-06-18 06:00:00,16,292.02,371,3,4e-6,96.4,0.95,2.02
2018-06-18 12:00:00,16,293,376,24,6e-6,92,-0.39999998,1.24
2018-06-18 18:00:00,16,299.82,396,516,3.9e-5,70.9,0.48999998,1.15
2018-06-19 00:00:00,16,296.2,411,417,1.69e-4,93.8,-0.61,0.52
2018-06-19 06:00:00,16,292.4,397,1,2.6e-5,97.3,-0.62,1.03
2018-06-19 12:00:00,16,294.2,387,33,3.6e-5,95.3,-0.07,0.84999996
2018-06-19 18:00:00,16,300.7,389,704,8.2e-5,67.9,1.42,1.09
2018-06-20 00:00:00,16,297.5,395,557,1.4999999e-4,90.1,1.38,0.34
2018-06-20 06:00:00,16,292.6,370,3,1.1e-5,97.9,0.14999999,1.62
2018-06-20 12:00:00,16,293.80002,360,40,0,95.8,-0.71,1.3399999
2018-06-20 18:00:00,16,303.4,372,761,0,42.4,-1.88,2.98
2018-06-04 18:00:00,17,299.80002,9999e17,9999e17,9999e17,33.600002,-2.25,3.6299999
2018-06-05 00:00:00,17,294.2,337,602,0,59.5,-2.18,2.05
2018-06-05 06:00:00,17,287.30002,312,2,0,80.3,-1.9,1.9799999
2018-06-05 12:00:00,17,287.7,298,38,0,78.6,-1.29,1.64
2018-06-05 18:00:00,17,301.5,321,756,0,29.4,-0.32999998,1.14
2018-06-06 00:00:00,17,294.4,343,596,0,66.700005,1.04,1.16
2018-06-06 06:00:00,17,288.4,326,2,0,73.700005,-0.82,2.24
2018-06-06 12:00:00,17,290.30002,315,42,0,73.700005,-0.89,2.4199998
2018-06-06 18:00:00,17,298.7,359,665,9e-6,47.5,-1.8199999,2.2
2018-06-07 00:00:00,17,294.4,360,566,3.3e-5,76,-1.1899999,0.26999998
2018-06-07 06:00:00,17,286.30002,326,2,0,97.700005,-1.78,-0.58
2018-06-07 12:00:00,17,288.80002,361,28,1.7e-5,94.9,-0.78,-1.6899999
2018-06-07 18:00:00,17,295.5,379,368,8e-6,65.4,-0.049999997,-1.1999999
2018-06-08 00:00:00,17,294.5,371,449,4e-6,76.5,0.64,-1.61
2018-06-08 06:00:00,17,288,338,2,0,96.6,1.27,0.74
2018-06-08 12:00:00,17,291.9,327,42,0,90.8,0.48999998,0.26999998
2018-06-08 18:00:00,17,301.30002,360,743,0,46.2,1.73,-0.77
2018-06-09 00:00:00,17,296.4,378,533,8e-6,76.4,2.46,-0.14999999
2018-06-09 06:00:00,17,291.2,358,2,1.3e-5,98.3,1.3399999,1.3299999
2018-06-09 12:00:00,17,292.9,349,41,2.5e-5,95.3,0.90999997,1.4
2018-06-09 18:00:00,17,302.30002,374,759,5.1e-5,53.600002,1.24,2
2018-06-10 00:00:00,17,297.30002,392,562,6.5e-5,82.700005,2.1,0.58
2018-06-10 06:00:00,17,292.7,368,2,2e-6,96.700005,1.18,2.26
2018-06-10 12:00:00,17,293.6,358,41,5.3e-5,94.5,0.14999999,1.8199999
2018-06-10 18:00:00,17,302.80002,380,754,1.45e-4,51.7,2.54,2.45
2018-06-11 00:00:00,17,298.4,396,572,7e-5,76.1,2.7,1.3399999
2018-06-11 06:00:00,17,293.30002,375,2,5e-6,92.700005,0.96999997,2.6299999
2018-06-11 12:00:00,17,294.2,356,41,0,84.200005,0.7,3.3899999
2018-06-11 18:00:00,17,302.30002,382,697,1e-6,46.8,-1.8299999,3.99
2018-06-12 00:00:00,17,296.6,384,544,1.6e-5,78.200005,-0.78,2.01
2018-06-12 06:00:00,17,292,358,3,4e-6,88.8,-1.62,2.35
2018-06-12 12:00:00,17,290.9,339,42,0,80.4,-3,1.81
2018-06-12 18:00:00,17,295.9,312,798,0,36.3,-4.7999997,2.07
2018-06-13 00:00:00,17,291.7,324,597,0,60.4,-3.1499999,0.71
2018-06-13 06:00:00,17,284.9,306,3,0,83,-0.74,1.7099999
2018-06-13 12:00:00,17,287.1,293,43,0,77.1,-1.02,1.74
2018-06-13 18:00:00,17,299.6,319,784,0,33.8,-2.09,0.61
2018-06-14 00:00:00,17,295.6,342,604,0,68.9,0.66999996,-0.81
2018-06-14 06:00:00,17,285.2,322,3,0,87.4,-0.11,1.11
2018-06-14 12:00:00,17,291.6,310,44,0,72.700005,0.35,1.28
2018-06-14 18:00:00,17,304.1,342,784,0,31.5,0.76,1.09
2018-06-15 00:00:00,17,297.7,363,598,0,68.4,1.1899999,-0.61
2018-06-15 06:00:00,17,289.7,339,3,0,81.9,1.38,1.53
2018-06-15 12:00:00,17,291.5,324,42,0,77.5,-0.83,1.4399999
2018-06-15 18:00:00,17,304.4,343,781,0,26.7,-2.1699998,0.65999997
2018-06-16 00:00:00,17,299.2,369,597,0,69.9,-0.58,0.45
2018-06-16 06:00:00,17,291.80002,349,3,0,65,-0.44,1.78
2018-06-16 12:00:00,17,293.7,356,33,6e-6,77.5,-0.63,1.74
2018-06-16 18:00:00,17,305.4,402,618,0,42.7,-1.04,4.8599997
2018-06-17 00:00:00,17,299.30002,426,450,0,72.8,-0.12,1.9599999
2018-06-17 06:00:00,17,294.30002,391,2,5e-5,92.6,-0.95,1.73
2018-06-17 12:00:00,17,294.80002,394,11,2.7e-5,94.6,-0.76,2.48
2018-06-17 18:00:00,17,302.2,410,313,4.8e-5,61.2,-0.42999998,3.76
2018-06-18 00:00:00,17,299.2,411,506,3.9e-5,77.1,1.2099999,2.07
2018-06-18 06:00:00,17,294.6,389,3,0,92.4,0.53999996,2.06
2018-06-18 12:00:00,17,296.1,375,37,0,86.4,-0.53999996,1.24
2018-06-18 18:00:00,17,301.2,405,609,3.6499999e-4,75.200005,0.21,-0.16
2018-06-19 00:00:00,17,297.2,415,230,5.1e-5,92.3,1.37,0.32999998
2018-06-19 06:00:00,17,292.41998,382,2,5e-6,97.4,1.56,1.0799999
2018-06-19 12:00:00,17,293.5,368,35,0,93.9,0.79999995,1.91
2018-06-19 18:00:00,17,299.5,402,439,1.9e-5,61.7,2.1399999,3.53
2018-06-20 00:00:00,17,297.30002,401,436,8e-6,74.4,1.9799999,1.3199999
2018-06-20 06:00:00,17,291.9,370,3,0,97.4,1.43,1.3
2018-06-20 12:00:00,17,294.1,375,34,1e-6,90.4,-0.91999996,1.35
2018-06-20 18:00:00,17,304.30002,391,737,0,47.600002,-2.96,2.33
2018-06-04 18:00:00,18,298.30002,9999e17,9999e17,9999e17,35.8,-2.45,4.0499997
2018-06-05 00:00:00,18,293.4,329,605,0,61.7,-1.64,1.88
2018-06-05 06:00:00,18,286.7,307,2,0,82.5,-1.87,1.88
2018-06-05 12:00:00,18,287.6,307,32,0,80.8,-0.84999996,1.78
2018-06-05 18:00:00,18,299.9,319,760,0,30.9,-1.6999999,1.4399999
2018-06-06 00:00:00,18,294.6,355,552,0,67.4,0.35999998,1.6999999
2018-06-06 06:00:00,18,287.6,327,2,0,79.9,-1.35,1.73
2018-06-06 12:00:00,18,289,313,42,0,81,-1.24,1.53
2018-06-06 18:00:00,18,297.2,342,701,5e-6,43.100002,-2.1299999,1.42
2018-06-07 00:00:00,18,292.9,384,326,0,70.5,-0.28,-1.52
2018-06-07 06:00:00,18,288.6,380,1,1.1e-5,90.700005,-0.64,-1.38
2018-06-07 12:00:00,18,287.30002,344,25,3e-6,92.700005,-0.9,-1.36
2018-06-07 18:00:00,18,297.80002,367,482,5e-6,51.7,1.6999999,-0.5
2018-06-08 00:00:00,18,294,357,547,8e-6,77,1.22,-1.02
2018-06-08 06:00:00,18,288.1,336,2,0,95.700005,1.25,1.39
2018-06-08 12:00:00,18,291.1,330,41,0,86.3,0.29999998,1.26
2018-06-08 18:00:00,18,305,362,765,1e-6,42.5,-0.089999996,-0.52
2018-06-09 00:00:00,18,296.5,386,524,5.2e-5,78.6,1.0699999,-0.5
2018-06-09 06:00:00,18,290,356,2,2.3e-5,92.200005,1.18,1.36
2018-06-09 12:00:00,18,292.7,346,41,1.49e-4,92.4,-1.09,0.97999996
2018-06-09 18:00:00,18,302.9,369,756,1.35e-4,47,-1.37,-0.38
2018-06-10 00:00:00,18,295.7,383,538,3.52e-4,90,0.16,-1.39
2018-06-10 06:00:00,18,288.6,359,2,6.4e-5,98.6,-0.11,-0.91999996
2018-06-10 12:00:00,18,292.4,363,20,1.5e-5,97.1,0.37,-0.48
2018-06-10 18:00:00,18,297.9,387,619,1.17999996e-4,76.1,1.9799999,-0.64
2018-06-11 00:00:00,18,295.80002,392,473,8e-5,91.9,1.67,-0.099999994
2018-06-11 06:00:00,18,292.2,365,2,0,98.6,1.73,1.8399999
2018-06-11 12:00:00,18,292.6,358,35,8e-5,96.200005,-1.01,2.06
2018-06-11 18:00:00,18,293.9,395,101,6.17e-4,96.5,-0.82,-0.39
2018-06-12 00:00:00,18,295.4,382,369,8e-6,82.700005,0.83,-1.7199999
2018-06-12 06:00:00,18,285.30002,342,3,0,100,0.48,-0.53
2018-06-12 12:00:00,18,291.4,342,39,2e-6,92.1,-0.42999998,0.34
2018-06-12 18:00:00,18,299.80002,340,760,0,44.4,2.31,-2.09
2018-06-13 00:00:00,18,296,365,571,0,76.1,1.74,-0.9
2018-06-13 06:00:00,18,291.2,361,3,0,97.9,1.27,1.13
2018-06-13 12:00:00,18,293.30002,369,33,1e-6,93.3,0.68,1.9499999
2018-06-13 18:00:00,18,298.80002,394,548,5.8999998e-5,78.8,0.38,2.86
2018-06-14 00:00:00,18,298.11,400,399,1.3e-5,78,0.85999995,1.65
2018-06-14 06:00:00,18,292.9,374,3,0,91.4,-0.02,1.9699999
2018-06-14 12:00:00,18,293.9,372,34,8.9e-5,91.200005,0.79999995,2.22
2018-06-14 18:00:00,18,302.6,388,650,2.7e-5,44.7,-1.48,3.74
2018-06-15 00:00:00,18,297.2,386,563,1.6e-5,72.5,-1.35,1.5799999
2018-06-15 06:00:00,18,290.5,355,3,6e-6,90.1,-1.25,1.31
2018-06-15 12:00:00,18,292.80002,340,41,0,86.5,-0.65999997,1.01
2018-06-15 18:00:00,18,302.6,376,700,1e-6,43.2,-0.22999999,2.25
2018-06-16 00:00:00,18,298.7,400,430,2e-5,80.3,0.59,0.14999999
2018-06-16 06:00:00,18,289.9,358,3,3.2e-5,91.4,-0.04,1.3299999
2018-06-16 12:00:00,18,292.7,344,39,0,87.1,0.28,2.07
2018-06-16 18:00:00,18,304,383,694,1e-6,43.4,-1.05,6.41
2018-06-17 00:00:00,18,299.5,407,520,0,65.5,-0.42999998,4.17
2018-06-17 06:00:00,18,294.6,400,2,6.5e-5,93.6,-0.049999997,2.6399999
2018-06-17 12:00:00,18,295.30002,406,9,5.8999998e-5,94.9,0.51,2.05
2018-06-17 18:00:00,18,304.1,406,620,2.2e-5,52,-1.79,4.44
2018-06-18 00:00:00,18,295.1,409,467,0.001188,94.200005,-0.7,3.4499998
2018-06-18 06:00:00,18,291.7,383,0,4.98e-4,95.8,-1.56,1.9499999
2018-06-18 12:00:00,18,290.2,335,39,0,94.4,-1.4599999,0.52
2018-06-18 18:00:00,18,302.5,333,776,0,37.7,0.12,-0.19
2018-06-19 00:00:00,18,295.7,360,538,0,75.5,1.04,-0.97999996
2018-06-19 06:00:00,18,288.7,344,3,4e-6,90.700005,0.07,-1.18
2018-06-19 12:00:00,18,288.80002,371,16,2e-5,93.5,-0.59999996,-1.23
2018-06-19 18:00:00,18,295.80002,381,335,2.2e-5,60.7,1.4499999,-1.48
2018-06-20 00:00:00,18,294.4,369,478,2e-6,73.700005,1.68,-1.09
2018-06-20 06:00:00,18,288,356,3,0,91.4,1.4599999,-0.59
2018-06-20 12:00:00,18,289.6,326,40,0,85.6,1.39,0.47
2018-06-20 18:00:00,18,300.5,350,761,0,51.100002,3.34,1.3399999
2018-06-04 18:00:00,19,299.5,9999e17,9999e17,9999e17,34.2,-2.19,3.6699998
2018-06-05 00:00:00,19,294,336,602,0,61.9,-1.8,1.9799999
2018-06-05 06:00:00,19,287.6,312,2,0,78.9,-2.22,2.11
2018-06-05 12:00:00,19,287.30002,298,39,0,78.200005,-1.0699999,2.05
2018-06-05 18:00:00,19,299.4,324,769,0,39,-2.3999999,2.6699998
2018-06-06 00:00:00,19,295,365,517,1.2e-5,65.4,-0.52,2.47
2018-06-06 06:00:00,19,288.5,330,2,0,80.700005,-1.3,1.9699999
2018-06-06 12:00:00,19,288.80002,312,43,0,79.5,-2.33,2.02
2018-06-06 18:00:00,19,296.4,310,792,0,34.3,-2.48,1.11
2018-06-07 00:00:00,19,292,324,602,0,67.700005,-1.52,0.22999999
2018-06-07 06:00:00,19,281.7,306,2,0,93.700005,-0.91999996,-0.17
2018-06-07 12:00:00,19,289,298,43,0,77.6,0.58,0.12
2018-06-07 18:00:00,19,298.9,344,734,0,48.2,2.25,0.78999996
2018-06-08 00:00:00,19,295.2,363,553,0,78.4,2.02,0.04
2018-06-08 06:00:00,19,289.80002,344,2,0,98.4,1.14,1.79
2018-06-08 12:00:00,19,291.6,334,42,0,92.6,0.12,1.8299999
2018-06-08 18:00:00,19,306.1,363,770,0,36.5,0.91999996,-0.049999997
2018-06-09 00:00:00,19,297.7,382,583,2.4e-5,71.6,2.1399999,0.19999999
2018-06-09 06:00:00,19,291.1,360,2,4.4e-5,92.6,0.98999995,2.04
2018-06-09 12:00:00,19,293.4,346,42,0,84.1,-0.31,1.49
2018-06-09 18:00:00,19,302.1,376,760,1.89e-4,74.5,0.61,1.3399999
2018-06-10 00:00:00,19,297,390,555,2.83e-4,85.9,0.06,1.67
2018-06-10 06:00:00,19,291.5,363,2,2.6e-5,92.4,-0.42999998,2.06
2018-06-10 12:00:00,19,292.6,349,41,9.4e-5,96.1,-0.59,1.7099999
2018-06-10 18:00:00,19,302.1,377,732,4.5e-5,54.7,0.55,1.8499999
2018-06-11 00:00:00,19,296.9,385,541,3.47e-4,89.4,-0.85999995,0.72999996
2018-06-11 06:00:00,19,291,373,2,5.08e-4,99.200005,-0.78,-1.5999999
2018-06-11 12:00:00,19,290.6,395,8,1.98e-4,98.700005,-0.59999996,-1.68
2018-06-11 18:00:00,19,292.1,395,184,1.99e-4,97.6,-0.97999996,-2.19
2018-06-12 00:00:00,19,291.2,395,140,1.99e-4,98.200005,-1.18,-2.22
2018-06-12 06:00:00,19,288.6,390,0,4.0699998e-4,98.8,-1.8199999,-1.03
2018-06-12 12:00:00,19,288.7,382,18,4e-5,98.200005,-1.7199999,-0.65
2018-06-12 18:00:00,19,294.4,380,222,4.1e-5,73.700005,0.53999996,-1.77
2018-06-13 00:00:00,19,291.9,357,492,1.69e-4,94.4,-0.11,-1.17
2018-06-13 06:00:00,19,286.1,323,3,1.07e-4,97.700005,-1.8299999,0.22
2018-06-13 12:00:00,19,286.2,303,42,1e-6,96.700005,-1.73,0.14
2018-06-13 18:00:00,19,295.80002,312,761,0,36.5,-1.5,-1.5699999
2018-06-14 00:00:00,19,292.1,330,545,0,64.8,-1.31,-0.01
2018-06-14 06:00:00,19,283.6,294,3,0,62.9,-1.81,0.66999996
2018-06-14 12:00:00,19,284.80002,276,44,0,65.1,-1.54,0.39999998
2018-06-14 18:00:00,19,296.9,296,794,0,30,-0.95,-1.27
2018-06-15 00:00:00,19,292.4,322,604,0,68,1.02,-0.81
2018-06-15 06:00:00,19,285.4,308,3,0,70,0.52,1.89
2018-06-15 12:00:00,19,288.5,304,41,0,70.8,-0.56,1.39
2018-06-15 18:00:00,19,302.5,336,765,0,34.9,0.7,0.79999995
2018-06-16 00:00:00,19,295.30002,367,541,0,69.200005,1.81,0.19999999
2018-06-16 06:00:00,19,290.30002,354,2,0,76.9,1.1999999,1.9599999
2018-06-16 12:00:00,19,291.30002,355,25,0,77.3,-0.28,1.14
2018-06-16 18:00:00,19,300.2,369,667,4e-6,45.3,3.1799998,-0.71999997
2018-06-17 00:00:00,19,293.4,374,456,4e-6,72.1,2.25,0.21
2018-06-17 06:00:00,19,284.80002,332,3,0,96.6,0.16,0.45999998
2018-06-17 12:00:00,19,290.30002,350,31,3e-6,82.700005,-1.15,-0.29999998
2018-06-17 18:00:00,19,299.22,377,581,4e-6,61.4,0.82,-0.74
2018-06-18 00:00:00,19,295.72998,398,353,1.1e-5,83.9,1.74,0.53999996
2018-06-18 06:00:00,19,291.6,382,2,2e-5,97.5,0.11,1.53
2018-06-18 12:00:00,19,293.4,370,34,1e-6,90.6,0.13,1.02
2018-06-18 18:00:00,19,298.4,387,644,1.95e-4,83.3,1.4699999,0.48999998
2018-06-19 00:00:00,19,293.9,391,406,5.81e-4,96.9,-0.26999998,0.55
2018-06-19 06:00:00,19,290.4,361,2,2.9e-5,97.700005,0.03,1.6999999
2018-06-19 12:00:00,19,291,338,41,0,97.200005,0.35999998,1.91
2018-06-19 18:00:00,19,300.1,364,718,2.2e-5,56.100002,3.48,2.35
2018-06-20 00:00:00,19,294.1,400,159,2.01e-4,95.4,2.57,0.049999997
2018-06-20 06:00:00,19,292.5,393,1,5.54e-4,97.6,2.75,1.11
2018-06-20 12:00:00,19,291.7,379,32,2.92e-4,94.9,-0.37,2.73
2018-06-20 18:00:00,19,298.4,361,641,3e-6,50,-0.45,3.97
2018-06-04 18:00:00,20,299.1,9999e17,9999e17,9999e17,36.8,-2.37,3.6299999
2018-06-05 00:00:00,20,294.2,337,601,0,62.4,-1.78,1.9
2018-06-05 06:00:00,20,287.7,314,2,0,81.8,-2.28,1.9
2018-06-05 12:00:00,20,287.5,296,40,0,80.5,-0.83,1.73
2018-06-05 18:00:00,20,300.6,319,764,0,30.300001,-0.65999997,1.56
2018-06-06 00:00:00,20,294.4,343,594,0,66.1,0.01,1.64
2018-06-06 06:00:00,20,288.7,325,2,0,69.5,-1.1899999,2.36
2018-06-06 12:00:00,20,290.5,322,42,0,78.3,-2.12,2.47
2018-06-06 18:00:00,20,298.9,337,777,0,40,-2.76,2.26
2018-06-07 00:00:00,20,294.1,346,592,0,61.4,-2.4199998,0.55
2018-06-07 06:00:00,20,286,316,2,0,81.200005,-2.02,0.13
2018-06-07 12:00:00,20,287.7,311,40,0,80.9,-1.66,-0.14999999
2018-06-07 18:00:00,20,299.4,335,768,0,47.8,1.42,-1.0799999
2018-06-08 00:00:00,20,294.9,359,576,0,76.1,2.11,-1.43
2018-06-08 06:00:00,20,289.4,344,2,0,97.6,1.01,1.18
2018-06-08 12:00:00,20,292.4,348,29,2e-6,92.6,0.68,0.71
2018-06-08 18:00:00,20,301.9,378,698,7e-6,48.8,2.9199998,0.45
2018-06-09 00:00:00,20,297.30002,380,578,2.9e-5,75.200005,2.4199998,0.57
2018-06-09 06:00:00,20,291,359,2,2.6e-5,97.1,1.15,1.89
2018-06-09 12:00:00,20,292.7,347,41,0,94.4,0.72999996,1.93
2018-06-09 18:00:00,20,302.4,375,760,6.3e-5,55,1.55,1.91
2018-06-10 00:00:00,20,297,387,561,7e-5,80.6,1.87,1.53
2018-06-10 06:00:00,20,291.6,362,2,0,93.200005,-0.56,2.1
2018-06-10 12:00:00,20,292.6,352,30,1.3e-5,88.6,0.099999994,2.1299999
2018-06-10 18:00:00,20,300.5,387,540,1.04e-4,56.4,-0.41,3.8
2018-06-11 00:00:00,20,293.7,384,493,1.33e-4,89.3,-1.65,1.65
2018-06-11 06:00:00,20,287.80002,353,2,4.6e-5,97.700005,-1.81,0.25
2018-06-11 12:00:00,20,287.5,323,40,0,95.4,-1.5899999,0.53999996
2018-06-11 18:00:00,20,296.9,316,786,0,27.9,-2.9399998,1.13
2018-06-12 00:00:00,20,291.6,309,615,0,53.2,-2.3899999,1.22
2018-06-12 06:00:00,20,284.4,297,3,0,81.1,-1.66,1.4599999
2018-06-12 12:00:00,20,286.7,287,44,0,75.9,-1.31,1.31
2018-06-12 18:00:00,20,299.5,311,794,0,29,1.23,1.18
2018-06-13 00:00:00,20,294.30002,333,604,0,64.4,1.86,-0.01
2018-06-13 06:00:00,20,286.80002,314,3,0,82.200005,1.52,1.76
2018-06-13 12:00:00,20,288.9,305,43,0,77,0.79999995,2.06
2018-06-13 18:00:00,20,301.4,343,774,0,40.5,1.18,3.74
2018-06-14 00:00:00,20,294,373,541,1.13e-4,90.3,0.26999998,2.1699998
2018-06-14 06:00:00,20,290.1,363,3,1.3e-5,96.4,-0.52,1.7099999
2018-06-14 12:00:00,20,289.80002,349,41,1e-6,94.5,-2.25,1.22
2018-06-14 18:00:00,20,297.30002,328,766,0,39.9,-3.25,-0.17
2018-06-15 00:00:00,20,293.2,333,600,0,62.8,-1.5999999,-0.06
2018-06-15 06:00:00,20,285.2,307,3,0,75,-1.36,1.0799999
2018-06-15 12:00:00,20,287.6,291,44,0,68.700005,-0.82,1.27
2018-06-15 18:00:00,20,302.30002,317,796,0,29.800001,0.35,1.15
2018-06-16 00:00:00,20,295.9,344,609,0,60.600002,1.76,-0.7
2018-06-16 06:00:00,20,289.7,336,3,0,89.9,1.29,1.6999999
2018-06-16 12:00:00,20,292.2,334,37,0,85,0.34,1.35
2018-06-16 18:00:00,20,302.5,373,693,0,44.8,2.9099998,-0.17999999
2018-06-17 00:00:00,20,296.9,385,522,5.2e-5,77.3,2.34,0.7
2018-06-17 06:00:00,20,291.7,365,3,0,98.9,1.5699999,0.95
2018-06-17 12:00:00,20,293.1,375,29,3e-6,93,0.85999995,1.55
2018-06-17 18:00:00,20,302.9,383,716,3e-6,47.600002,2.4199998,2.1599998
2018-06-18 00:00:00,20,299.2,395,576,1.3e-5,70.9,1.5999999,1.48
2018-06-18 06:00:00,20,293,369,3,0,86.6,-0.04,2.3799999
2018-06-18 12:00:00,20,295,357,39,0,83,-0.099999994,2.24
2018-06-18 18:00:00,20,302.1,398,609,2.7e-5,57,-0.48999998,3.6799998
2018-06-19 00:00:00,20,298.7,415,340,3.2e-5,79.4,-1.0799999,1.4399999
2018-06-19 06:00:00,20,293.1,380,3,0,97.200005,-0.87,1.37
2018-06-19 12:00:00,20,295.1,367,39,0,89.4,-0.66999996,1.42
2018-06-19 18:00:00,20,303.30002,398,657,1.6e-5,52.2,0.44,1.3
2018-06-20 00:00:00,20,299.2,418,373,7.4e-5,83.200005,0.64,0.89
2018-06-20 06:00:00,20,293.9,386,3,4e-6,92.9,-0.61,1.64
2018-06-20 12:00:00,20,294.9,371,39,0,88.9,-0.53999996,2.1299999
2018-06-20 18:00:00,20,302.1,390,685,9e-6,50.9,-1.51,3.62
2018-06-04 18:00:00,21,299.1,9999e17,9999e17,9999e17,37.4,-1.9499999,3.32
2018-06-05 00:00:00,21,294.2,338,600,0,62.5,-1.9499999,1.8199999
2018-06-05 06:00:00,21,287.5,314,2,0,82.9,-2.02,2.07
2018-06-05 12:00:00,21,287.9,300,41,0,80.8,-0.98999995,2.06
2018-06-05 18:00:00,21,299.7,322,774,0,36.4,-2.19,1.88
2018-06-06 00:00:00,21,294,353,587,3.6e-5,76.4,-0.38,1.9499999
2018-06-06 06:00:00,21,288,333,2,7e-6,88.8,-1.01,2.21
2018-06-06 12:00:00,21,290.5,322,42,0,80.700005,-1.91,2.07
2018-06-06 18:00:00,21,297.7,340,731,5e-6,41,-2.36,0.95
2018-06-07 00:00:00,21,292.9,366,377,0,70.4,-0.099999994,-1.9
2018-06-07 06:00:00,21,287.9,368,2,5e-6,87.1,0.04,-1.43
2018-06-07 12:00:00,21,287.6,310,42,0,87.200005,-1.0699999,-0.29999998
2018-06-07 18:00:00,21,297.7,327,769,0,46.8,0.78,-2.35
2018-06-08 00:00:00,21,293,384,349,1e-6,75.5,0.62,-1.68
2018-06-08 06:00:00,21,286,332,2,0,96,1.41,-0.26999998
2018-06-08 12:00:00,21,290.1,317,41,0,85.9,0.29,0.61
2018-06-08 18:00:00,21,299,357,702,5e-6,53.4,2.58,0.29
2018-06-09 00:00:00,21,294.6,375,537,3.7e-5,85.4,1.8399999,-0.22999999
2018-06-09 06:00:00,21,289.9,350,2,3e-6,98.3,1.4599999,1.36
2018-06-09 12:00:00,21,292.2,345,41,4e-6,92.700005,0.16,1.55
2018-06-09 18:00:00,21,302.30002,375,726,1e-4,53.9,-0.049999997,1.41
2018-06-10 00:00:00,21,296.6,399,447,1.4e-4,87.9,1.3199999,1.04
2018-06-10 06:00:00,21,291.6,364,2,1e-5,97.8,0.51,2.1399999
2018-06-10 12:00:00,21,292.9,349,39,0,92,-0.31,2.44
2018-06-10 18:00:00,21,302.4,384,717,1.8e-5,49.2,-0.98999995,3.99
2018-06-11 00:00:00,21,295.80002,399,514,1.53e-4,92.200005,-1.5699999,1.12
2018-06-11 06:00:00,21,289.4,382,2,4.5e-4,97.4,-1.5799999,-2.75
2018-06-11 12:00:00,21,288.1,373,9,5.2e-5,96.700005,-1.6899999,-1.7199999
2018-06-11 18:00:00,21,294.6,357,504,0,39.7,-1.1899999,-3.49
2018-06-12 00:00:00,21,290.5,341,433,0,69.200005,-0.14999999,-1.9599999
2018-06-12 06:00:00,21,281.5,306,2,0,93.5,-0.39999998,-1.26
2018-06-12 12:00:00,21,287.2,278,45,0,78.6,-0.84,-0.089999996
2018-06-12 18:00:00,21,298.30002,305,799,0,32.4,1.16,-1.73
2018-06-13 00:00:00,21,292.3,342,533,0,70.9,1.3399999,-0.75
2018-06-13 06:00:00,21,285.30002,334,2,0,90.9,-0.04,1.1
2018-06-13 12:00:00,21,291.30002,321,35,0,75.1,-0.17999999,-0.52
2018-06-13 18:00:00,21,301.80002,330,775,0,32.3,0.82,-1.24
2018-06-14 00:00:00,21,295,342,603,0,64,1.99,-1.25
2018-06-14 06:00:00,21,282.7,316,3,0,91.8,0.11,0.57
2018-06-14 12:00:00,21,291.7,302,44,0,77.3,0.55,-0.06
2018-06-14 18:00:00,21,301.7,338,782,0,37.100002,1.68,-1.66
2018-06-15 00:00:00,21,296.1,358,590,0,74.3,1.05,-1.16
2018-06-15 06:00:00,21,286.5,336,3,0,95.700005,-0.12,0.95
2018-06-15 12:00:00,21,291.9,327,43,0,90,-0.75,1.4699999
2018-06-15 18:00:00,21,304.5,362,771,0,37.9,-2.1699998,1.99
2018-06-16 00:00:00,21,297.56,393,568,4e-5,81.3,-0.78,2.1399999
2018-06-16 06:00:00,21,292.6,371,3,0,95.6,-0.81,1.6999999
2018-06-16 12:00:00,21,293.5,369,27,6e-6,92.1,-0.61,1.3399999
2018-06-16 18:00:00,21,297.1,387,432,1.28e-4,72.3,-2.31,1.03
2018-06-17 00:00:00,21,294.1,368,507,4.8e-5,68.700005,-1.5999999,0.66999996
2018-06-17 06:00:00,21,285.4,307,3,3e-6,71.5,-1.68,1.15
2018-06-17 12:00:00,21,285.6,285,43,0,76.9,-1.4399999,1.41
2018-06-17 18:00:00,21,297.80002,301,798,0,27.5,-2.25,0.34
2018-06-18 00:00:00,21,293.5,322,615,0,64.700005,-0.87,0.82
2018-06-18 06:00:00,21,284.1,306,3,0,80.9,-0.64,1.1899999
2018-06-18 12:00:00,21,290.80002,301,43,0,68.5,0,1.16
2018-06-18 18:00:00,21,300.7,329,785,0,32.7,3.6899998,0.61
2018-06-19 00:00:00,21,295.9,350,601,0,59.2,2.81,0.53
2018-06-19 06:00:00,21,287.6,327,3,0,89.9,1.5999999,1.3
2018-06-19 12:00:00,21,289.80002,318,39,0,82.5,1.3199999,1.68
2018-06-19 18:00:00,21,301.80002,350,756,0,41.9,2.86,1.05
2018-06-20 00:00:00,21,297.80002,370,592,0,66,2.84,0.24
2018-06-20 06:00:00,21,290.7,355,3,0,96.200005,1.49,1.4599999
2018-06-20 12:00:00,21,292.80002,348,40,0,87.9,1.73,1.68
2018-06-20 18:00:00,21,303,376,752,2.2e-5,50.3,3.51,2.1699998
