"forecast_date","forecast_mean_chl","forecast_median_chl","forecast_sd_chl","forecast_CI95_upper","forecast_CI95_lower","forecast_max","forecast_min","forecast_variance","obs_chl_EXO","forecast_run_day","day_in_future","par1","par2","par3","par4","par5","timestep"
2019-01-04,8.92322490018012,8.8537092132808,1.96709229432716,13.0274434212724,5.42738713186855,16.2268437337815,4.16911589675935,0.058830567248794,11.4123610972222,2019-01-02,2,0.389768453074091,0.846853930016843,-0.293166099687239,-0.000993046354608546,0.169957592497828,2
2019-01-05,8.95323047637614,8.79561277208033,2.07135811457715,13.3111621983765,5.27426517867873,16.1646605193059,3.92265863503393,0.0656562189090601,10.1525873916084,2019-01-03,2,0.407853149321948,0.837477681750421,-0.363163753021376,-0.000990457950446485,0.168306712914625,2
2019-01-06,9.7069898012476,9.5178713389791,1.96268698516705,13.8064544046862,6.17085009502409,16.1920406212879,4.61387055033667,0.0544736550212305,9.57854164583333,2019-01-04,2,0.42660704074439,0.828991256167096,-0.355652547205015,-0.00100989881153627,0.167556895458779,2
2019-01-07,8.45549421254041,8.33047233972253,1.98083340929392,12.6790630763462,4.90516933166725,13.9604167552972,2.8542211373237,0.0651028574321787,8.06215278472222,2019-01-05,2,0.409476573955085,0.839970762329387,-0.324558289825255,-0.00104818329177038,0.169749335104359,2
2019-01-08,8.78471826784389,8.75395542325881,1.75439090505551,12.4765014148726,5.59817841149263,14.6641899816446,4.36403485151974,0.0488571494961771,7.47105633098592,2019-01-06,2,0.413368818326013,0.836488012142698,-0.292282645801973,-0.0010317314697368,0.168258744136779,2
2019-01-09,7.4101317857158,7.32101821515274,1.81424323792709,11.2535038874961,4.20016242147684,13.3875044967422,3.12584647490648,0.0612501992809238,7.01000002083333,2019-01-07,2,0.401881106387663,0.8427242900351,-0.296993534034531,-0.00102277900489743,0.167314014463916,2
2019-01-10,6.69129750011959,6.48520745235365,1.58412099230581,9.99383227265407,3.91013886493102,14.1406541240632,3.02130747578726,0.0504171997056955,7.42601396503497,2019-01-08,2,0.400969798998359,0.842403081567727,-0.28737865638599,-0.00101399055091966,0.167321988499211,2
2019-01-11,6.03081185952636,5.91029758770815,1.62301978203103,9.47774062411917,3.20241732514627,12.7447364554505,2.26425297708253,0.0598124109940879,6.60715277777778,2019-01-09,2,0.414709497439398,0.836016537019654,-0.334466880012273,-0.00102322268802313,0.166474990138916,2
2019-01-12,6.33819737203913,6.11512185886471,1.62687828280412,9.84668963466858,3.44195526200905,11.359713565887,2.35137161672762,0.0592047391554588,7.69055946153846,2019-01-10,2,0.421218010874835,0.834644461012706,-0.398691603517004,-0.00104836693473533,0.166759727748708,2
2019-01-13,6.38851012375069,6.16743988400934,1.58833788007763,9.74649036403479,3.59073323452149,10.8865558305789,2.40778350885032,0.0541718007458327,8.87475172340426,2019-01-11,2,0.411313070374839,0.835412370969185,-0.271527245384534,-0.000989891621802517,0.164695676082147,2
2019-01-14,8.00953822476405,7.92827517308184,1.80487380463755,11.8531284107624,4.75756887152547,13.7534777070205,3.67111866728281,0.0572098788930788,8.91666665972222,2019-01-12,2,0.397547478661256,0.84402366197457,-0.274302163765654,-0.00101812746768359,0.165454878020135,2
2019-01-15,8.62048947476883,8.41691826280326,1.92812645657452,12.7213931395714,5.14585141283344,15.3824399183137,2.80042502646062,0.0605600366163579,8.24685717142857,2019-01-13,2,0.422061305152836,0.83241822063585,-0.297186083951113,-0.0010200256999947,0.165540753072958,2
2019-01-16,7.89323777256414,7.87402632839123,1.73425592163726,11.5273159042222,4.79853590952737,16.8438737235595,3.28707480702293,0.0521578167923527,7.53433567832168,2019-01-14,2,0.404169589717849,0.841846756224837,-0.269784110227384,-0.00103589191660938,0.163166912717567,2
2019-01-17,7.20149679296733,7.15093691305144,1.67808335382666,10.7905943156443,4.18369925539707,12.0841420277761,2.99360378385532,0.0552448479664007,8.49780141843972,2019-01-15,2,0.419537907044059,0.834434070009186,-0.291286705788745,-0.00104291948750351,0.163812641312863,2
2019-01-18,7.00793520721204,6.9412311979533,1.65026673507593,10.5028913500046,4.06967602672877,11.9055753516123,2.85866739335265,0.053832732098518,8.23583335416667,2019-01-16,2,0.415847585902762,0.83512626157454,-0.222143715812016,-0.0010329525718848,0.162886627964122,2
2019-01-19,7.97376518113229,7.85790245649198,1.7275482778068,11.598295585841,4.88114445566268,15.690590060674,3.93083561147923,0.0514357957771226,9.82791666666667,2019-01-17,2,0.410818406486502,0.837149467449067,-0.219880516329387,-0.00102950754249566,0.162129659345982,2
2019-01-20,8.08070937565353,8.0605450696515,1.68480940671747,11.6466403403157,5.02454325379177,14.3216824217812,3.88232573463969,0.0492943846898042,8.95243052083333,2019-01-18,2,0.420797443672762,0.834350032604113,-0.267526182072963,-0.00105012085615663,0.161136383974518,2
2019-01-21,8.85944614698094,8.7584482841669,1.80653493932904,12.6486052989934,5.59699501557515,15.0857344503211,4.72015134333795,0.0509327941180756,7.74531471328671,2019-01-19,2,0.419661208316417,0.836953787284794,-0.250166365426503,-0.00107752915220492,0.161760488840198,2
2019-01-22,7.20386557205403,7.19258700220552,1.58838847431387,10.5872657565582,4.33169021182406,12.6213788159868,2.86112461398116,0.0494355652545745,7.48736109027778,2019-01-20,2,0.406518081092782,0.843189296218622,-0.256447841357684,-0.00107143641149419,0.160738507971984,2
2019-01-23,6.64759416757433,6.44922788083957,1.6511082368251,10.180112776853,3.70992589073146,12.2594846996197,2.51669187693802,0.0575221722997956,9.48034724305556,2019-01-21,2,0.404115013944078,0.843485313667949,-0.222540367718828,-0.00106794188140844,0.160267899476921,2
2019-01-24,7.475232212096,7.42301772218936,1.6538527854293,10.997847402831,4.48637256954863,12.3776319953341,3.36327252294791,0.0516142917548657,9.14521128169014,2019-01-22,2,0.410517205609074,0.841938235199775,-0.235672578158738,-0.00108217229293921,0.160106612535463,2
2019-01-25,8.70028745451186,8.52971572539463,1.81968491464648,12.5161013928931,5.42686904852876,15.2084876593515,4.12542040046871,0.0524497803363207,7.87972222222222,2019-01-23,2,0.395541736282745,0.848096462550227,-0.214915549175824,-0.00106311332208462,0.158362677956422,2
2019-01-26,7.68054820634449,7.60640477056157,1.78802114602689,11.4762748762714,4.48442985793207,13.95186255542,2.92498230155597,0.0579822710047315,7.82555554861111,2019-01-24,2,0.39556557805009,0.850019065031325,-0.204214805433073,-0.00108013098694612,0.15894776077887,2
2019-01-27,6.67541739191959,6.61620352838145,1.55167504612273,9.95935159445861,3.90844374313802,11.9805983769569,3.12564996564247,0.0499902116952156,9.06244754545455,2019-01-25,2,0.409089326908194,0.843390057150355,-0.198438774044302,-0.00109655563490973,0.159691823481031,2
2019-01-28,6.78958175887488,6.69724267544826,1.45862464705156,9.8791570095832,4.15411200689378,12.2224044373559,3.24174336387611,0.043912112536126,8.73293706993007,2019-01-26,2,0.401634061889373,0.847326540518433,-0.210728962578963,-0.00108642130598512,0.158360519302551,2
2019-01-29,7.67123963632386,7.47798530592045,1.75049841442767,11.3640143500178,4.54851941174077,14.5440787475659,2.95371544794102,0.0551244081996873,10.3911805486111,2019-01-27,2,0.409423697347652,0.844114332488884,-0.215147339793477,-0.00110739487614967,0.158600304842218,2
2019-01-30,8.38399606846932,8.34371783881324,1.77042955081372,12.1288332388849,5.18019668275849,14.5134999036997,3.9210630935295,0.0523184858030584,9.83583330555556,2019-01-28,2,0.409884597682331,0.845717913453783,-0.258388949910452,-0.00111419451746846,0.159014033614096,2
2019-01-31,9.25515156964421,9.1918037776374,1.84645482811075,13.1296877983722,5.90897381307242,15.6128530117916,5.12980065258751,0.0510923931856611,8.36407141428571,2019-01-29,2,0.401018955491803,0.84911905888689,-0.231549809409489,-0.00109690689944243,0.157432140632612,2
2019-02-01,7.88075678409309,7.80945561709198,1.61050026022264,11.2707800336633,4.96455338968805,13.6858498168322,3.775392258459,0.0458184956143035,9.16000003521127,2019-01-30,2,0.37803130043088,0.862551689315488,-0.176895833917772,-0.00113327559818681,0.157345891010629,2
2019-02-02,7.29023782155214,7.20760020866756,1.7278399415349,10.9235687631475,4.2352222239883,13.5310273049757,3.36336721176471,0.0559232348862927,9.58270834722222,2019-01-31,2,0.398102574556257,0.851618657252261,-0.191787602294826,-0.0011163266720062,0.157501226342843,2
2019-02-03,7.98932978666587,7.98351501827657,1.72218584492141,11.6344071403652,4.88092458888646,13.9742547836305,3.96058405282231,0.0518963284342833,7.97790206293706,2019-02-01,2,0.397020166105526,0.853688203442673,-0.193175860878046,-0.00113565312405379,0.157233089736337,2
2019-02-04,7.86990719314528,7.77606305920748,1.67811154984573,11.4119249038408,4.84318138409148,14.0334405061149,3.36266981817167,0.0498288526284472,8.72694445833333,2019-02-02,2,0.399341579028681,0.853705850198504,-0.228135312839161,-0.00115239487437586,0.156639189818006,2
2019-02-05,6.86870631278029,6.83002500042948,1.55217231995739,10.1675907389645,4.07825814278077,12.6436410064518,2.23475311708823,0.0491659100398569,7.70027972727273,2019-02-03,2,0.400245372686499,0.850742134836962,-0.199952060314022,-0.00110848014103108,0.157224550400922,2
2019-02-06,7.17936590345893,7.13374117308171,1.66106770955466,10.6562746841438,4.24216886745544,14.5863367178333,2.99494226340177,0.0521902574092287,8.66993057638889,2019-02-04,2,0.404048552569665,0.849401302373801,-0.184426037484899,-0.00112666163624445,0.156504134247679,2
2019-02-07,7.48111212638519,7.40049046000988,1.73480959102557,11.1102587827109,4.41605549895925,15.3575489621537,3.83903537543238,0.0545476434418479,9.34340277083333,2019-02-05,2,0.38681521824268,0.855545094401589,-0.145553451667483,-0.00108155900376829,0.15678764677778,2
2019-02-08,7.81720529680622,7.71556775670481,1.66285727195674,11.333929569381,4.81190303239625,12.9201206826804,3.70820132333782,0.0494546329849067,7.70814286428571,2019-02-06,2,0.387438851295621,0.856472694712038,-0.166691792469173,-0.00109447594902621,0.156707659914133,2
2019-02-09,8.07833425878872,8.03629453724972,1.70936332201201,11.6845939506449,4.99289395309709,13.7913938986752,3.17276578196454,0.0503633617306037,7.52664336363636,2019-02-07,2,0.398986398042996,0.852314598324339,-0.181763865867189,-0.00111498056922858,0.15565654638065,2
2019-02-10,6.79844734215604,6.6507781544007,1.64565129214087,10.3006768020628,3.87017544746314,11.7513334295711,2.97103955662958,0.0555018366112586,8.43251752447553,2019-02-08,2,0.398074039536116,0.853928687339996,-0.210658365662734,-0.00113233268276689,0.156174042301496,2
2019-02-11,6.47550195223634,6.35972995234982,1.58213261786105,9.85598153095652,3.65559355373463,10.8643269670105,2.39061487890134,0.0542073699157073,9.01076393055556,2019-02-09,2,0.389768904033908,0.855533683707315,-0.153171540829492,-0.00110590503322576,0.155575373966743,2
2019-02-12,8.15619403113898,8.014728586003,1.77686077986258,11.8946526832098,4.97036788633086,13.6808897324374,4.37336470960203,0.0534396983037165,9.22300696503497,2019-02-10,2,0.405110307028371,0.849832630586567,-0.197230547474665,-0.00113427741771853,0.155789812540411,2
2019-02-13,9.46559468250914,9.41003016986238,1.83724590930476,13.2879909603145,6.14795487178186,16.2877941009189,4.89742380567799,0.0488100735353229,7.45562499305556,2019-02-11,2,0.397127624960579,0.852845421105247,-0.189692474971904,-0.00112251036165806,0.154280375948195,2
2019-02-14,8.29668578936747,8.1198890812045,1.63463274584828,11.7153782469967,5.3378224863634,13.9972081709609,3.922480273973,0.0444655914581268,7.61580418881119,2019-02-12,2,0.407650187386746,0.847880938058048,-0.187787665830138,-0.00111908925406606,0.154417712301118,2
2019-02-15,5.91648794856623,5.7685670915995,1.45555935532497,8.96032164105405,3.37120458975653,11.9666452628456,2.72928377403915,0.0482099389211494,8.48153844055944,2019-02-13,2,0.396001629128241,0.854926661097235,-0.185470272271718,-0.00113664070962992,0.153922033856065,2
2019-02-16,6.73974550217308,6.75764811473153,1.59260842465449,10.1262951342573,3.89626523862171,13.6845137501218,2.89132405303772,0.0525149404549777,7.23437499305556,2019-02-14,2,0.395995284048015,0.854449314171262,-0.195882470947323,-0.0011326802768041,0.153878810521963,2
2019-02-17,7.92207065126339,7.8597475444359,1.83424200135413,11.8328033643748,4.62844542440481,14.3520924392784,3.3034374098349,0.0596744445050164,8.20380283802817,2019-02-15,2,0.393113456171625,0.857209394456808,-0.223485788289108,-0.00113645783029545,0.152301294388131,2
2019-02-18,7.92372412948129,7.70130900737862,1.7446600853094,11.6220157631396,4.78097839041666,13.8401311027896,3.70228869965449,0.0537214235695386,7.62657344755245,2019-02-16,2,0.390679822093888,0.857891842303295,-0.195432937905915,-0.00113286135634071,0.153912839013473,2
2019-02-19,7.19310365851053,7.21488957852708,1.59217538459198,10.5750016054783,4.32267919994907,12.7443083989816,2.96509418465076,0.0494596111368224,7.04305555555556,2019-02-17,2,0.395098003196682,0.855895138268909,-0.192891527430732,-0.00114461514508209,0.153282126830593,2
2019-02-20,6.30769241599739,6.16038396744,1.59039906918799,9.65379142801813,3.52432698148356,13.2943108874493,2.72082111789379,0.0544164742611583,8.99727274825175,2019-02-18,2,0.405312324366852,0.851008547596993,-0.212678387167517,-0.00113659917940163,0.151328114040021,2
2019-02-21,7.376246709885,7.26970030236273,1.62620639821008,10.8073551921857,4.45914287734583,12.8760286980634,3.60373288802715,0.0497043750575187,7.73167833566434,2019-02-19,2,0.410018773236144,0.848309756867457,-0.198935219970361,-0.00114059727357518,0.151544446116953,2
2019-02-22,8.1489654803122,8.12881825841851,1.58628217397004,11.4743724407646,5.2670192438763,14.8408230245016,3.95890246989329,0.0428827602241022,8.26624997916667,2019-02-20,2,0.411698271489131,0.847670941216288,-0.227119547968755,-0.00114350087632003,0.150928241647106,2
2019-02-23,7.57709592608216,7.4614367574335,1.65268737803636,11.0809704476499,4.59536414484596,14.7616189857841,3.25731901345146,0.0504913304014684,10.8288732676056,2019-02-21,2,0.407405926199238,0.851483910054055,-0.212617248671443,-0.00116867496199447,0.151486942553243,2
2019-02-24,8.86885324604825,8.75996846623968,1.81441391464849,12.6749471225308,5.59341714851955,15.2220685724573,3.83635699606009,0.0513147367140541,8.86209790909091,2019-02-22,2,0.399424085625632,0.854118062473722,-0.210745682960276,-0.00114532056094333,0.15136048564723,2
2019-02-25,9.34367019218623,9.3182372074572,1.85087261331323,13.2587487121267,5.96288663078776,14.8351106457821,4.79316869137682,0.0516664528677631,7.61041957342657,2019-02-23,2,0.407807701596829,0.851571375332589,-0.216810667142614,-0.00118187464276237,0.151043414075,2
2019-02-26,6.33818078880213,6.22475635860573,1.46378919195439,9.42389053540713,3.73391376432813,11.8584590782826,2.65218581318322,0.0465556287100029,9.38749998611111,2019-02-24,2,0.408580002771512,0.851240117995622,-0.131024694330688,-0.00119709098180521,0.151635639953023,2
2019-02-27,5.63306815747888,5.52897570403856,1.41495402240212,8.70211442350815,3.09254157402676,11.1431714199437,1.20579688736351,0.0511079822726991,8.57861108333333,2019-02-25,2,0.41375550684129,0.848578017851099,-0.143294699230947,-0.00119602109656375,0.151846481815404,2
2019-02-28,7.27891756207074,7.1097743422283,1.64548811484823,10.7344569134734,4.35043486093286,12.2698682493079,2.79533251629909,0.0509665066910893,9.27314686013986,2019-02-26,2,0.414180437626826,0.847000718510233,-0.118964007267197,-0.00119002551980284,0.151215729341165,2
2019-03-01,7.47421465674781,7.37342188850092,1.56838735122461,10.8031452387057,4.62520878034917,11.2190129159454,2.98260414298098,0.0464088361370981,0.848125,2019-02-27,2,0.407880915969541,0.846605728055792,-0.0321692815443883,-0.00114165314234236,0.152344262348993,2
2019-03-02,8.86472646205589,8.87440882805715,1.74956268587431,12.5793545151027,5.65714625996316,15.6526421708745,4.01452018912034,0.0490316509152645,0.442307692307692,2019-02-28,2,0.403294030121829,0.849096228539538,-0.0511118555295608,-0.00113450395039069,0.152971694381143,2
2019-03-03,2.07485873579541,1.95718683053016,1.05325408962992,4.62527713303274,0.398745876295592,5.54717631129173,0.059327129735805,0.084545558844137,0.494652777777778,2019-03-01,2,0.415050398556693,0.84172362234557,0.0140528023521121,-0.00112740803935491,0.152596082827016,2
2019-03-04,1.88067995733455,1.68114827884254,1.14219138052982,4.66784156709885,0.206597156864539,5.75901241927623,0.0309663230800323,0.10763499246828,0.466573426573427,2019-03-02,2,0.415979156436116,0.831420086691911,-0.135006805771506,-0.000957555361782477,0.193879179139434,2
2019-03-05,1.82230755603185,1.63097808269616,1.16578247666093,4.61379322131563,0.176393233516417,6.1142942629996,0.0308145594602495,0.110777028383934,0.428472222222222,2019-03-03,2,0.416855164325921,0.838594253604372,-0.305384224011601,-0.00103055174609111,0.194894590551259,2
2019-03-06,1.12957435042123,0.905382631530718,0.92320050008731,3.52344570386222,0.0308027453583328,5.01776123975271,0.030874437058739,0.125236461693784,0.456527777777778,2019-03-04,2,0.368528243479117,0.857637948349774,-0.288133402216855,-0.000953107840691509,0.195420967076465,2
2019-03-07,1.00298921341898,0.790391572007212,0.834199459052353,3.18518647396901,0.0318737908348082,5.20304768308864,0.0309079106268769,0.117111909255171,0.459375,2019-03-05,2,0.348021201070958,0.870695406901151,-0.333719675706384,-0.000980805664037859,0.194714926544613,2
2019-03-08,1.075980474593,0.865473015889719,0.881636544532505,3.37460071200564,0.0309364746786832,4.57481793420256,0.030903347030569,0.121221128059291,0.455763888888889,2019-03-06,2,0.351698567679272,0.871878914982985,-0.374616367296879,-0.00100607228955277,0.194963400801474,2
2019-03-09,1.4675999801479,1.22638659875701,1.02107571218809,3.95667016662709,0.0918544508222853,6.27334195155706,0.0308231563911445,0.107658766016263,0.489440559440559,2019-03-07,2,0.346747859980448,0.874150062058439,-0.393697955015612,-0.00100524767227964,0.19400346848637,2
2019-03-10,1.81323291228121,1.58884728639176,1.11875999434923,4.47611577178277,0.206528143245804,7.53434616195539,0.0312010934184456,0.102132679072888,0.640138888888889,2019-03-08,2,0.345484736125305,0.87617335076523,-0.437136891921466,-0.00101405925056856,0.194166839142933,2
2019-03-11,1.33337254102583,1.11132268943816,1.03491279491081,3.85000221242918,0.0478458561642505,5.79069490160788,0.0310182616399207,0.119047959207949,0.786760563380282,2019-03-09,2,0.318992227581534,0.887930901623799,-0.411680977751053,-0.000992076330553208,0.192786082506972,2
2019-03-12,1.23535946030478,1.04726130233876,0.990648568184737,3.74572624002476,0.0330613033073982,5.63258783884122,0.0308487711255046,0.126490555007516,0.877202797202797,2019-03-10,2,0.310565736959771,0.89294936831566,-0.501046396887464,-0.000972119028477695,0.193125170764037,2
2019-03-13,1.08462535825173,0.919524597594561,0.838052106411863,3.30898509128536,0.031794188806061,5.22365245840245,0.0308171202331625,0.113287097971179,0.935972222222222,2019-03-11,2,0.305637037153002,0.894825253554236,-0.457176480281356,-0.000968988097095233,0.192243032461212,2
2019-03-14,1.15082692898285,0.955051684757925,0.880649228088443,3.41721132838583,0.0365709842594272,4.89502860673949,0.0311211397154003,0.111411102705791,1.12007042253521,2019-03-12,2,0.305978318148534,0.894730078849766,-0.465055940775177,-0.000977782781298161,0.19214516445952,2
2019-03-15,1.48825435158498,1.24998972604678,1.14727713585037,4.15795050408129,0.0684261000078742,8.15636779218123,0.0348979205098398,0.120862531007195,1.83006944444444,2019-03-13,2,0.301077064600145,0.895122843795142,-0.449509799950289,-0.000936101803687426,0.192015695923525,2
2019-03-16,1.80556672496036,1.61164542655262,1.18533574132764,4.79377405191786,0.123280652988137,6.69547691933803,0.0308318381951802,0.126282904023325,2.27685314685315,2019-03-14,2,0.305292410059096,0.893934248463352,-0.443316648276491,-0.000961415168167232,0.191694001192028,2
2019-03-17,2.00391720578059,1.86470055685499,1.19106054550141,4.91278311902322,0.236458282832739,7.72228354633309,0.0347259970224935,0.110374334483569,2.76743055555556,2019-03-15,2,0.299178137124298,0.89625688267297,-0.412489585714457,-0.000958311476557435,0.190628493307449,2
2019-03-18,1.79299267658085,1.59700585836491,1.22425962431564,4.73263310084528,0.12839103272624,7.39062692229527,0.0347545313735973,0.123296561196046,3.29916666666667,2019-03-16,2,0.313913689634953,0.889042407966874,-0.419792594896492,-0.000958860694245773,0.19004530114428,2
2019-03-19,2.1134706748044,1.94138282789014,1.19380915941529,5.01807073073624,0.298550518575563,6.68678078619393,0.0315182023777,0.105372312201084,3.37902097902098,2019-03-17,2,0.309758402163266,0.889529653065367,-0.414304593722915,-0.000923929358586293,0.190036453100058,2
2019-03-20,2.46884419237712,2.29268127931694,1.28836737024427,5.43452009249528,0.499073095607189,7.8854841306416,0.0311981465862768,0.0963042375009118,3.5125,2019-03-18,2,0.309413419341839,0.886853466878222,-0.369382484422199,-0.000884835786122577,0.190782176749515,2
2019-03-21,2.66663179016992,2.54281184363003,1.28654238537268,5.6427152460647,0.631172449675017,7.61354522896228,0.0318524949151506,0.0909585814869109,2.65188811188811,2019-03-19,2,0.314080204657716,0.885740436485016,-0.364394621672898,-0.000912601050612769,0.191196480460485,2
2019-03-22,3.15533150740057,2.95896643252463,1.47235990081226,6.55824642016874,0.796755311273393,8.43133241940204,0.238143206056991,0.100987808734995,3.15375,2019-03-20,2,0.319775621771882,0.88220871250111,-0.368168658610853,-0.000890537013862846,0.189683659871458,2
2019-03-23,2.50631860391232,2.32707151567561,1.28151283394951,5.46536721825295,0.526928843485266,7.88212626426401,0.0420778640313239,0.0947332502263027,2.85875,2019-03-21,2,0.307605717427557,0.885066248231664,-0.294390514528157,-0.000855929996972637,0.18894452902787,2
2019-03-24,2.44597933314364,2.27510212675791,1.25585497237771,5.40507690147558,0.486405559560469,7.29368317645614,0.0377569726325509,0.0966541948524382,3.62014184397163,2019-03-22,2,0.312998131563775,0.883531594478874,-0.312125335598156,-0.000882063010666872,0.189609029133541,2
2019-03-25,2.32279575941737,2.11629474701643,1.26408376456739,5.32027520270735,0.392807689861154,7.33946609147846,0.0329793756535974,0.103226676325493,3.7193006993007,2019-03-23,2,0.317147390129031,0.881481552408662,-0.355479134410338,-0.000849869539804937,0.189517346225871,2
2019-03-26,3.37000098817195,3.23245810337907,1.40611905405155,6.52950033301477,1.07438119294206,9.02688937908253,0.401345510313934,0.083537363248376,3.92748251748252,2019-03-24,2,0.311994168044865,0.881762333506484,-0.304329751829304,-0.000845092106219927,0.188867150951798,2
2019-03-27,3.40837612268009,3.34506707149674,1.45821688128703,6.70157609415206,1.03817387693557,9.25220669059518,0.303488447445416,0.0892541053044587,4.2812676056338,2019-03-25,2,0.310850607047518,0.882528226212874,-0.295812040726844,-0.000831866615683045,0.188214055665472,2
2019-03-28,3.50606061704963,3.36871649884764,1.46890686653879,6.8016945978707,1.11320112249354,9.79966173309259,0.569219965787004,0.0872985131136334,3.77601398601399,2019-03-26,2,0.311071732895669,0.880430944996415,-0.270727831132702,-0.00081859735017458,0.18843945445919,2
2019-03-29,3.32057369495137,3.13289861812406,1.47572765972694,6.6355038747519,0.960225268138246,9.01331942255574,0.445275808338175,0.0923082884475172,3.56405594405594,2019-03-27,2,0.301405229433897,0.884482801764488,-0.268637375673351,-0.000795477040101222,0.187886240865026,2
2019-03-30,2.97481873603249,2.75981602239973,1.35798711380251,6.01033158673371,0.830072114750182,7.8306655061083,0.23542651531754,0.0861373117464081,3.46541666666667,2019-03-28,2,0.302796347362927,0.881463220518966,-0.240698998182879,-0.000772621171530529,0.18805543615146,2
2019-03-31,3.13436738169196,2.9216275098023,1.38080780859999,6.25594356787747,0.910342246407497,7.6962456473087,0.453581182121916,0.086793405639338,3.40071428571429,2019-03-29,2,0.301383444611994,0.884052295770449,-0.28282546998633,-0.000774133081163207,0.188382513690904,2
2019-04-01,2.9597832817769,2.76755945228295,1.34113117897311,5.99368438571959,0.819531427508988,7.89059990289256,0.347758304128385,0.0864161005086538,3.50645833333333,2019-03-30,2,0.301670238847625,0.884149457881255,-0.249966742236832,-0.000795310384607906,0.186986537498809,2
2019-04-02,2.55129300602946,2.41751501098625,1.2275824967083,5.39604704459767,0.605371159063134,6.93438604915647,0.0398202409418159,0.0869172922577287,3.4720979020979,2019-03-31,2,0.312379344533298,0.879043439847806,-0.27235812027679,-0.000796714960173081,0.186300858172549,2
2019-04-03,2.97179145585531,2.86080219763561,1.32592532813048,6.04092817373172,0.812223345110585,6.96146159527629,0.32623257581514,0.0879555062593214,3.49971830985915,2019-04-01,2,0.300971087806985,0.881842424456895,-0.254920299530762,-0.000756537917192341,0.187036231762448,2
2019-04-04,3.23359193630531,3.09478757905463,1.4219374625978,6.44561557553209,0.942922290403123,8.56445308890607,0.475787415207819,0.0890951559800029,2.94958041958042,2019-04-02,2,0.297000734711831,0.883276803572736,-0.223715772293579,-0.000738942737900757,0.185793497619341,2
2019-04-05,2.86142393257584,2.6737854836861,1.31901213430185,5.91952892716313,0.735683617789667,8.80164421948535,0.0481535843136477,0.0901598920490726,2.88326241134752,2019-04-03,2,0.298718397962206,0.883741426956457,-0.236569307510422,-0.000761219755219231,0.185144603177087,2
2019-04-06,3.16375240181654,2.98369035635348,1.41655673113859,6.32420785313341,0.914234964091874,8.94587031079383,0.221500345785856,0.088087928198212,2.80180555555556,2019-04-04,2,0.298013920548323,0.883358995352553,-0.253079322735077,-0.000737656949818009,0.185609342511426,2
2019-04-07,3.24930568956932,3.16388060370213,1.40544202263431,6.42512224211069,0.972382050036772,8.29005247313856,0.529897016679522,0.0869231640325967,3.3625,2019-04-05,2,0.300071198458558,0.881726471919384,-0.237671607846972,-0.00074189104124981,0.185485727483074,2
2019-04-08,3.29948244848742,3.15088971176469,1.39203495799485,6.49584449213832,1.00113693509171,7.00780514592951,0.324016974095985,0.0868384176064685,2.24570422535211,2019-04-06,2,0.294059273894794,0.883766322864855,-0.22113573302725,-0.000733828752824697,0.183701813738791,2
2019-04-09,3.7454330459583,3.60063011100654,1.43452204765548,6.95986553971572,1.3472207013574,8.6259286823272,0.398142259957127,0.0789286875945663,2.42409722222222,2019-04-07,2,0.300860326901032,0.881062374730866,-0.255638805218948,-0.000735392741075456,0.183666404596409,2
2019-04-10,2.39636446573737,2.20730162800649,1.32160718840698,5.51648512991467,0.395093341042558,6.69142051089701,0.203364918216062,0.108193023485631,2.49853146853147,2019-04-08,2,0.293255825588855,0.884843330751719,-0.232471480900476,-0.000740385987745418,0.183834479456317,2
2019-04-11,2.08674192006456,1.89382001171966,1.19230349803821,4.95678165624351,0.294242023527558,6.31119065161257,0.0316806842364194,0.104198365430806,3.25795774647887,2019-04-09,2,0.292321526788342,0.885374371309495,-0.222791045474009,-0.000747388303340902,0.184084401666978,2
2019-04-12,2.03086465191898,1.82833148705492,1.15343761284989,4.7163138837823,0.322385838393108,6.40535740751694,0.0816851959389855,0.094473277850068,4.6872027972028,2019-04-10,2,0.293060819418584,0.885113906120755,-0.248657004668663,-0.000741527576917376,0.184428449363,2
2019-04-13,3.38237494500215,3.25849275474772,1.43153677509565,6.6499765668831,1.03053956875026,8.42407552262837,0.36209675563019,0.0885548194143445,4.97839160839161,2019-04-11,2,0.294560374814185,0.884918237505605,-0.275808041449944,-0.000735482674483537,0.182902133675927,2
2019-04-14,4.52985732076257,4.495981890281,1.49197974347903,7.86288024318702,1.93992493640112,8.575370633481,1.47552419203635,0.0718570363569964,6.91513890972222,2019-04-12,2,0.304096280536736,0.87895906226486,-0.244844727554148,-0.000732318368594849,0.183103941758563,2
2019-04-15,5.12937591786103,4.95203157710327,1.68155762731232,8.81100474684086,2.25099390927238,10.3631959326789,1.04467780965198,0.0776741635372516,6.38115645578231,2019-04-13,2,0.293576784682956,0.88436914203655,-0.237466292513613,-0.000727262857110223,0.183153670458085,2
2019-04-16,5.78044821230432,5.5467185042873,1.84649394756967,9.80458811202378,2.61137894531929,12.0879440984524,1.48348388392512,0.0826855388367068,6.8220833125,2019-04-14,2,0.305760460501392,0.879019464732764,-0.226291548525832,-0.000747628043124656,0.183211898537422,2
2019-04-17,4.33634612347755,4.18872576742755,1.48102311153818,7.54666590117711,1.84566623454349,9.07438520816155,1.43883645381932,0.0695893528475822,6.41479167361111,2019-04-15,2,0.310041430176033,0.877648490509417,-0.238377216983592,-0.000753628664974723,0.18255931759136,2
2019-04-18,4.87659403070542,4.73414904202474,1.66834471938872,8.50961337847174,2.06174258953167,12.6875512010749,1.1624084736097,0.0791170362139176,6.73302814084507,2019-04-16,2,0.304493379588929,0.880754948459458,-0.22416767852537,-0.000756906380045979,0.182851352017552,2
2019-04-19,4.73071504676101,4.54468040649444,1.69499336849092,8.42163675076173,1.90404746037458,11.9095796682776,0.830891112588168,0.0835735840655094,8.00744683687943,2019-04-17,2,0.301172600804331,0.880886943564551,-0.162233290290575,-0.000740636520908816,0.183077722484302,2
2019-04-20,5.92263963408008,5.81633880250815,1.71176418635687,9.58629440306425,2.96277285862821,12.1957725161959,1.59974202627256,0.0680564707104092,8.30187502083333,2019-04-18,2,0.294066437988487,0.882871983095409,-0.128784420143973,-0.000725918277624037,0.182367066493626,2
2019-04-21,7.56135609671805,7.43136492978784,1.83314479211409,11.4652301758963,4.29824245158641,13.7338751041011,3.25212109427913,0.0619616903283845,6.19721428571429,2019-04-19,2,0.294943619510713,0.881287642940107,-0.126194974974943,-0.000695628480498436,0.182428408856732,2
2019-04-22,6.92722373132986,6.77708037593177,1.88285065396049,11.0233790199417,3.58753925493338,12.9999821741097,1.70203545993269,0.0731509121325389,5.11450704225352,2019-04-20,2,0.295912390635798,0.882447242048147,-0.134045109448075,-0.000721262168370383,0.182304167117574,2
2019-04-23,4.68176400642477,4.603087398803,1.62022388135176,8.23066790148605,1.94402109425818,10.8586968782785,1.10311512226988,0.0784394649825269,4.33576388888889,2019-04-21,2,0.284396854912726,0.886954862737167,-0.0938615039971027,-0.000707961374565228,0.18163826518278,2
2019-04-24,3.65999442163289,3.52225563095815,1.4203770846832,6.79809993064421,1.31822283654108,10.2792993159724,0.548986671330034,0.07700568476158,3.81805555555556,2019-04-22,2,0.293289167312394,0.882281415829087,-0.0980019358894607,-0.000715558293425062,0.180673718752718,2
2019-04-25,3.52205082039692,3.34763238371026,1.43492586211524,6.72867242230486,1.17091974487084,10.0975554907439,0.414773763472987,0.0827261426548745,3.56415492957746,2019-04-23,2,0.293505012719245,0.883367928233322,-0.123004320524948,-0.00072524833365787,0.18172889793673,2
2019-04-26,3.32271896700346,3.18725660538373,1.26198726209233,6.12745110226935,1.22102801813082,9.06870956202748,0.142516767380451,0.067984254277831,3.55113475177305,2019-04-24,2,0.300055120064069,0.880476305502281,-0.107962287455026,-0.000737248954573414,0.180665233836044,2
2019-04-27,3.56013399424751,3.51342802537261,1.43871596280838,6.81968356014816,1.17417668304313,9.56706873171059,0.221708924086346,0.0844765841999958,2.37713286713287,2019-04-25,2,0.300973734914399,0.879698117606235,-0.115591549636969,-0.000733353004030961,0.180282527881151,2
2019-04-28,2.89973042138027,2.85058477073409,1.25862101761753,5.78579793332186,0.843613536843948,7.68486676286608,0.278765068030672,0.0802564281916814,1.74868055555556,2019-04-26,2,0.295947812941061,0.881588420436087,-0.0897958757030071,-0.000734005269127773,0.180909857609339,2
2019-04-29,2.01009524779941,1.92666561752411,1.08973995551799,4.67443244605103,0.317047702678086,5.64108181142868,0.030812507942069,0.0939239464683361,1.87965034965035,2019-04-27,2,0.292486540574596,0.883402237319843,-0.112567706115532,-0.000728658458389593,0.179195212288512,2
2019-04-30,1.64556683206613,1.46232497923931,1.05062196155124,4.34165181320967,0.119719771646631,5.68504744590032,0.0308045367654922,0.1131622924913,1.65922535211268,2019-04-28,2,0.297216075465502,0.883301198773064,-0.136797587201523,-0.00075552874605788,0.179898167932492,2
2019-05-01,1.64254128168182,1.51933149428038,1.04666502398885,4.28299013178131,0.130641622237097,6.34344308353978,0.03118847499244,0.109130982120865,1.46666666666667,2019-04-29,2,0.294555029141286,0.885380071722401,-0.146036576901206,-0.000766458122988151,0.180187849049838,2
2019-05-02,1.57832767934537,1.39026749816448,1.08710019117539,4.2298939704515,0.102180909628625,8.09657277598353,0.0308014091509158,0.113663354540033,1.85640845070423,2019-04-30,2,0.288815382532336,0.885928278364324,-0.103242683926097,-0.000747099268086906,0.178993821354288,2
2019-05-03,1.2455268981562,1.09717331207414,0.872006103193261,3.47103620865584,0.0620963526441921,4.51576143927845,0.0309777186915337,0.100769270858649,2.39335664335664,2019-05-01,2,0.293391799556718,0.885528874813568,-0.143177396613038,-0.000763855420493687,0.178834534181774,2
2019-05-04,1.49825790429736,1.35446126125537,1.00970689246923,3.97267618663982,0.106515788848248,6.87686878549184,0.0308591814022955,0.104695049529364,2.88583333333333,2019-05-02,2,0.299846774764039,0.883536191102355,-0.17148431947102,-0.000773357002334665,0.178244970513718,2
2019-05-05,1.87366940663956,1.68376689311587,1.0614296416564,4.38317746478789,0.287599636761121,6.03692449983617,0.031562653173809,0.089296707809817,3.07246478873239,2019-05-03,2,0.293386335482178,0.885606699030162,-0.135116836022851,-0.000761790653655108,0.178585752881845,2
2019-05-06,2.36943343942065,2.27780285725517,1.19440115846657,5.18096702864457,0.493076746357169,6.75064399781772,0.0885878133906655,0.0904318340572448,2.83895104895105,2019-05-04,2,0.308310166526495,0.878092317252708,-0.185284848433696,-0.000753287072960171,0.177966436158099,2
2019-05-07,2.72042692374339,2.58208216039362,1.23779441300024,5.58851522713498,0.717484822932932,7.46296588678625,0.189688797480218,0.0836598488994862,3.25486111111111,2019-05-05,2,0.302623383192379,0.879334592102467,-0.146307865516493,-0.000741435424116442,0.177681822228266,2
2019-05-08,2.14257021621465,2.02433524599694,1.12020471663589,4.81154807805958,0.398126133616174,5.60059831378694,0.0419586323166895,0.0894026420545685,3.00965034965035,2019-05-06,2,0.302578935477781,0.880872122576671,-0.136191558471471,-0.000763179638214217,0.177637426567543,2
2019-05-09,2.46632084216605,2.29856130163405,1.25569269282544,5.42341079193443,0.500750487844196,7.61101229586332,0.0924525145912765,0.0958801868267548,3.76457746478873,2019-05-07,2,0.291558935905852,0.883098037928155,-0.104212261872931,-0.000721116904606955,0.176936114185084,2
2019-05-10,2.49025279952316,2.36225344648231,1.199969267299,5.28516221590007,0.583362584932475,7.35442597551488,0.0837743025608576,0.0858716735040071,4.35090277777778,2019-05-08,2,0.301549647599466,0.879541982218562,-0.140520972968387,-0.000726491942443404,0.1770127970511,2
2019-05-11,3.18734810147159,3.06329579006449,1.40832365761412,6.41253875569774,0.901552413551659,8.25781818895336,0.267669826280035,0.0908397224696207,5.14408451408451,2019-05-09,2,0.302560091353279,0.87956780332294,-0.123913599575811,-0.000742924063488231,0.176894400810456,2
2019-05-12,4.20164966657672,4.02192963857698,1.48203123756545,7.47477311311192,1.69449576562419,9.77154695992216,1.23040733095979,0.0740694419670003,5.75923611111111,2019-05-10,2,0.300167656703038,0.879298039295132,-0.122787242226143,-0.000714376107995334,0.177142700030911,2
2019-05-13,5.3930768528765,5.25828855202894,1.59784737904975,8.8589303696815,2.61542385425779,11.6065282157994,1.6197186787568,0.0665491580408507,5.30685314685315,2019-05-11,2,0.295095437503564,0.879847008948163,-0.103052351087572,-0.000696643677550149,0.176963848141275,2
2019-05-14,4.93953721479689,4.80750522348237,1.50252391663266,8.18430740296861,2.35153586069327,9.78408551874864,1.6793382195043,0.0635097065167745,5.18573426573427,2019-05-12,2,0.308200153537281,0.8757754195284,-0.110685448664968,-0.000721047740002458,0.176029617401064,2
2019-05-15,3.84456839199408,3.72275215424915,1.26809770691472,6.63569714632059,1.66935106323902,8.8640413616495,0.651385635462993,0.0595587851452693,4.51212765957447,2019-05-13,2,0.304917138517549,0.878002206665205,-0.118529496128473,-0.000723697569438323,0.176091476292378,2
2019-05-16,3.63374491726078,3.49185387618344,1.34176516013499,6.60471446399318,1.38745295979707,8.21087272737464,0.497363425751493,0.0700764997155227,3.835625,2019-05-14,2,0.306230787715696,0.877032577530249,-0.143680496925136,-0.000710704706384143,0.176084502587212,2
2019-05-17,3.41919658148704,3.30481057744508,1.35888358273206,6.44754251230053,1.1807160614652,8.24114110384958,0.590055886247357,0.0763801779636942,3.69597222222222,2019-05-15,2,0.305829286240193,0.875907107057112,-0.104480811426017,-0.000710977632037729,0.17488557340836,2
2019-05-18,2.87868402365458,2.78253424106975,1.25217626267296,5.82172018809298,0.800879256314528,6.56538515449853,0.051766410132076,0.083668087230091,3.17638888888889,2019-05-16,2,0.300584784257864,0.879680904845784,-0.10860621833226,-0.000721828091182349,0.175135062501535,2
2019-05-19,2.9405578950812,2.81335758020654,1.32550961200208,5.97027270503115,0.807074125436419,7.43456385911348,0.367532961870928,0.0866657602926121,2.9572027972028,2019-05-17,2,0.305571530474121,0.877739684033396,-0.136971264514307,-0.000711979493035698,0.174182587626479,2
2019-05-20,2.52038559534627,2.36984597501689,1.11711947720405,5.04037880860593,0.72876055267725,6.65541250718316,0.1471047978892,0.0704333798299179,3.15943262411348,2019-05-18,2,0.306714805717194,0.877333708195785,-0.131136300416636,-0.000722442971673087,0.174046560826223,2
2019-05-21,2.56639858049848,2.40917642920393,1.19497740378685,5.34159257766639,0.646344434503667,8.10216366396459,0.0536744044989957,0.0826922322766145,3.13363636363636,2019-05-19,2,0.30359505131698,0.878252282693606,-0.100324107648602,-0.00072127329695976,0.174141546459286,2
2019-05-22,2.38029120894451,2.19298892935654,1.17092598716784,5.09925844223482,0.538110257192234,7.11673787970566,0.045146376662321,0.0847854473749902,2.85286713286713,2019-05-20,2,0.303285068160158,0.877657797256087,-0.104278521836345,-0.000714049666097488,0.173457528335729,2
2019-05-23,2.59945145525506,2.43690141022004,1.19652175391331,5.4070474602096,0.656030868408655,6.03029954796221,0.13074701202679,0.0835659738040599,3.12104166666667,2019-05-21,2,0.307166770847752,0.876178941984925,-0.155365073156995,-0.000705534301215824,0.173415772449425,2
2019-05-24,2.26193270108543,2.17053554812665,1.08464442442252,4.77883101080291,0.539950072319914,6.02697382484481,0.184195554842556,0.0768685403205442,3.73202797202797,2019-05-22,2,0.302288804675531,0.878182824211993,-0.115325887445584,-0.000703716661427285,0.17306646283419,2
2019-05-25,2.41818570061943,2.2535758637006,1.18966168129394,5.08737166029516,0.585887082513494,8.33534306638223,0.208504123062424,0.0809272101440641,3.40083333333333,2019-05-23,2,0.298770415299849,0.878540427188704,-0.080391685489272,-0.000692402802401671,0.173032859991898,2
2019-05-26,2.92131938639395,2.83001432402156,1.34700802045609,5.93479971732624,0.800189158109068,10.2940504737228,0.437060258185236,0.0862904726740934,2.92839160839161,2019-05-24,2,0.301878116577651,0.87807155805347,-0.144709691825195,-0.000688340439535128,0.172349902822277,2
2019-05-27,2.65037673739928,2.47298713172422,1.16893028870905,5.3108428922664,0.760997430127096,7.80167103999477,0.240684295085913,0.074564286320293,2.81715277777778,2019-05-25,2,0.302771868485477,0.878193845239452,-0.151080820402093,-0.00068820565233425,0.172488229092135,2
2019-05-28,2.27905550486965,2.11683248629801,1.09039816243997,4.75559914351628,0.569636496772606,5.53342320683164,0.0517404693424508,0.074181138965161,2.73125,2019-05-26,2,0.312498033774614,0.874121406923909,-0.163204383627258,-0.000702777056439316,0.172057279983695,2
2019-05-29,2.35268405656074,2.25569277737326,1.13832334271196,4.98108018446713,0.556774269513306,6.22741893101878,0.166307632921805,0.0805016323014088,2.73069444444444,2019-05-27,2,0.30585281237764,0.876820087784163,-0.159826732702887,-0.000684167574568073,0.172147638499729,2
2019-05-30,2.23893513671508,2.08418551510982,1.14356491921778,4.91345605900507,0.45942452851779,6.75788380230121,0.129987282260695,0.0865477157699907,2.66713286713287,2019-05-28,2,0.301387351474454,0.878105006859298,-0.145349882880696,-0.00067807941635768,0.171378584842579,2
2019-05-31,2.5197564554758,2.33070021915768,1.20967775598771,5.32617822323852,0.599350585362168,6.8898325793795,0.0543608983380277,0.0856779535051066,2.61451388888889,2019-05-29,2,0.306351923940634,0.877443457176587,-0.171450857036783,-0.000688156936988524,0.171317634438883,2
2019-06-01,2.4081153302207,2.34024221977304,1.1535270356164,5.04289261580825,0.593562012077545,8.33931556621685,0.192977181573523,0.0793158577999994,2.65090277777778,2019-05-30,2,0.308781393065071,0.875249593698995,-0.163846835827336,-0.000688730575970835,0.170815687776234,2
2019-06-02,2.32501135343026,2.16902723026558,1.1214317426653,4.96228110086529,0.533557270968602,6.91119522773787,0.030816249853972,0.0817905811958471,2.88056338028169,2019-05-31,2,0.303126793873717,0.877624454990236,-0.165239578593677,-0.000671881661713731,0.170781074851858,2
2019-06-03,2.13526917241407,2.02730938618323,1.0700333385529,4.64837353571404,0.453533362881676,6.53935733198427,0.0361606430431722,0.0803935420169142,2.64153846153846,2019-06-01,2,0.304228210695345,0.87737307719147,-0.17940719841457,-0.000680549063645418,0.17015529742288,2
2019-06-04,2.20732277034693,2.04507576201155,1.05881789459995,4.6648980787705,0.526514966951283,6.72423493326929,0.0464921248686756,0.0751136072802378,3.14097902097902,2019-06-02,2,0.307400167217774,0.875501247806606,-0.148013784166988,-0.000689633423200758,0.170122076945869,2
2019-06-05,2.11241398677592,1.98984933100458,1.11837048848578,4.74245201059434,0.393188851335626,7.53705384923804,0.0527481980256939,0.0880758285594773,3.5056338028169,2019-06-03,2,0.30101271289649,0.878293806323856,-0.159988577116237,-0.000668630574090302,0.169348658690371,2
2019-06-06,2.52957202771349,2.5187925006474,1.10182372507257,5.13874345527262,0.694023891151232,7.82315940826682,0.173164809224913,0.0748095610161946,3.98368055555556,2019-06-04,2,0.308419649327855,0.876189164963971,-0.201402026224074,-0.000682860206908126,0.168979716352178,2
2019-06-07,2.94247618922732,2.78212612859037,1.22029362557492,5.62142687129986,0.979268005420744,7.97493124441293,0.424193702679145,0.0692124742352518,3.70888111888112,2019-06-05,2,0.312553701588666,0.872423210065775,-0.160811404596079,-0.000676374410011256,0.169679871250609,2
2019-06-08,3.94632215451803,3.82986868700013,1.42162580065766,7.1277921904538,1.53137331000887,8.83631011979336,0.618755595923084,0.0741227862547214,3.34566433566434,2019-06-06,2,0.309346935669246,0.874860268949897,-0.185563700139032,-0.000676750476322644,0.16986198302093,2
2019-06-09,4.76247849526861,4.6254210953391,1.55890007470304,8.22275070486958,2.06528541206874,9.48577534975053,1.09065484975775,0.0737899377268345,3.60166666666667,2019-06-07,2,0.3063136802931,0.87544553040671,-0.159121386998954,-0.000677570265924606,0.169589965339966,2
2019-06-10,4.22631457623116,4.16351848468403,1.43042363897625,7.38347999363223,1.78237586965836,9.83181432320829,1.12861774240991,0.0689691969761324,3.50567375886525,2019-06-08,2,0.295279907555889,0.880860281720668,-0.159994386448311,-0.000668331767292803,0.169343157516443,2
2019-06-11,3.8921354946535,3.86981157121189,1.33643652550969,6.93394408859851,1.56444551953253,7.53814831225708,0.747447201518166,0.0690554446969628,2.86401408450704,2019-06-09,2,0.303310232569916,0.876530779852,-0.153613712764298,-0.000672702852148516,0.169323408529734,2
2019-06-12,2.98457013932437,2.84515043238549,1.18188371410923,5.68738929713535,1.00060164318755,6.26375061047571,0.245547957984755,0.0695130343952667,3.40201388888889,2019-06-10,2,0.305905191616284,0.876158784986617,-0.180643224377258,-0.000677725034190293,0.168842415805775,2
2019-06-13,2.50351540640672,2.37251964715318,1.20088589393067,5.23122229122228,0.621722958179393,7.77010537547132,0.100326243330566,0.0818001324351061,3.73622377622378,2019-06-11,2,0.30096326205264,0.877872224131318,-0.179375895799013,-0.000660896758799,0.169129383935056,2
2019-06-14,2.74428772418647,2.6176090932707,1.17422485058896,5.44056802633226,0.815571331608714,7.62693667020889,0.157609890885385,0.0742236173534363,3.23430555555556,2019-06-12,2,0.298994685690944,0.879085206000698,-0.171323780535935,-0.000667444563895817,0.168970469922234,2
2019-06-15,2.82383491439553,2.70682846196263,1.14968665064925,5.5062737328176,0.883915887447415,6.38531621916578,0.141707975986607,0.0718018450225628,2.90104895104895,2019-06-13,2,0.309304906494504,0.87283045618348,-0.161414779573698,-0.000666336962914786,0.169244040022851,2
2019-06-16,2.46671516042203,2.37874473955898,1.1162497181457,5.10255122031765,0.635539337108976,6.84678101589995,0.0412019526698757,0.0778108412278549,3.16755244755245,2019-06-14,2,0.310141345768138,0.873260773312244,-0.164965382058988,-0.000668510135911638,0.167904215025983,2
2019-06-17,2.44423882178813,2.26126948802642,1.16238103985472,5.14845090558833,0.589407243087038,6.72521444876115,0.0588405759487781,0.0821353021058848,3.44140845774648,2019-06-15,2,0.302056745325601,0.877724313987702,-0.181571391985489,-0.000656454326737804,0.168087639092308,2
2019-06-18,2.57779811603005,2.40464150616026,1.11826526386747,5.14092881094366,0.751967683375986,6.81433500911985,0.0621959061059328,0.0712971152738796,3.66573426573427,2019-06-16,2,0.309017796738547,0.873884007981788,-0.16926558234862,-0.000663019343417717,0.16739894037106,2
2019-06-19,2.77652257282583,2.60437585720693,1.2275919186545,5.56993081605387,0.793882207646165,6.62268830561886,0.442485219005652,0.0784014516479645,4.43798611111111,2019-06-17,2,0.303609605532244,0.874953352688127,-0.178080040986013,-0.0006443210861125,0.167275920666389,2
2019-06-20,3.20716081379903,3.13153112509041,1.26306950179861,6.02301139058551,1.12081429611341,8.74467704821662,0.347282377588911,0.0705432205260322,5.69590278472222,2019-06-18,2,0.295487382913608,0.877757941704346,-0.144591597483864,-0.000634932666921546,0.166895517581179,2
2019-06-21,3.72548334478563,3.6885912912332,1.25979875087778,6.52704046174999,1.56089242107173,8.1497101341283,0.61171180182865,0.0615947863175382,4.71048951048951,2019-06-19,2,0.301786794944386,0.877248718048494,-0.157086278755035,-0.000659408432009455,0.166892541418293,2
2019-06-22,4.53642446348923,4.46176579860076,1.41367787912918,7.67779375737147,2.06037967576036,9.13396917744054,0.780789076681031,0.0643370420951434,5.19625,2019-06-20,2,0.301487382476149,0.876125037693986,-0.186912429680641,-0.000630318396394121,0.167469617062363,2
2019-06-23,4.11535119677418,4.00742781002616,1.41557110872469,7.22909349743122,1.71273752340282,9.36468308514505,0.811597497317876,0.0687663117855967,4.51097222222222,2019-06-21,2,0.308412352559924,0.873531031172388,-0.217590228866807,-0.00063644542800855,0.167099014159314,2
2019-06-24,4.70555141864329,4.60205199928849,1.48759539963821,7.93142277461219,2.15695270387801,9.34603082597338,1.13521791005086,0.0654924296700454,3.89167832167832,2019-06-22,2,0.305998414603446,0.875036743368267,-0.193353243044413,-0.00064079478566771,0.166801446577774,2
2019-06-25,4.1911100864104,4.05403734308071,1.3857388340025,7.21693302596206,1.82948117743418,9.10674937243424,0.89756426384033,0.0642277248309041,4.70830985915493,2019-06-23,2,0.299690430666781,0.877292095116805,-0.199622708272462,-0.000620541976775195,0.167295699108975,2
2019-06-26,3.11728462019268,2.98991670843208,1.18728765166927,5.79680031156984,1.11999212677428,7.46729771147043,0.580866165242734,0.0659711497162838,3.88181818181818,2019-06-24,2,0.309458834062067,0.874286469195646,-0.2080007419759,-0.000648243119724416,0.166471843883961,2
2019-06-27,3.67561543802539,3.55988884846,1.29666064675759,6.52277499721517,1.49217064874478,8.57392609900592,0.521641608291347,0.0641813802075285,3.730625,2019-06-25,2,0.307689896182171,0.874149962788631,-0.196299641966929,-0.000643155326339005,0.16696632101405,2
2019-06-28,3.11779994725517,3.07253852375053,1.2807631617199,6.01954201385883,1.00516857102332,7.22353741473237,0.572148260607105,0.0763071963149304,4.50622377622378,2019-06-26,2,0.308090834609279,0.874252552663227,-0.193526726691906,-0.000640822679196872,0.165812843822136,2
2019-06-29,3.07225675743511,2.99922257841455,1.16417168861654,5.67565249657516,1.12396187979563,7.37966732383383,0.641615890239248,0.0633484131624808,4.69594405594406,2019-06-27,2,0.305474666549719,0.874953324289294,-0.199229066002217,-0.000634531175238586,0.165849291169753,2
2019-06-30,3.68775072600922,3.58245406637505,1.28074032308925,6.53320960195809,1.50343037628317,7.43703266356164,0.627882749510801,0.0639322568144117,5.78736111111111,2019-06-28,2,0.307041258507012,0.874112736337207,-0.19378992551477,-0.000630977193106446,0.165874591650041,2
2019-07-01,3.68145419157751,3.53117702265183,1.36767529070284,6.65918523258225,1.42347631303844,10.1345818037215,0.836221385743942,0.069600306442031,7.31993006293706,2019-06-29,2,0.301120178004267,0.876142882194397,-0.166668461699388,-0.000621308793421228,0.165565081175827,2
2019-07-02,4.28364756302332,4.21195981629187,1.45053911511908,7.52320324754384,1.78347766828113,8.78335288428257,0.697314456305963,0.071498786293849,6.70416666666667,2019-06-30,2,0.303057848673242,0.87586690805303,-0.201475193262196,-0.000616933633601969,0.166220563615478,2
2019-07-03,5.58200211429061,5.48402794072401,1.55548708959666,8.93654486909662,2.856238345365,11.5283726896255,2.23266617358332,0.0608030813670401,7.79692307692308,2019-07-01,2,0.317304198627854,0.870401994281035,-0.276610182067616,-0.000618414398676165,0.165473131368988,2
2019-07-04,5.29601488238875,5.15597835285414,1.46956917991667,8.41826990293851,2.74957227610455,11.8001345094803,2.07888827478729,0.0556812009671706,8.82243055555556,2019-07-02,2,0.301979234539819,0.877393217626429,-0.28206499473512,-0.000585146712055663,0.166554610501142,2
2019-07-05,6.01291870898104,5.89968286580694,1.59774815371859,9.43764909472344,3.20089690370296,12.8335974407683,1.14399151931034,0.0592490692418626,10.0494405804196,2019-07-03,2,0.298280763124783,0.878261655352223,-0.255929235438091,-0.000580888427078161,0.166113487803573,2
2019-07-06,6.81584817036815,6.81048776109933,1.62574841198974,10.314183365808,3.88899389819199,13.5992716962046,2.7621555088693,0.0552623447303379,9.33388888194444,2019-07-04,2,0.297413424779582,0.879283389050438,-0.301891336413402,-0.00056196329183968,0.166437911509785,2
2019-07-07,7.61628269062634,7.51654747455305,1.92466202962011,11.6692010042937,4.24632186085423,16.4737698421041,3.26830619547739,0.0660421553455212,9.82493052777778,2019-07-05,2,0.293780385073101,0.88106303340678,-0.327402067982989,-0.000551784871378106,0.166935926159179,2
2019-07-08,7.29375234708798,7.12825995011994,1.88684066890519,11.3491391558666,3.94838342584753,13.8302295055541,2.92039210006907,0.0686589029809712,7.41783218881119,2019-07-06,2,0.290345966520003,0.883255743898139,-0.341561795382964,-0.000542216832994759,0.167166313409267,2
2019-07-09,7.53357764961616,7.35022825314456,1.83603571894617,11.4175582733672,4.28630671971363,14.0086954982692,3.38217715246664,0.0615699827627808,7.67873242253521,2019-07-07,2,0.300619871604564,0.878789183671899,-0.339219759556304,-0.000556736937302844,0.16706556742997,2
2019-07-10,6.20964134050365,6.10402974910022,1.63821588327198,9.72083903473716,3.32260399812476,11.2603879647587,2.02497225517187,0.0603564583297261,6.1146153986014,2019-07-08,2,0.29361244497819,0.883566152320696,-0.357270683660339,-0.000556016850603146,0.166668443014376,2
2019-07-11,6.4681497381325,6.37006820221217,1.65472467469648,9.97977418166316,3.55904296821275,13.7916989139249,2.42936400444411,0.05826360606239,6.6502098041958,2019-07-09,2,0.300747013343071,0.879605348450949,-0.367097515692047,-0.000561387172711264,0.166469922688883,2
2019-07-12,5.32376335226469,5.2481815223594,1.59645523145709,8.76962612438468,2.56636726008077,10.7154757639132,1.60776691586592,0.0665748959470033,7.31479166666667,2019-07-10,2,0.295632794675116,0.882307232365038,-0.357298464546998,-0.000558777742003985,0.16625317103488,2
2019-07-13,5.57897961913643,5.43391093268803,1.65406248594848,9.12902797381929,2.72780311692129,11.549885973745,1.62105743214396,0.0675810786698455,9.03118055555556,2019-07-11,2,0.290595683855839,0.88401361486599,-0.330016033773465,-0.000553184518197062,0.166763121551633,2
2019-07-14,5.66569658869824,5.51796865343616,1.71727926691157,9.36099894399186,2.71330408201523,12.5486616450857,1.78070134753719,0.0718395636428583,9.98426572027972,2019-07-12,2,0.304289368437761,0.878063427466658,-0.333683958486705,-0.000573654008752048,0.165859578799036,2
2019-07-15,6.95077121818676,6.86223272185921,1.71818843266123,10.5980740295347,3.91082944520563,12.7291590980709,2.99381306581908,0.0587319606161491,12.8384722083333,2019-07-13,2,0.292809813609444,0.883934691391515,-0.364829068627878,-0.000547460126699306,0.165569174007481,2
2019-07-16,7.74006468009334,7.57951953025503,1.72462105449943,11.3544546949063,4.66890210017047,13.4261411624196,3.76991442897028,0.0525302255102951,16.5933802887324,2019-07-14,2,0.28874118194206,0.885281191487184,-0.380947653433971,-0.000524460257753073,0.167166890340773,2
2019-07-17,10.0011801570473,10.0394116869754,2.01841996462983,14.2920245164048,6.30822250062039,15.7830838663373,5.06616117889284,0.0578157900675634,20.4212676056338,2019-07-15,2,0.293547818872579,0.885677316436225,-0.455596991272738,-0.000531054017192997,0.166411566644285,2
2019-07-18,12.9913944152238,12.9951756671469,2.46416288324215,18.1511902555318,8.50240874496718,20.0857459661504,7.16818935649232,0.0648675071326708,22.5350694444444,2019-07-16,2,0.27446562440236,0.893047505683822,-0.462122465325908,-0.000479904430733629,0.168633967774398,2
2019-07-19,16.1627924967938,16.1182938140507,2.63925527443749,21.6207504199526,11.3178282907387,24.6386719490379,10.16740032555,0.0592766420244744,25.2224475524476,2019-07-17,2,0.254732559764784,0.903110541877922,-0.462028436789912,-0.000454274977155512,0.171017277374604,2
2019-07-20,17.6680986532852,17.369087870652,2.82653526198506,23.4892515813604,12.4862123173074,26.6347927732418,10.331092411311,0.061817235447382,28.8984507042254,2019-07-18,2,0.244697539689178,0.91054699004946,-0.509797997123921,-0.000442504154828025,0.172378891927939,2
2019-07-21,20.1897414145175,20.1569036708225,3.23569357676102,26.8759265682126,14.2410969147616,31.7049569691252,12.3011930566251,0.0713203612079643,30.6618055555556,2019-07-19,2,0.229570612291529,0.918219842285253,-0.5159881045247,-0.000424632002479344,0.173099102460193,2
2019-07-22,23.6112868803037,23.3067876996149,3.48020551632213,30.7148467409111,17.2256288743397,36.1416855875919,15.7053188695528,0.0694212845238728,35.6965972222222,2019-07-20,2,0.19975683822891,0.932209883676622,-0.507658715645838,-0.000376339557731181,0.174079033730976,2
2019-07-23,26.186570915491,25.7795849138604,3.77239646404134,33.9494029112324,19.1976620038598,39.853529319172,15.2462255202425,0.0748385510833958,44.877972027972,2019-07-21,2,0.180069370072385,0.941956642472509,-0.529225203721848,-0.000337854614595279,0.17526290674881,2
2019-07-24,31.9888124215914,31.9368037002361,4.04784240257656,40.2810148832942,24.4273205189664,44.5068675645853,22.1584036887307,0.0706598893682162,48.0683098591549,2019-07-22,2,0.172958492341747,0.946955357503587,-0.561532910478987,-0.000337550604803374,0.175194350580488,2
2019-07-25,40.8021252678797,40.7133182337073,4.78693929164427,50.6171092574966,31.7941021042071,53.4778628786197,27.0481796779006,0.0780333087805151,53.826875,2019-07-23,2,0.146476970684652,0.961096696111121,-0.555063628768407,-0.000322200149651456,0.176313008388183,2
2019-07-26,44.2419568214029,44.0405011744823,5.11352282785384,54.6562407427014,34.6668157950772,60.5265829568476,29.9391373582315,0.0811453227085313,55.6643356643357,2019-07-24,2,0.125265494762042,0.976252784841331,-0.578849959714399,-0.000330680748592405,0.179297681816135,2
2019-07-27,51.4151474788588,51.4094160110866,5.58943993305042,62.8180763681368,40.8814181830705,66.3781762767268,37.7222230600492,0.0840518127894311,51.2647916666667,2019-07-25,2,0.106749111289479,0.984528257162328,-0.552283656948964,-0.000313528384879713,0.179369704846581,2
2019-07-28,55.0927954882587,54.9662237758135,5.73991380397186,66.7249717969531,44.3074839533999,71.6506874946798,38.9977869305305,0.0818920302788366,48.5379020979021,2019-07-26,2,0.0756627261744559,0.99810719493415,-0.522949598136631,-0.000265437365794475,0.179914075770359,2
2019-07-29,51.1276098826037,51.1429032509925,5.72587012470965,62.8677576409532,40.311794388448,67.8440174162534,30.8596461646507,0.0893831554998061,45.1325531914894,2019-07-27,2,0.0722305322643148,1.00038409575958,-0.541218480831865,-0.000257906244003596,0.179010398785728,2
2019-07-30,47.9960997873492,47.7378564295114,5.13300114880732,58.3874075257941,38.379316102995,65.3588069727376,34.971215880128,0.0748966650271705,40.575034965035,2019-07-28,2,0.0834160166411833,0.995139987589953,-0.549306773183577,-0.00027799343192011,0.180065940051147,2
2019-07-31,44.0326266794146,44.1062401464637,4.99071991026636,54.2435705044272,34.6330776471299,58.6047838309411,29.3803518704477,0.0784620744504518,33.1795138888889,2019-07-29,2,0.0864721477348775,0.992057916146035,-0.516581359302743,-0.000276223893356203,0.179725412955221,2
2019-08-01,39.2854072737521,39.0956342713919,4.73983908331929,48.9573905664234,30.4259310402644,53.1748604590535,27.6810973391446,0.0785696308881145,35.7700699300699,2019-07-30,2,0.0921499372849918,0.989767547172077,-0.532334436298931,-0.000286257855864915,0.179953276633096,2
2019-08-02,31.8975436721226,31.5228433442726,4.29260680442366,40.6929004985744,23.9225929577867,45.9080990685844,21.957286180341,0.079333471234174,31.7451388888889,2019-07-31,2,0.10195701280238,0.985509324294862,-0.546294926561096,-0.00029781828025903,0.179743875655504,2
2019-08-03,33.7322143504774,33.6785403564473,4.1832769072119,42.2884251587,25.9149704323909,46.8827557956949,23.0827504689824,0.0714582785962177,24.7992361111111,2019-08-01,2,0.112602051923144,0.979367501721555,-0.550489676578279,-0.000297000059640298,0.181047331163315,2
2019-08-04,30.0952472966912,30.1094445840492,3.93014858425503,38.1278401936327,22.789846680458,46.2794897968255,18.594744560864,0.0703196709913672,18.5507692307692,2019-08-02,2,0.11495568064973,0.980598415946153,-0.560046845995099,-0.000317666710288206,0.181509322502021,2
2019-08-05,23.7677901171722,23.6443338705096,3.51200045112655,31.0292441595178,17.2505601189118,34.7908255808529,14.0888733140754,0.0719666466659203,16.6079166666667,2019-08-03,2,0.112839075071906,0.978750826825529,-0.535022284032784,-0.000299375802430497,0.181193080544724,2
2019-08-06,17.3467791057144,17.243955610875,2.96406072994402,23.4811469837914,11.9306138373671,28.4858547637959,9.55798397928415,0.069450367614096,12.3977083333333,2019-08-04,2,0.126133446841834,0.973162589444468,-0.553258830431341,-0.000318878150157015,0.182526041667919,2
2019-08-07,15.2107807373157,15.0378172068914,2.94391042705213,21.3836053685615,9.85579028555576,27.8823932664043,7.77097291160799,0.0790847647212561,12.0967832307692,2019-08-05,2,0.130140675614853,0.970765149830335,-0.517277176355209,-0.000333770816616773,0.183258327367911,2
2019-08-08,11.5518629290373,11.4353121372474,2.37701077964201,16.5302915279838,7.26963956956345,20.4685689118155,5.62043957872369,0.0673232165425269,10.103263875,2019-08-06,2,0.137429800553456,0.968720888666979,-0.522229405475491,-0.000353726535652617,0.183574724124835,2
2019-08-09,10.8546456794545,10.6232863347864,2.3861119109529,15.8662999313204,6.5879820461095,18.8076599307751,5.08788100675968,0.072040774600929,10.8061805555556,2019-08-07,2,0.136013670379025,0.967845119805459,-0.494676522712489,-0.000353195738783182,0.184336277328037,2
2019-08-10,9.4662169569147,9.31851521676344,2.27881731289391,14.346714346197,5.38522491219691,16.3555241122921,3.44571733906913,0.0773123619118311,10.9986713286713,2019-08-08,2,0.135088206109788,0.96877435121832,-0.518445124714959,-0.000352080584225904,0.183704621015534,2
2019-08-11,10.2210699838869,10.0365133322884,2.41818308168159,15.3475570639844,5.91424119632411,18.8132329734653,4.09981611025637,0.0792611568982002,12.0787412517483,2019-08-09,2,0.137914233155861,0.967396893286784,-0.507991044399377,-0.000361220659807984,0.183718488707486,2
2019-08-12,9.87289512766234,9.697622845956,2.22277315813145,14.5677204256375,5.89449854503705,19.6229520418307,3.66838932723908,0.0692788315947137,13.5246853076923,2019-08-10,2,0.141969126321444,0.966144883780955,-0.520968214969227,-0.0003596555538736,0.183703406896447,2
2019-08-13,11.1799834933778,10.8543887012545,2.46151808125819,16.3568350931452,6.77459189005738,18.7125863483653,4.4868867610679,0.0746003699053343,16.9052777777778,2019-08-11,2,0.13959028852436,0.967163901841489,-0.503592562303413,-0.000365283384873982,0.183641466378853,2
2019-08-14,12.7464728582517,12.6993672940546,2.66560537025207,18.358631545922,7.9339982261846,21.4483854987086,7.18717561157861,0.0773296433128736,13.7586713286713,2019-08-12,2,0.133947586550494,0.968701433079846,-0.493341771606835,-0.00034593908352391,0.182880539275873,2
2019-08-15,15.6573838778908,15.5546213816703,2.92333940318948,21.7579263012443,10.3361951858261,24.7854794771981,7.85557250536326,0.0753636959907481,13.3546153986014,2019-08-13,2,0.138802048893418,0.968301713976932,-0.567923785444846,-0.000342857734338061,0.182887523210468,2
2019-08-16,12.9587040051633,12.9086485307121,2.64926387385426,18.5297649442649,8.16483353471242,21.2055219869045,6.6040371868668,0.0751545079657673,14.6935211267606,2019-08-14,2,0.13879869181374,0.968149119603913,-0.54546036264167,-0.000340692575854769,0.184017675211942,2
2019-08-17,12.3987782829585,12.1754050119253,2.63760133646317,17.9360287438729,7.66057390812832,22.1525907374154,5.68908751471086,0.0772679515047278,13.4232638888889,2019-08-15,2,0.140305485252519,0.966279482490044,-0.547691798449968,-0.000338851666376206,0.184536394550319,2
2019-08-18,13.2607867924374,13.2269542260837,2.59044433578763,18.7183160323874,8.53561467273185,23.6972930097165,5.98173942919767,0.0708191122348157,12.4868531468531,2019-08-16,2,0.13745998729303,0.969235347229793,-0.54631608616074,-0.000352687871544817,0.183734113155182,2
2019-08-19,12.8288532222271,12.6948702788627,2.6789058121663,18.4976972571227,7.97034255167295,22.75166388991,5.40944825153719,0.0783594340664687,11.2144755174825,2019-08-17,2,0.137204323607846,0.969561902119481,-0.577178684632869,-0.000341942296819858,0.183581365463601,2
2019-08-20,11.7567944076349,11.6190058417516,2.4936862776328,17.0667115198672,7.2208629795298,19.7394552659651,5.38521815985153,0.0748446045203283,10.9590277708333,2019-08-18,2,0.135536727910262,0.968421074528354,-0.542491704795952,-0.000330428775542489,0.183278388885993,2
2019-08-21,10.4098348954235,10.3004615590598,2.32427350560688,15.3091043110699,6.25132383287541,17.7812637694279,5.2084768199476,0.0716315135018068,8.98395834722222,2019-08-19,2,0.135413141108176,0.968718005179622,-0.52554856593041,-0.000338703961040989,0.183485181249055,2
2019-08-22,10.3794084732713,10.3231322257089,2.5165466618711,15.6988330956553,5.92664164428467,18.1011934075377,4.66684025937272,0.0838060201002765,8.95392856428571,2019-08-20,2,0.137689287322408,0.968246998636956,-0.544153909244235,-0.000349536674066887,0.182603554393014,2
2019-08-23,8.41750174775184,8.25569696702105,2.1623962692967,13.0379762020612,4.59663159952502,16.1168112382089,3.15063132196411,0.0773219315147732,7.63374997916667,2019-08-21,2,0.135410774671168,0.968195820088891,-0.517315181773165,-0.000342020091290372,0.182974205327937,2
2019-08-24,8.65687729036993,8.49502490466108,2.24213897664762,13.4197489995938,4.7198347517814,17.2702201936509,3.01829906929562,0.0798578823163224,8.65999999264706,2019-08-22,2,0.13418626542995,0.968596077786173,-0.500657975054492,-0.000350013003484562,0.18354473527313,2
2019-08-25,7.20863359125416,7.06687619621492,1.98357834429101,11.4656090766153,3.7368243146183,14.5663239586823,2.5729446241217,0.0759257639771893,7.10468533566434,2019-08-23,2,0.135476654653317,0.968501505900279,-0.519799017310323,-0.000349682193041429,0.183079624982314,2
2019-08-26,8.4055745918813,8.24927762297071,2.17830007356491,13.0423048272243,4.57470348112838,15.5340466085403,3.27423506534172,0.0779267739907291,6.09847222222222,2019-08-24,2,0.134360677131017,0.967890802458121,-0.476039008010948,-0.000351377368102931,0.182310361253673,2
2019-08-27,7.15112000825001,6.96630961261176,2.07771789628969,11.6768977139606,3.51124127650815,13.6588460259452,1.2672572866877,0.0856666469566817,6.08825173426573,2019-08-25,2,0.13633914113737,0.967277473268105,-0.524484306450887,-0.000342634695411526,0.182943492350848,2
2019-08-28,6.35018271766792,6.3089626835884,1.97217686015414,10.6934991131465,2.91564656489314,13.2668577685464,0.964995354572136,0.0878792712267656,5.19381944444444,2019-08-26,2,0.131413293237106,0.96983178769583,-0.47871921483091,-0.000358678990036658,0.182954033258605,2
2019-08-29,6.36766234024952,6.21339995112306,1.87223093382822,10.4126142213541,3.1173737595143,11.90685573016,2.37637958084309,0.076844135056627,4.81145833333333,2019-08-27,2,0.135216508826446,0.967549263283648,-0.47622194181819,-0.000351132655050417,0.183108626687685,2
2019-08-30,5.19486842597053,5.03789709327752,1.82845157387768,9.17152395280589,2.13416409028,12.2030126055067,1.17144822841231,0.0885727036908482,4.8236170212766,2019-08-28,2,0.130969480326449,0.96905595518777,-0.470943536380997,-0.000351852897982339,0.181706989370672,2
2019-08-31,4.57308562132372,4.31458794372516,1.78210387418961,8.49482933396009,1.64529111118493,13.0953596327455,0.258621087806277,0.0961151304214564,4.47042253521127,2019-08-29,2,0.130848238732521,0.968945901139132,-0.431903948961199,-0.000359882258002811,0.182325978494285,2
2019-09-01,4.7012519846054,4.60537683046642,1.69186254810046,8.47634136133216,1.83173888414637,10.4667478081234,0.859679688976872,0.0875694468905842,4.73528169014085,2019-08-30,2,0.131402378856322,0.969121785303002,-0.436999494978432,-0.000361915333185036,0.181684439691528,2
2019-09-02,4.38761563938318,4.24744034543199,1.67690851762309,8.19828962153939,1.55320043650888,10.4444086209736,0.315616649441525,0.0944044621797468,4.62034965034965,2019-08-31,2,0.132134913655195,0.968063436727045,-0.445490181366733,-0.000352135946587127,0.18149925292374,2
2019-09-03,4.70899185399505,4.61729811633956,1.63033188087473,8.36686141045456,1.9045077818909,11.8252454886082,1.01839984214043,0.0825225845772452,3.88846153846154,2019-09-01,2,0.134117286884428,0.96857257210326,-0.461456492909549,-0.000368615779365791,0.180738247230986,2
2019-09-04,4.54700304190363,4.36388449946372,1.59137212482624,8.03401573351477,1.86495645725173,10.8999608414394,1.0008101385854,0.0778404189679184,4.54783216783217,2019-09-02,2,0.135838362068242,0.967881294015653,-0.452888725935488,-0.00037334835039715,0.181070126117557,2
2019-09-05,3.99390676952178,3.78054299347702,1.70981334386692,7.82075373328423,1.23109922668716,9.49657203238504,0.365564411814848,0.102892871646826,4.27125,2019-09-03,2,0.131276006089669,0.968459226884167,-0.439136266220574,-0.000355967045626839,0.18078999597421,2
2019-09-06,4.6683598478527,4.51232887424228,1.62120958007344,8.20394301460917,1.94029890726261,10.7219690646618,1.12914719421245,0.0780875963189822,3.28111888111888,2019-09-04,2,0.135598196294741,0.967254441362208,-0.467026249209247,-0.000364115861110509,0.181257667926353,2
2019-09-07,4.40286454922009,4.22963741609073,1.60568262749872,7.97858585434952,1.69337336907546,10.4620027143496,0.876675963702887,0.083764664460417,4.71664334965035,2019-09-05,2,0.129453499995403,0.969978675638726,-0.436172404719742,-0.000359077004167584,0.180403229518256,2
2019-09-08,3.25439319670689,3.0748109625927,1.47637785279924,6.62717363136419,0.883293293786985,8.48751939198011,0.351627467748819,0.096862751845518,4.87541667361111,2019-09-06,2,0.129977150026473,0.968424978087952,-0.43569411041501,-0.00035083325273591,0.180510770656876,2
2019-09-09,4.64145225898888,4.4060357082979,1.77202186636059,8.54634321111009,1.71051047964088,11.0692904543052,0.689857379802603,0.0941811226667739,6.33923077622378,2019-09-07,2,0.132734222368351,0.969098383399657,-0.435743900862261,-0.000380861614051927,0.181127952352121,2
2019-09-10,4.82135440600534,4.64685834590833,1.73233082964154,8.63843964663697,1.90900255033527,11.888224616568,0.778478562931592,0.0874879390955978,5.04404255319149,2019-09-08,2,0.127460813296285,0.968661007438585,-0.413081362803861,-0.000344585990730297,0.180434518733347,2
2019-09-11,6.44147377829945,6.37162202703449,1.89037961616997,10.5757288432303,3.12658007599179,12.5350714353657,2.27660240352575,0.0792324437032971,2.94699300699301,2019-09-09,2,0.132572265316519,0.968215515614148,-0.436628988478988,-0.000359546337406199,0.180600555609606,2
2019-09-12,5.27532494752062,5.00279962411408,1.88293973771841,9.38208918862196,2.12786571951858,13.5114570757986,1.09576238497353,0.0927650288528904,3.07847222222222,2019-09-10,2,0.140057325628637,0.966694444538234,-0.49084403595275,-0.000365935954574207,0.180720259363966,2
2019-09-13,3.0237199417796,2.84461444149792,1.49045765003445,6.43150874460092,0.700403655779514,10.3797921965637,0.207497222759861,0.104868757005729,3.27381944444444,2019-09-11,2,0.129799886438785,0.968905889534873,-0.436437682434684,-0.000348358495084969,0.181068237579591,2
2019-09-14,3.50855150651698,3.43746374514598,1.47326772892997,6.85424927455389,1.09026111439015,8.72895993950345,0.454643466968604,0.089680519553146,3.71781690140845,2019-09-12,2,0.12754920324507,0.969116351569765,-0.378251011455746,-0.000364673543692802,0.181357842358914,2
2019-09-15,3.8781772279508,3.70068967369234,1.50307951852371,7.3564881034318,1.31577877409815,9.68088304345213,0.0331527097994939,0.0885689546691456,3.27611111111111,2019-09-13,2,0.134526949463479,0.968506650552614,-0.423131668119479,-0.000381512853503041,0.181375548438213,2
2019-09-16,4.0013377769432,3.93118940789284,1.58205299305757,7.54272969190994,1.38206350428375,9.98887271391766,0.952131651590157,0.0891690010229749,2.58929577464789,2019-09-14,2,0.132325548365522,0.96856904089302,-0.440662480039142,-0.000364552524719446,0.181638777749388,2
2019-09-17,3.22945894423573,3.13477276389363,1.46406900749918,6.6492611677256,0.843428002390115,9.18065463511038,0.045396306357914,0.0999659351921802,2.19669014084507,2019-09-15,2,0.133091954488525,0.968014559979403,-0.448217508687414,-0.000367386509956305,0.180747680350578,2
2019-09-18,2.82303988500898,2.66083812712742,1.42168268418428,6.06167169274377,0.630688361511368,8.70954120393749,0.0853183550126392,0.10117555879532,2.87493055555556,2019-09-16,2,0.131370938924576,0.968374031648969,-0.42264723177321,-0.000362198362341214,0.181082600159621,2
2019-09-19,2.51164343720814,2.2761793556041,1.46957948789227,6.10776982711018,0.307443211281002,7.75236505516884,0.0380735393933176,0.134599599709232,3.04159722222222,2019-09-17,2,0.131347543701563,0.968394296246309,-0.423537171722054,-0.00036707505064113,0.181106229498755,2
2019-09-20,3.22083901047031,3.04281222003825,1.55329522061097,6.81006341538459,0.762790425793669,11.265756288069,0.294410887748223,0.10938497784247,3.95236111111111,2019-09-18,2,0.129845121701591,0.969170642597292,-0.39841802892916,-0.00037388539447839,0.180590082803176,2
2019-09-21,3.16388558286074,2.97235427130485,1.5285344717691,6.71199869995431,0.739927779058264,9.1595029182228,0.151586849519893,0.108706093107619,4.30152777777778,2019-09-19,2,0.127791961679693,0.970566439602096,-0.389003201377414,-0.000380644554613295,0.180959153916689,2
2019-09-22,4.00964637919714,3.93581779073252,1.56265343362792,7.55549562162245,1.38643806391967,9.86677886488685,0.26494720439388,0.0892196027947451,4.25055555555556,2019-09-20,2,0.131026989046001,0.96922498729092,-0.418153335012377,-0.000374767984745187,0.180095440154666,2
2019-09-23,4.17629809628897,3.91148010871535,1.61623961255277,7.72183833357344,1.52233042704462,10.2658518097371,0.473495283330137,0.0862152848878388,4.47363636363636,2019-09-21,2,0.128324906112735,0.969485362009685,-0.403356376439761,-0.000364689523427682,0.179965039303974,2
2019-09-24,4.44870423323173,4.32932315022852,1.72479078807138,8.30399606828144,1.57922980400909,11.2691830723248,0.522502187948848,0.095328783699126,5.00160839160839,2019-09-22,2,0.132075077022537,0.968597049504406,-0.430652255383672,-0.000371174662278875,0.180357954998141,2
2019-09-25,4.49181119593547,4.30115289792347,1.67852200256339,8.19541992364578,1.69672473209733,9.97949592499327,0.803025453340828,0.0878543246108027,5.3423076993007,2019-09-23,2,0.130015662156306,0.96869999658509,-0.402602292176575,-0.000364117906227617,0.179996379006567,2
2019-09-26,4.93946128844337,4.68951147619753,1.77372179973748,8.81785791482233,1.97386617947597,11.3713430186425,0.480172320242516,0.0882681294722684,5.61711267605634,2019-09-24,2,0.129004847871127,0.970078840528399,-0.423757012613256,-0.000368166111835188,0.17998046893162,2
2019-09-27,5.08101421646548,4.91683264823427,1.68303690168656,8.73984403308616,2.22269948267959,11.0326532251708,0.988305424491469,0.0774100038489608,4.48828571428571,2019-09-25,2,0.134643038859567,0.966644164963868,-0.450812105435865,-0.000356316986226687,0.180152066526019,2
2019-09-28,5.63796224191172,5.40658985621889,1.8241565748941,9.60678403823001,2.52053676713372,12.0730067456758,1.61115312515238,0.08233023204764,4.67153846153846,2019-09-26,2,0.130000273134382,0.968912507135832,-0.425376370825481,-0.000359300826788784,0.178651294043921,2
2019-09-29,4.54736831614707,4.39742704593601,1.6143605637375,8.11592883658864,1.81868014372072,10.1864204066262,1.08041124300224,0.0812158609957265,3.21027777777778,2019-09-27,2,0.128901809728493,0.969460528581622,-0.426057895978739,-0.000360977058782854,0.17883093792557,2
2019-09-30,4.59179762266608,4.47165630272228,1.5756038425983,8.08861646373933,1.89743222534607,10.9317119918136,1.14408887984401,0.077597443822766,2.91804195804196,2019-09-28,2,0.128028838333614,0.970052859384158,-0.418396726559805,-0.000365973994196685,0.178675606188544,2
2019-10-01,3.76270009939533,3.6403514749622,1.62397172214544,7.44964702892243,1.12037753523989,10.4280115993773,0.237791083130433,0.101015431036952,2.3348951048951,2019-09-29,2,0.132357768511199,0.967865710120561,-0.427043073095748,-0.000361647016895402,0.17898482308069,2
2019-10-02,3.24323624230742,3.06734435991264,1.49532777474484,6.65657407123185,0.856503408978178,8.45163623611069,0.403633919128136,0.0992729535825446,1.80854166666667,2019-09-30,2,0.124969211884094,0.970997515351143,-0.395857424460872,-0.00036618800105725,0.178989303281086,2
2019-10-03,2.64162046091369,2.43010403084762,1.40725474305595,6.03684894461733,0.450019424132199,7.18451741141526,0.0706298121449682,0.116391067822248,2.901,2019-10-01,2,0.1268475016492,0.969106675387132,-0.405200197111529,-0.000357746693324691,0.17913598326874,2
2019-10-04,1.95931785576269,1.69780699535494,1.23477116090213,4.92553307317777,0.197644944656647,6.39936610602633,0.0328655539326024,0.116479534948203,2.49993055555556,2019-10-02,2,0.123002916735605,0.970966500495536,-0.350889732781741,-0.000371265259832959,0.178674424390777,2
2019-10-05,3.11418538349493,2.88384134390264,1.51202698371038,6.56284968313274,0.747142295691283,8.50653962631649,0.184009124645949,0.104593035117715,3.97291666666667,2019-10-03,2,0.121923628198484,0.9711806502012,-0.323868693203355,-0.000374582280708653,0.17902618850427,2
2019-10-06,2.75896165366851,2.61385261019969,1.46083703346682,6.16944351562644,0.519431297080916,10.4226293128108,0.0312104281833299,0.113231296300722,3.71965277777778,2019-10-04,2,0.123360838397855,0.970340449307276,-0.377357072743877,-0.000358928432382208,0.179314934488425,2
2019-10-07,4.40584273621547,4.21381027236473,1.64342696249469,8.0643774827665,1.65019149866624,10.310065995177,0.669382313471001,0.0873090556388879,4.55342857142857,2019-10-05,2,0.126369138622529,0.969444895640949,-0.388248011265779,-0.000361887944377032,0.178437671178988,2
2019-10-08,4.19670510763871,4.05089632439322,1.7072422861762,8.04493445800948,1.38001052033909,10.7668338971284,0.62514042748823,0.0997496633004162,4.81409722222222,2019-10-06,2,0.126969308888024,0.968873368122328,-0.382620510113256,-0.000366223263852856,0.179038479130774,2
2019-10-09,5.13081629147613,4.91302886835484,1.83254516426915,9.08841965423366,2.09067461505241,12.478515996404,1.30764067121366,0.0887187689442078,4.12517482517482,2019-10-07,2,0.127620140421645,0.969326863370881,-0.381555949836805,-0.00036788806130791,0.179028514253004,2
2019-10-10,5.19069921039052,4.98626217263564,1.85929163842626,9.2814420288496,2.06547358762511,12.031302153695,0.548906754611942,0.0933657484256406,4.42450704225352,2019-10-08,2,0.129124923033943,0.96819915245685,-0.402140312802758,-0.000362836853233105,0.178873967177371,2
2019-10-11,4.26395762980199,4.04316003632076,1.68304803819547,8.02682235393267,1.47813020472364,10.532358075091,0.367651195993035,0.0944797452315193,4.90036496350365,2019-10-09,2,0.128969471900879,0.969173433949978,-0.377204713333194,-0.000379415875397955,0.178960702093897,2
2019-10-12,4.52784261355656,4.44918057375808,1.58954928588615,8.05861547096631,1.82366100425518,10.0905586009769,0.906402308669738,0.0799315753939282,3.84260563380282,2019-10-10,2,0.122354672228436,0.971126598387828,-0.366506782236741,-0.000360935008330876,0.178664168017056,2
2019-10-13,5.34124312762394,5.18980983854808,1.92563018481863,9.56375664890324,2.11781116033453,11.884552689574,1.45969275854379,0.0966114300631395,4.00979020979021,2019-10-11,2,0.125996782272211,0.97030300025237,-0.379413030101582,-0.000371500399447326,0.178041944899099,2
2019-10-14,4.41548829105405,4.2089270172897,1.73541679901979,8.25094315122459,1.56272644100593,11.0788139081561,0.66769149773487,0.0950266538720816,4.20416666666667,2019-10-12,2,0.127941474762538,0.969820928338811,-0.388426895819088,-0.000372011719122787,0.177995476237986,2
2019-10-15,4.42944046271085,4.25484847582192,1.73244183651229,8.30721704614238,1.5516546624613,11.9675324274326,0.285219491087828,0.0966993527478825,4.65503496503497,2019-10-13,2,0.127477885987951,0.968278253055906,-0.373142782016073,-0.000361788224254181,0.178485858339563,2
2019-10-16,4.42397178375508,4.22088545938563,1.69114953216978,8.18033644447988,1.611984010787,11.4481918256136,0.985523492235391,0.091321475489556,5.53964788732394,2019-10-14,2,0.127161511709537,0.968764297161625,-0.386466611591735,-0.000364167236851432,0.178486711428822,2
2019-10-17,5.07589261550878,4.86990958135063,1.70257657670089,8.81391290724448,2.17134639302282,9.97193792881015,1.4295630380451,0.0805971458778201,4.44265734265734,2019-10-15,2,0.126713076039159,0.968635001847821,-0.382283338953849,-0.000361961198684319,0.178131018103515,2
2019-10-18,5.7383503298735,5.63671498849721,1.81413993507279,9.63171903250924,2.6544197097165,13.1015020680617,1.85573815132836,0.0782728600918887,4.56832167832168,2019-10-16,2,0.12454551795549,0.969684924643424,-0.369467222001577,-0.000360224217317355,0.177368593154913,2
2019-10-19,4.66022309595206,4.53299430590483,1.74026718275954,8.58153838991564,1.71706297630204,9.82416539798334,0.373153125626035,0.0945878440420582,3.564375,2019-10-17,2,0.126122525155634,0.969367739198107,-0.373983586828874,-0.000361643873377477,0.177316660384721,2
2019-10-20,4.68916765337629,4.44854957911972,1.71039581645247,8.44649407260825,1.8315548959009,9.69545179178827,0.86825139421518,0.0870025306367791,4.0525,2019-10-18,2,0.128309511952342,0.969192674049806,-0.371661891462419,-0.000373681376918239,0.17750733066645,2
2019-10-21,3.96500164075452,3.77695918733992,1.55186718262332,7.50358461753858,1.35424433549627,9.48728171944549,0.168102145796179,0.0897209688412575,4.32090277777778,2019-10-19,2,0.126447145479656,0.969043278518844,-0.386030417021863,-0.000358898684197016,0.17732044224081,2
2019-10-22,4.52331574342039,4.49298310402353,1.63223715758869,8.14272574520354,1.76976494519806,10.4776743126804,1.06108549152672,0.0837287962682073,5.4920979020979,2019-10-20,2,0.122744012306693,0.970305225219393,-0.344792468076451,-0.000365557468776148,0.177151305323615,2
2019-10-23,4.98688808513821,4.80562757598133,1.75761819143966,8.91092951635548,1.98800634549412,10.0495883148122,0.759821462718555,0.0894631679292956,4.98930555555556,2019-10-21,2,0.124244149230198,0.969713431612585,-0.349660866813632,-0.00036531141124455,0.177404930972649,2
2019-10-24,5.72491702327225,5.55348048394402,1.79605253316028,9.68558892072664,2.60142122533537,12.7121919114595,0.653159278881763,0.0809551331080696,4.14140845070423,2019-10-22,2,0.123748685747077,0.969648437657868,-0.352044251477021,-0.000358311981640247,0.177142860984805,2
2019-10-25,5.02460495452876,4.82956825014744,1.6082697877824,8.5457233738022,2.25638521421774,10.0715892895594,1.21960612410904,0.0728054859753155,5.16943661971831,2019-10-23,2,0.125569763899423,0.969494755346284,-0.375575173185315,-0.000367533156893804,0.177169066775857,2
2019-10-26,4.38614028752367,4.27693039810438,1.67983915739743,8.23268801630649,1.53301914313068,9.79071355868371,0.430541060501394,0.0960645931229096,6.99791666666667,2019-10-24,2,0.125584401715662,0.969809443964265,-0.363420219853773,-0.000367993484242523,0.177234910724945,2
2019-10-27,5.78537963880367,5.69452625240856,1.87577566537686,9.92779012278778,2.54437285263534,12.2280735189197,1.20236781550208,0.0871659575361023,8.06395833333333,2019-10-25,2,0.126765318195322,0.969120444898684,-0.359678419809822,-0.000379757274867213,0.177216704846052,2
2019-10-28,7.26080517016089,7.07486837162065,1.96220118341568,11.4983611404461,3.79691547467838,14.1581630494848,2.14613262501289,0.0748137175607105,7.52928571428571,2019-10-26,2,0.125614480038614,0.969414958099402,-0.368969972468944,-0.000366840844989543,0.176419539998329,2
2019-10-29,7.90493502565021,7.77257545107061,2.0016169401309,12.1853485186124,4.35672060914951,15.6276293887952,2.80024509297701,0.0708038293624303,6.7993006993007,2019-10-27,2,0.129741384486437,0.969251812335315,-0.395819124431316,-0.000380440366142278,0.176760367442219,2
2019-10-30,7.8211374309033,7.85927529391384,2.06721057761247,12.3073524205134,4.14162436903486,13.6076965223857,2.57818027483665,0.0780082732611487,5.16468531468531,2019-10-28,2,0.132259510839709,0.968331877756047,-0.395568998763517,-0.000384923988098258,0.177265736261797,2
2019-10-31,7.64657522610852,7.54431927894727,2.04644289783934,12.0468717634866,4.03980641949581,14.7090725442132,3.01064973090317,0.0767343251988196,4.28944444444444,2019-10-29,2,0.131450703291774,0.969125944653532,-0.393717454063045,-0.00038783896803769,0.17681504362553,2
2019-11-01,5.86509610281445,5.78910846302795,1.74550615922662,9.68767078471632,2.81041989206677,10.4619094886949,1.85269822167259,0.0742559695404576,5.11972027972028,2019-10-30,2,0.130028476570558,0.967797362709572,-0.359953885076699,-0.000377574735846556,0.176557567365588,2
2019-11-02,4.78019749639926,4.57606600822831,1.84133644917281,8.86543339501615,1.72712722502393,11.0039831301162,0.778554884773424,0.0998106680196335,3.61236111111111,2019-10-31,2,0.121935208406606,0.969018251492969,-0.332144868792827,-0.000348917964904588,0.176941260318676,2
2019-11-03,5.22718396092162,5.09576134073655,1.75686999211407,9.05562310944283,2.24832369182773,13.5660334699054,1.05518820564247,0.0821544849518301,3.73902097902098,2019-11-01,2,0.116929949286657,0.97102787395129,-0.314011577548594,-0.000348334728784184,0.17647864653365,2
2019-11-04,3.99096601298797,3.84059510613109,1.66898352064405,7.783963921122,1.24554144024375,9.65627683892396,0.492290944506335,0.101300597157304,3.79741258741259,2019-11-02,2,0.123026294281767,0.968333470337717,-0.357550726067433,-0.000343203091905011,0.17722741288373,2
