"forecast_date","forecast_mean_chl","forecast_median_chl","forecast_sd_chl","forecast_CI95_upper","forecast_CI95_lower","forecast_max","forecast_min","forecast_variance","obs_chl_EXO","forecast_run_day","day_in_future","par1","par2","par3","par4","par5","timestep","week"
2019-01-03,9.20843960225156,9.2302760900559,0.927951853484808,11.0953315233654,7.4554750992658,11.9544233403382,6.87562033489712,0.0129508140134759,9.30500002816901,2019-01-02,1,0.419448508868159,0.832373583522743,-0.360081988854569,-0.000995907517321687,NA,1,"1"
2019-01-04,9.27867795776405,9.31100330490088,0.962642431741679,11.2454343138814,7.4560046876889,12.4222482826338,6.70736010311191,0.013932869578917,11.4123610972222,2019-01-03,1,0.41812901008281,0.831679357833599,-0.355202340655438,-0.000992918416434521,NA,1,"1"
2019-01-05,11.4547404189321,11.3816519672761,0.935101002567079,13.3374708809237,9.68051893604952,14.6518219495931,9.39942923052391,0.0104928447578207,10.1525873916084,2019-01-04,1,0.391585166505561,0.845985680338156,-0.343824383943273,-0.000980767861107643,NA,1,"1"
2019-01-06,10.1029406046945,10.100692043864,0.926488445767196,11.9843793282706,8.34354756027364,12.6159272598848,7.52753756163749,0.0118018469554703,9.57854164583333,2019-01-05,1,0.407782045456325,0.839948334786167,-0.244774489238144,-0.0010448314181732,NA,1,"1"
2019-01-07,9.53099405790639,9.54301487743744,0.873232296097192,11.3101883815412,7.8674940618626,12.6804405593937,6.91755543118765,0.0111876697093682,8.06215278472222,2019-01-06,1,0.394113337276788,0.848721502245943,-0.309618205344254,-0.00105598669216262,NA,1,"1"
2019-01-08,8.0232198369769,8.00534163925202,0.920970423889532,9.91018436157915,6.28862109307618,11.3603060519483,5.0036479781173,0.0147338081735919,7.47105633098592,2019-01-07,1,0.39376303685244,0.847404275873114,-0.30404253992129,-0.00102659417603597,NA,1,"1"
2019-01-09,7.40393879265059,7.47411754796928,0.898815155425813,9.25761455906139,5.7089155848485,10.1687895727948,5.15131021412898,0.0153417411312936,7.01000002083333,2019-01-08,1,0.419585417058425,0.833315677363708,-0.333229406338878,-0.00102339814033319,NA,1,"1"
2019-01-10,6.97316777195951,6.95105660036622,0.841374988357877,8.69902491448621,5.39349486336356,9.30439169358546,4.59935685828398,0.0141360510924595,7.42601396503497,2019-01-09,1,0.3984704788553,0.845669049894836,-0.336404181392872,-0.00103435107414807,NA,1,"1"
2019-01-11,7.44559692326498,7.42067971325326,0.919285707558664,9.32988904082603,5.72418780830909,10.6561825815597,4.52375163550286,0.0157508260980481,6.60715277777778,2019-01-10,1,0.409501832435553,0.836505013098776,-0.314207206848591,-0.000992835462222462,NA,1,"1"
2019-01-12,6.59919967965432,6.65414906102476,0.842437224956125,8.33669104492089,5.0175626010747,9.78056653085057,4.30335541398422,0.0150711475536349,7.69055946153846,2019-01-11,1,0.428101195727191,0.827794375500058,-0.278841395330265,-0.00100978804329025,NA,1,"1"
2019-01-13,7.76662467743351,7.80980955861444,0.926109697611046,9.67995415415244,6.01459596731994,10.5427706198399,4.93754531764694,0.0155978234907769,8.87475172340426,2019-01-12,1,0.424887744610625,0.829644889950591,-0.305734040878159,-0.00101528884308282,NA,1,"1"
2019-01-14,8.85033229446916,8.8154182610991,0.889724004588503,10.665798082003,7.1638705614828,11.3970737222192,6.3440576508683,0.0124747235538489,8.91666665972222,2019-01-13,1,0.405539126679114,0.840009548350071,-0.272468916818607,-0.00100886271181866,NA,1,"1"
2019-01-15,8.91554896761934,8.95748277909269,0.925893972288433,10.817521764199,7.15377018776956,11.482609311036,6.15282343375576,0.0135567956274218,8.24685717142857,2019-01-14,1,0.413493882157723,0.838307247869147,-0.273652887022739,-0.00106229355821323,NA,1,"1"
2019-01-16,8.23621377248456,8.19856043325619,0.93978594174758,10.1556658094531,6.47042796256978,11.0709778266317,5.58541681750047,0.0148595616531858,7.53433567832168,2019-01-15,1,0.400000770393628,0.845394652261708,-0.280550017492611,-0.0010426677467274,NA,1,"1"
2019-01-17,7.51451906164978,7.51309569477904,0.889077758852448,9.34545970511434,5.83638591747879,10.1771502882718,4.73046455211148,0.0147765224692297,8.49780141843972,2019-01-16,1,0.410831232060516,0.837415203757544,-0.250672398176917,-0.001020411043682,NA,1,"1"
2019-01-18,8.42427311555936,8.40524839259203,0.853415090315856,10.1663839844178,6.80691555215907,10.9649354075298,5.44700410527236,0.012063675079656,8.23583335416667,2019-01-17,1,0.409661000038115,0.839502541457133,-0.279516727410886,-0.00104128883841737,NA,1,"1"
2019-01-19,8.22287731930604,8.21084669269974,0.889525780736171,10.048216065622,6.5372043847621,10.9464982756153,4.73482923316107,0.0135057180791063,9.82791666666667,2019-01-18,1,0.409270809233406,0.839566362578297,-0.25747609491448,-0.00103896552430649,NA,1,"1"
2019-01-20,9.71873055546083,9.75983002797576,0.908148557363171,11.5643900695694,7.99503394156848,12.4882284373586,6.96676466188077,0.0117938422118615,8.95243052083333,2019-01-19,1,0.427016091525889,0.830605944046224,-0.236297877029759,-0.00105045396186688,NA,1,"1"
2019-01-21,8.90032544094232,8.87726600645511,0.893637031460347,10.72459592724,7.20558588291882,11.3528345797138,5.53985184811235,0.0125256723717934,7.74531471328671,2019-01-20,1,0.402166357367535,0.847146070451276,-0.259333751773601,-0.00108962580693112,NA,1,"1"
2019-01-22,7.74384411208876,7.73348304002896,0.913622993441068,9.61726879164447,6.02572664602851,10.4976543680183,5.48162187901871,0.0150182454425243,7.48736109027778,2019-01-21,1,0.398278454126194,0.846914848700826,-0.224204996794861,-0.00107385303389868,NA,1,"1"
2019-01-23,7.47743344579212,7.43149378749921,0.938412702935385,9.40472335422824,5.71957913656158,10.0967586531381,4.83907260704503,0.0163844637882501,9.48034724305556,2019-01-22,1,0.403270464593278,0.846924329905541,-0.269746174295197,-0.00109206920455845,NA,1,"1"
2019-01-24,9.39824720885776,9.41468517214493,0.917948682073333,11.2602866704672,7.6642596815271,12.969642184985,6.31242111937987,0.0123826532915321,9.14521128169014,2019-01-23,1,0.426434646740458,0.833990669990584,-0.236375374024497,-0.0010910698699876,NA,1,"1"
2019-01-25,9.09478187306843,9.07409764631764,0.900299952858705,10.9214321864759,7.39537881300452,11.7279855836029,6.68538321823231,0.0123048404487413,7.87972222222222,2019-01-24,1,0.409679084273174,0.844482969070288,-0.264161482038605,-0.00111226510280288,NA,1,"1"
2019-01-26,7.8592524642039,7.86809043728342,0.930831684049755,9.77072943278146,6.10701084060124,11.0623435372669,5.16569934171449,0.0153980967151148,7.82555554861111,2019-01-25,1,0.404616855054771,0.846548711131192,-0.213837591273472,-0.00110522119064239,NA,1,"1"
2019-01-27,7.80805194115816,7.82345273497018,0.92498875860822,9.71013583032467,6.06466116618251,11.0024060435041,4.73905282794498,0.0153456628659854,9.06244754545455,2019-01-26,1,0.410153109394181,0.844471523319878,-0.264425502151435,-0.00110403176224704,NA,1,"1"
2019-01-28,9.02797070575108,9.06781374096494,0.841582192965153,10.7422460151345,7.4269895575776,11.6086989760905,6.43971936999272,0.0109555730346426,8.73293706993007,2019-01-27,1,0.411130289736604,0.843742609122558,-0.22294381847198,-0.00112348435915888,NA,1,"1"
2019-01-29,8.76358381011636,8.75550319133387,0.909671671060568,10.6192920782571,7.04372057500501,11.1319844946188,6.34687212350263,0.0131362478423653,10.3911805486111,2019-01-28,1,0.416853866644533,0.840578005678851,-0.17933543135612,-0.00112163091858063,NA,1,"1"
2019-01-30,10.446236668849,10.4326108149388,0.881333473603449,12.2351667458199,8.76451954088019,12.4541134660689,7.99777230601879,0.0103675183302204,9.83583330555556,2019-01-29,1,0.394403299235848,0.850478188798131,-0.169690296326097,-0.00108681469239548,NA,1,"1"
2019-01-31,9.83302610256627,9.81903628341643,0.878136592747216,11.6148484493738,8.16386057131725,12.0743538268828,7.1299294677183,0.0108939415546244,8.36407141428571,2019-01-30,1,0.404065368909569,0.850276451581734,-0.199482864086881,-0.00114295047137325,NA,1,"1"
2019-02-01,8.39362114405318,8.40564516195325,0.927404271184138,10.2907466591096,6.6441002777286,11.3489357156925,5.48250612099667,0.0142734055503298,9.16000003521127,2019-01-31,1,0.405608862855822,0.847670570771874,-0.168001929704613,-0.00112219516174897,NA,1,"1"
2019-02-02,9.15793330831879,9.155320546242,0.912953060038958,11.0223427940912,7.42505652004431,11.6101569938503,6.55450442740716,0.0127192439441943,9.58270834722222,2019-02-01,1,0.39911435260958,0.85142683731163,-0.185775054393023,-0.00112715431911457,NA,1,"1"
2019-02-03,9.37758463849097,9.37818206045859,0.837725134202801,11.0806200569602,7.78246366735187,11.9498827008148,6.542983225724,0.0104353533897189,7.97790206293706,2019-02-02,1,0.39610297619201,0.855583160672034,-0.247417042589597,-0.00114731135045858,NA,1,"1"
2019-02-04,8.01320582286041,8.05516173607164,0.904440263221948,9.87112136691512,6.30333657426564,10.3790283168911,5.44864609063956,0.0143161128967057,8.72694445833333,2019-02-03,1,0.393726565747755,0.855199899541394,-0.198165983718898,-0.00112103834885957,NA,1,"1"
2019-02-05,8.65727832127623,8.66055394290558,0.936595415514241,10.5715154768433,6.88894848137085,11.2438624146237,6.03710647758307,0.0141092730282728,7.70027972727273,2019-02-04,1,0.403034711692309,0.850417677166305,-0.199372651017267,-0.00113380185674158,NA,1,"1"
2019-02-06,7.68343638342317,7.65792631229197,0.873377178906872,9.47205024676751,6.03790052741888,10.0920190460017,5.18871727143116,0.0138356782231673,8.66993057638889,2019-02-05,1,0.384216929052765,0.858444030314631,-0.197497456664978,-0.00109203561735813,NA,1,"1"
2019-02-07,8.62843152239243,8.6260630591304,0.800617803922062,10.2507704742269,7.11233749657728,11.3443956680851,6.53194402485978,0.0102739102715784,9.34340277083333,2019-02-06,1,0.39647752987919,0.850780654960439,-0.149098407891963,-0.00108994773297322,NA,1,"1"
2019-02-08,9.29729296775665,9.31532285042125,0.888431096468223,11.1142074702054,7.60373174868982,11.7222261577127,6.80920820380846,0.0119282926032611,7.70814286428571,2019-02-07,1,0.4133913959767,0.844579163657414,-0.186210613025835,-0.00112009242274322,NA,1,"1"
2019-02-09,7.70595994605859,7.65874583228857,0.868827085332101,9.47889525354988,6.07330917204973,10.4500659007972,5.12099050546321,0.0135655486194825,7.52664336363636,2019-02-08,1,0.391267106880539,0.855843115778698,-0.183197131688912,-0.00110760568216052,NA,1,"1"
2019-02-10,7.49330792343983,7.52858697020064,0.955948897932146,9.4723980343106,5.69216515534339,10.6323115665034,4.62897021483219,0.0172075514683539,8.43251752447553,2019-02-09,1,0.40614051128768,0.846347480100318,-0.165365069307369,-0.0011080580764234,NA,1,"1"
2019-02-11,8.34576786632641,8.36566494194884,0.900914709019748,10.1868667559326,6.64471704284072,10.8978749232506,6.13769761249628,0.0135426821678768,9.01076393055556,2019-02-10,1,0.403816483204471,0.84991326917525,-0.190048741327901,-0.00112711014432409,NA,1,"1"
2019-02-12,8.99100229555664,9.0208108765711,0.888114384848691,10.7974884432052,7.31040774022969,11.4674221216979,6.46477435024877,0.0121737476971193,9.22300696503497,2019-02-11,1,0.393632583424641,0.854931155880856,-0.193280217770473,-0.00111084328095304,NA,1,"1"
2019-02-13,9.23921008358097,9.22016094123998,0.907828575339821,11.0851287873117,7.52124184903579,11.5163691980193,6.62576276516499,0.0123728415922629,7.45562499305556,2019-02-12,1,0.407623955323097,0.849218827029619,-0.18812627026305,-0.00113743314271129,NA,1,"1"
2019-02-14,7.40608482111884,7.41993627354143,0.936054616669812,9.33506689829531,5.6483385730798,9.9950763396077,4.71713561209862,0.0165585464619465,7.61580418881119,2019-02-13,1,0.397697995459527,0.855188950641399,-0.214477208068744,-0.00114593591900011,NA,1,"1"
2019-02-15,7.53378185612651,7.52182157277275,0.836142772751312,9.25325970214709,5.94935949976733,9.7819413863446,4.48153101898916,0.0130598988060157,8.48153844055944,2019-02-14,1,0.407381398322146,0.848544455138439,-0.174112341183129,-0.00113265381406522,NA,1,"1"
2019-02-16,8.36518588507437,8.39271728986213,0.918128166609246,10.247367716767,6.62883362538955,11.3726278566477,5.71214860866224,0.0141017551979719,7.23437499305556,2019-02-15,1,0.398100590007484,0.855123795024349,-0.238620531989561,-0.00114067015551806,NA,1,"1"
2019-02-17,7.17632332444388,7.21382838035077,0.894151858895503,9.02928138557567,5.48655862012467,9.58922062759846,4.61851575164206,0.0157808374256381,8.20380283802817,2019-02-16,1,0.407313061821184,0.85054673484545,-0.228532308825669,-0.00113932361514838,NA,1,"1"
2019-02-18,8.19380378807465,8.2900551221614,0.898377737303616,10.0426605836401,6.48858358011274,10.7245255104975,5.36786853768567,0.0138896930709468,7.62657344755245,2019-02-17,1,0.423232665395423,0.839814195720798,-0.170783820405798,-0.00113695105555149,NA,1,"1"
2019-02-19,7.62037965622399,7.63794430579724,0.909170708985519,9.48967948036922,5.90805792462961,10.0516281893526,4.71251045429291,0.015179819854903,7.04305555555556,2019-02-18,1,0.405536035907034,0.850548758334731,-0.179156792529651,-0.00114714991223531,NA,1,"1"
2019-02-20,6.97421031924964,6.97211105800982,0.943938916673778,8.92632852073835,5.20729312011899,9.53806791736847,3.889786185258,0.0179089821201121,8.99727274825175,2019-02-19,1,0.405724482709425,0.851296229195841,-0.203048392909951,-0.00116635914411248,NA,1,"1"
2019-02-21,8.97916494203931,8.94959399774645,0.917355269785926,10.8449391598844,7.2475710312992,12.7179299982226,6.64662959911894,0.0129752684392546,7.73167833566434,2019-02-20,1,0.403422416374949,0.852236231237167,-0.211490853681239,-0.00115664760279808,NA,1,"1"
2019-02-22,7.70400209066026,7.70354215928445,0.87864755164559,9.50164617926512,6.0504729074068,10.5475534536376,5.19242826056701,0.0139359465138871,8.26624997916667,2019-02-21,1,0.401950557409343,0.853042720004493,-0.185643688846526,-0.00116369923851534,NA,1,"1"
2019-02-23,8.20396880690456,8.27307182182257,0.940927208517428,10.1427913406318,6.42239092337373,10.8590699428448,4.98010515538956,0.0152055960442757,10.8288732676056,2019-02-22,1,0.418109635055061,0.845921283998091,-0.21149502049622,-0.00116834335647346,NA,1,"1"
2019-02-24,10.7989955000741,10.8551564871439,0.961244570075421,12.7439843562568,8.9762438914007,13.7573725601031,7.89733752357209,0.0118203716620518,8.86209790909091,2019-02-23,1,0.411268730526254,0.84970558348814,-0.219111877569902,-0.00117270088407361,NA,1,"1"
2019-02-25,8.85339728004593,8.8229680202045,0.923089522550967,10.731103088947,7.11334628186134,11.2907634824381,6.33354099164578,0.013311253786322,7.61041957342657,2019-02-24,1,0.393533135909126,0.857210112918858,-0.0848035743453631,-0.00118924978485773,NA,1,"1"
2019-02-26,7.60304574898044,7.57976290274785,0.918368234527455,9.48284220144208,5.88226537585559,10.5808107606897,5.3543757080149,0.0153768936744037,9.38749998611111,2019-02-25,1,0.410354718927795,0.850572482981136,-0.137697004088471,-0.00119752809926433,NA,1,"1"
2019-02-27,9.40369980183648,9.40840574326678,0.958396170891391,11.3564074164247,7.59131798697871,12.3636323985714,6.94598034954547,0.0135695390757379,8.57861108333333,2019-02-26,1,0.401855400428468,0.856337009684555,-0.19297253286159,-0.00120407275244903,NA,1,"1"
2019-02-28,8.58853585624759,8.5147213832376,0.906148564199315,10.4282268037043,6.88498183177205,12.3474615227617,5.80912793768307,0.0131644736719301,9.27314686013986,2019-02-27,1,0.400909372054,0.85061305072503,-0.0237775372508283,-0.00114107455095911,NA,1,"1"
2019-03-01,9.28263423556016,9.32171826246245,0.907661668298041,11.140614904991,7.55365862643145,11.5717543266274,5.6488734407499,0.0124748208105678,0.848125,2019-02-28,1,0.416182666095809,0.842338325894051,-0.00275470377623516,-0.00114134246911657,NA,1,"1"
2019-03-02,1.09989298589596,0.960078790436454,0.754220751312395,2.9565746405968,0.0753660248312383,3.58640003813948,0.0425317418446039,0.0804695619340336,0.442307692307692,2019-03-01,1,0.394031255557697,0.853320437791592,0.0120282627832042,-0.00113589143330948,NA,1,"1"
2019-03-03,0.907622042779082,0.823336401473418,0.613872351369405,2.40265515190771,0.072689689801281,3.29747256474082,0.0312308474980386,0.0638319041952173,0.494652777777778,2019-03-02,1,0.427857986019113,0.824852770790261,-0.135848368116864,-0.000946063948807192,NA,1,"1"
2019-03-04,0.925437662942844,0.884681471044499,0.60373324202538,2.42511170969655,0.0788058195393015,3.35696221125039,0.0334589937651636,0.0631493404169903,0.466573426573427,2019-03-03,1,0.379138325747887,0.854791165735018,-0.253086379628708,-0.00100598288061812,NA,1,"1"
2019-03-05,0.941515246381277,0.879713431859324,0.646965064379351,2.55626608418094,0.0628409183423201,3.68939589414254,0.0328892521144283,0.0711787781086252,0.428472222222222,2019-03-04,1,0.368123974892262,0.861593666845551,-0.358422889225234,-0.000988985412042259,NA,1,"1"
2019-03-06,0.86346913293809,0.738730898191161,0.618973534293306,2.40994262035889,0.0492738011023027,2.87744351383301,0.0322745171516712,0.0708114763329748,0.456527777777778,2019-03-05,1,0.354967092333743,0.868921238489976,-0.374807636561602,-0.00098590823905437,NA,1,"1"
2019-03-07,0.939161960815765,0.861400082528454,0.607142907349129,2.4284693568502,0.0868050372569731,3.03579050533869,0.0346680960844002,0.0615932661147778,0.459375,2019-03-06,1,0.344721821338467,0.874413744172701,-0.375065753274441,-0.00100148521266033,NA,1,"1"
2019-03-08,0.894537633322147,0.813449999433709,0.602950739283603,2.42303836777162,0.0616971090040774,3.08280638354488,0.0349743719528049,0.0672705120722303,0.455763888888889,2019-03-07,1,0.335892981746579,0.87912955067993,-0.382768514786302,-0.0009962721112679,NA,1,"1"
2019-03-09,0.894330166472209,0.7613985437777,0.625503965610953,2.458016680781,0.0558403736010219,3.46118675704329,0.030814078016505,0.0701266999229344,0.489440559440559,2019-03-08,1,0.336553528448848,0.878394771637965,-0.378657114865717,-0.000995917493041516,NA,1,"1"
2019-03-10,0.910779060622962,0.820384919589494,0.588203433203911,2.36490466420748,0.0825304784242115,2.88014994577608,0.0311254523494346,0.0605224606922822,0.640138888888889,2019-03-09,1,0.335409667170336,0.880886746796821,-0.465922226008655,-0.000992804715945149,NA,1,"1"
2019-03-11,1.032094153518,0.90174159639948,0.695631580561956,2.73242274792323,0.0800251447046487,4.14193275568885,0.0326880906529752,0.0723568845143713,0.786760563380282,2019-03-10,1,0.305168722431728,0.895756571129317,-0.466103587559404,-0.000977186104252688,NA,1,"1"
2019-03-12,1.0662123168516,0.991718352325534,0.668304059420916,2.81433050797183,0.0837680783717163,2.98846988668892,0.0339052740242321,0.0740408580573491,0.877202797202797,2019-03-11,1,0.309069557894306,0.893170767373309,-0.480842275567832,-0.000960113659565823,NA,1,"1"
2019-03-13,1.14797882350436,1.09126704292606,0.721803863322817,2.94277090469151,0.108216489547131,3.71932826157473,0.0336590629214106,0.0730115607968002,0.935972222222222,2019-03-12,1,0.303868420686287,0.894914272676838,-0.447573569272135,-0.000967080091979941,NA,1,"1"
2019-03-14,1.27135487130927,1.21611241740662,0.750855455776301,3.16510244492491,0.141954785955525,3.75178562899633,0.0398657591311271,0.0739125886282732,1.12007042253521,2019-03-13,1,0.313402129480262,0.890236811907059,-0.465286068436987,-0.000966761849073463,NA,1,"1"
2019-03-15,1.31492565465623,1.25795405671149,0.725452318398101,3.13146298295413,0.187754675177912,3.45541203445746,0.0471455202549955,0.0666618941475729,1.83006944444444,2019-03-14,1,0.303672538624529,0.894505978437452,-0.453592547815332,-0.000954733868648833,NA,1,"1"
2019-03-16,1.82600418054684,1.76761309155894,0.835130523641819,3.84324772037129,0.443844542586299,4.14605795310264,0.0456082552993317,0.0614127682811494,2.27685314685315,2019-03-15,1,0.311116410681926,0.891273021457942,-0.465936914365609,-0.000964704274292146,NA,1,"1"
2019-03-17,2.28957131075551,2.24757587868583,0.878237910060805,4.39406203508294,0.753210698746121,4.34697752698457,0.0349870471529259,0.0549383204942382,2.76743055555556,2019-03-16,1,0.305935882811048,0.891381250467212,-0.403493741161069,-0.000934560650487142,NA,1,"1"
2019-03-18,2.72702065441936,2.72978796990346,0.896614271591718,4.76849903848544,1.14912690542627,5.46905579429484,0.154879862654008,0.0448287473338274,3.29916666666667,2019-03-17,1,0.30572872942688,0.8918836059579,-0.409782117512873,-0.000934228021767807,NA,1,"1"
2019-03-19,3.29139624673569,3.28789467986535,0.966323327960395,5.44353630079866,1.5743199514999,6.42243013835508,0.779631680808638,0.0420707716412955,3.37902097902098,2019-03-18,1,0.303319801524764,0.88951316628778,-0.328832809631824,-0.000897872378795684,NA,1,"1"
2019-03-20,3.33502745954669,3.30650085697531,0.871087282358661,5.25760583107934,1.76126309284327,5.48693410680861,0.621132708749785,0.0337303993833357,3.5125,2019-03-19,1,0.316907260451716,0.883654264985793,-0.343830973481856,-0.000902522390350031,NA,1,"1"
2019-03-21,3.43572875652307,3.45727419913808,0.942373864412603,5.53895330817457,1.73423706868635,6.0160869495191,0.447164871028211,0.0388476659603119,2.65188811188811,2019-03-20,1,0.311857182380189,0.883744357145863,-0.310928885407052,-0.000875364898383891,NA,1,"1"
2019-03-22,2.63940722210994,2.63998867828432,0.891341064905728,4.74144859436909,1.04031187463647,4.85532587644916,0.300195122958912,0.0486350033238714,3.15375,2019-03-21,1,0.302273373106088,0.887969134617786,-0.310160966411686,-0.000844336038706112,NA,1,"1"
2019-03-23,3.05463868980818,3.00717211587462,0.877626606001603,5.04794176420884,1.46384798693223,6.05628557945347,0.180212256004311,0.0389230445460745,2.85875,2019-03-22,1,0.306500933658079,0.885389304543841,-0.312942216108918,-0.000863492321755611,NA,1,"1"
2019-03-24,2.76955970019274,2.7694964361948,0.906314198143206,4.85505306552398,1.15991368150722,5.11952627779725,0.452741517643037,0.0460145545352146,3.62014184397163,2019-03-23,1,0.313828270061869,0.881858086465024,-0.314739418372447,-0.000869360802786773,NA,1,"1"
2019-03-25,3.58327097616659,3.55388703869352,0.872933960591843,5.5145758398389,1.98235603674669,6.34124143877524,0.443737385390995,0.0319487862957797,3.7193006993007,2019-03-24,1,0.314230905181944,0.881609256692701,-0.306910726108542,-0.00084699603005371,NA,1,"1"
2019-03-26,3.62240335540178,3.58932818102588,0.931735774336575,5.63367211347671,1.96415583711484,6.35448517714793,1.52588522048668,0.0341372400304814,3.92748251748252,2019-03-25,1,0.311875174260733,0.881112559780604,-0.291544477553243,-0.000828919316075946,NA,1,"1"
2019-03-27,3.88448733589053,3.84725569073995,0.93504577364177,5.90204201859837,2.20094101934641,6.47985321477976,1.632103133047,0.032298690511561,4.2812676056338,2019-03-26,1,0.308292953942459,0.881961143408879,-0.298002211345783,-0.000815654790354382,NA,1,"1"
2019-03-28,4.3194896658065,4.26085678943074,0.938097106904027,6.33449056369342,2.60790541406169,6.72026592691968,0.998944030571397,0.0293404637205911,3.77601398601399,2019-03-27,1,0.320022984190773,0.877744518584032,-0.304467046799482,-0.000833852339875527,NA,1,"1"
2019-03-29,3.71430701835416,3.77659246600326,0.910776760265896,5.74489256999074,2.03531363832611,6.39166102074886,0.825212777745165,0.0339990487888134,3.56405594405594,2019-03-28,1,0.301763853348047,0.882496060021208,-0.231079255355765,-0.000780146385013649,NA,1,"1"
2019-03-30,3.50476975399744,3.52960726666387,0.907844958510686,5.50606267142887,1.86346032344269,6.36739621145348,1.1451618916688,0.034810491022862,3.46541666666667,2019-03-29,1,0.311756762968623,0.879240098593882,-0.309024443810893,-0.000779273926599884,NA,1,"1"
2019-03-31,3.47126566786112,3.46807765159906,0.913099226591678,5.47993196850907,1.82810288719279,6.01286224659844,0.788263809587743,0.0353442795708955,3.40071428571429,2019-03-30,1,0.311834228041799,0.87887378656015,-0.313165422772207,-0.000779313123998969,NA,1,"1"
2019-04-01,3.28406735177913,3.29882813722434,0.896972483842363,5.27486660523475,1.67048001074391,6.08075235061101,0.844508129156818,0.0364764839769598,3.50645833333333,2019-03-31,1,0.300696464161365,0.88438155820561,-0.272342806743785,-0.00078459042182464,NA,1,"1"
2019-04-02,3.56555857743315,3.60899016652141,0.901030889716059,5.60611164604103,1.89271104515715,6.15655345440905,0.551394427159539,0.035557215089487,3.4720979020979,2019-04-01,1,0.312142223833373,0.880202165329547,-0.314927731802779,-0.000782344626279269,NA,1,"1"
2019-04-03,3.43495331855963,3.44078278257787,0.902608044116124,5.39871942358401,1.82483950518006,6.638646336103,1.29854353164239,0.0341982628990242,3.49971830985915,2019-04-02,1,0.312472803028693,0.876873604961697,-0.277661457788747,-0.000754595698040631,NA,1,"1"
2019-04-04,3.46607086475972,3.45605481334046,0.931602879378194,5.55078331783305,1.77354407168733,5.944801118733,0.824365980524697,0.0379244490218366,2.94958041958042,2019-04-03,1,0.300239907149573,0.881793012566846,-0.23336457506824,-0.00075270131497919,NA,1,"1"
2019-04-05,2.94330293424966,2.92029477495721,0.973490614915275,5.16144945995713,1.23133887072882,5.86190750984805,0.301401178042994,0.0489479676102871,2.88326241134752,2019-04-04,1,0.305745727835332,0.879918917320756,-0.250510169889033,-0.000748016289957131,NA,1,"1"
2019-04-06,2.86496181086326,2.87463121961916,0.857093448035379,4.80904065205167,1.3269734539696,5.32440051749099,0.386108789989572,0.039269048924053,2.80180555555556,2019-04-05,1,0.299944744535066,0.883106322866589,-0.262093249081588,-0.000746013451941018,NA,1,"1"
2019-04-07,2.82623196174096,2.8719040553978,0.886269367044288,4.9102004529482,1.20934477435858,5.42969097464305,0.204115444442336,0.0451668760553777,3.3625,2019-04-06,1,0.29298307783052,0.885014023668626,-0.240487211044612,-0.000737227698748218,NA,1,"1"
2019-04-08,3.31599164264827,3.32940180875377,0.885465427815229,5.29880220225368,1.70445444401975,5.54030794555575,0.554271051597601,0.0359022246032663,2.24570422535211,2019-04-07,1,0.297127464365788,0.883609360707477,-0.247840961666486,-0.000742134208611981,NA,1,"1"
2019-04-09,2.20728226094516,2.25212976943637,0.87877762677529,4.43029873045818,0.631569324450075,5.00169958766008,0.0507439323652737,0.0625944095955336,2.42409722222222,2019-04-08,1,0.30224095685957,0.880573903867343,-0.243005394454815,-0.000744272016128785,NA,1,"1"
2019-04-10,2.40662761257209,2.41575561553142,0.838891168487046,4.36528781151156,0.925634392161684,4.56705186635035,0.381505246200692,0.0461905133823529,2.49853146853147,2019-04-09,1,0.288317824048847,0.887500152745199,-0.241261639413018,-0.0007444951603584,NA,1,"1"
2019-04-11,2.48388354155416,2.48026563088558,0.863708258093835,4.48001839864637,0.969275905464292,4.76576371689877,0.366421859291678,0.0465637997714814,3.25795774647887,2019-04-10,1,0.299507353737619,0.881745388691089,-0.265640212951304,-0.000738402172168708,NA,1,"1"
2019-04-12,3.24155102596998,3.23492910281543,0.913733047489491,5.26665330214122,1.61024114024046,5.87384538476732,0.324478307009798,0.0380798202475286,4.6872027972028,2019-04-11,1,0.295993668414136,0.883289490100732,-0.251652015100882,-0.000738279081446828,NA,1,"1"
2019-04-13,4.67074080107073,4.70664727838105,0.940374349489706,6.68804043396512,2.9370843059955,7.26588658313149,2.02148308554759,0.0274283606406993,4.97839160839161,2019-04-12,1,0.298104407796775,0.883329223741558,-0.2369494518061,-0.000744047566959922,NA,1,"1"
2019-04-14,4.97349929960925,5.00760671674788,0.953297103809862,7.00054225139206,3.21705731755871,7.85601823010119,2.36905151846797,0.0261671798041941,6.91513890972222,2019-04-13,1,0.300649400439704,0.880741143897633,-0.216130340015802,-0.000744751076799714,NA,1,"1"
2019-04-15,6.93692625128399,6.95969404202885,0.95708077582618,8.92757394309356,5.13950102181889,9.9192690010594,4.40760011159865,0.0186846592581657,6.38115645578231,2019-04-14,1,0.302262851623461,0.880604675724437,-0.22294321985844,-0.000744572034557954,NA,1,"1"
2019-04-16,6.35158780251353,6.35062836492206,0.834557419055551,8.07691558232513,4.78556191557041,8.71857291506094,4.15496617161594,0.0154045319126621,6.8220833125,2019-04-15,1,0.308611206596083,0.878264731378881,-0.224173016111941,-0.000754064597439209,NA,1,"1"
2019-04-17,6.74721063259433,6.70830422696255,0.880205637492006,8.56217911013592,5.09827731508236,9.05351287909174,4.42500485874787,0.0160556404901714,6.41479167361111,2019-04-16,1,0.306466168564191,0.879512381348143,-0.211824247404361,-0.000751038216795296,NA,1,"1"
2019-04-18,6.46451470476373,6.5064386223022,0.908345166131905,8.34270956813922,4.77076061429272,9.2097817325861,4.02558209074685,0.0178354677464435,6.73302814084507,2019-04-17,1,0.299132321048489,0.880629895046252,-0.158094974120178,-0.000725002530301085,NA,1,"1"
2019-04-19,6.73741310735656,6.79942740171203,0.887731538836334,8.59732072247135,5.05175460058023,9.30429448334558,3.80502527218594,0.0168499312959753,8.00744683687943,2019-04-18,1,0.295838156452824,0.881970016170499,-0.175846927737922,-0.000711647148356655,NA,1,"1"
2019-04-20,8.02144984552236,8.03344011708646,0.903665316247084,9.88047401821125,6.31050034624581,10.1026145607873,5.50276719216453,0.0143188570516263,8.30187502083333,2019-04-19,1,0.295740317769398,0.880519012449847,-0.152455508951523,-0.000696729346106906,NA,1,"1"
2019-04-21,8.29027651170059,8.275034456602,0.8838867443675,10.0880931680191,6.62705296270551,10.8845534733487,6.18626198896426,0.0130151863211074,6.19721428571429,2019-04-20,1,0.283224200732862,0.88588165275838,-0.0822349825570918,-0.000704838661587654,NA,1,"1"
2019-04-22,6.23413131962039,6.26985278152014,0.836903307902754,7.95796232228765,4.67210219733303,8.9009061266353,3.73243155411908,0.0156462813150542,5.11450704225352,2019-04-21,1,0.284383985624174,0.885887099244313,-0.0911804291076375,-0.000703618468575028,NA,1,"1"
2019-04-23,5.15309065890685,5.17784388362817,0.894333035739716,7.0523639090481,3.48549694759171,7.68759859309929,1.79433576438265,0.0224034679380981,4.33576388888889,2019-04-22,1,0.291920717690158,0.883373302291903,-0.123245232130933,-0.000715302164349442,NA,1,"1"
2019-04-24,4.28119190045007,4.23755099690028,0.905189484609879,6.22456175994048,2.62351417212122,7.22161788712441,1.0466328961065,0.0276264987968974,3.81805555555556,2019-04-23,1,0.297674500110393,0.880598816525338,-0.103236365918543,-0.000732567227235251,NA,1,"1"
2019-04-25,3.78121091793668,3.81291828505091,0.873521704360515,5.67197391493586,2.19331938773466,6.44436053734892,1.21916147003635,0.0292877447449007,3.56415492957746,2019-04-24,1,0.29028991059135,0.884758325366705,-0.0998168676767039,-0.000724301984852361,NA,1,"1"
2019-04-26,3.50407225046392,3.48579003440223,0.929414043047353,5.53264585889593,1.84474290624801,6.87743093788936,0.775175780083958,0.0357060104513664,3.55113475177305,2019-04-25,1,0.293918769323105,0.884006489477873,-0.12423359072997,-0.000741357038826034,NA,1,"1"
2019-04-27,3.4951330072319,3.47084795805477,0.916514325738085,5.53988406956232,1.8259622351715,6.01184872586983,0.54624226627638,0.0363187057168744,2.37713286713287,2019-04-26,1,0.302330638035482,0.879768908408476,-0.13024713180818,-0.000746784311992511,NA,1,"1"
2019-04-28,2.31498419222311,2.32851141850586,0.910972397358261,4.52495525146408,0.720478611049844,4.76522302870997,0.079226802663599,0.0595156619128385,1.74868055555556,2019-04-27,1,0.28287621511543,0.88863147203133,-0.110488893121858,-0.00072602320976149,NA,1,"1"
2019-04-29,1.80146417087627,1.7631416557812,0.850148779272748,3.83224893156962,0.420773160980627,4.75684649943609,0.062686534612971,0.062864224335696,1.87965034965035,2019-04-28,1,0.298262970664331,0.883787868463824,-0.163509043499357,-0.000758015046291428,NA,1,"1"
2019-04-30,1.91824947579717,1.90508064063782,0.831244505851587,3.90438616801762,0.524746409035704,4.27403973417073,0.107787217530001,0.0573078161942287,1.65922535211268,2019-04-29,1,0.291337793794477,0.885041608917987,-0.125696641939797,-0.000745890744850297,NA,1,"1"
2019-05-01,1.68238310635512,1.62446378089027,0.823978018447737,3.71702441649861,0.338063785704693,4.23353655195123,0.0419167679865734,0.0667543048338885,1.46666666666667,2019-04-30,1,0.297594314367553,0.884084027429015,-0.163780691295789,-0.000765794218373267,NA,1,"1"
2019-05-02,1.60319163312241,1.56561889906259,0.809847974518333,3.59176062409093,0.303825137857639,4.46268734192289,0.0343291605275164,0.0666460495112886,1.85640845070423,2019-05-01,1,0.293371640864558,0.885392241355845,-0.15835250545844,-0.000762562850571643,NA,1,"1"
2019-05-03,1.84421786174592,1.84773107056983,0.841206373835952,3.95039174327243,0.419219247908413,4.34171451834379,0.0611513897389801,0.0658698146034869,2.39335664335664,2019-05-02,1,0.29560621779089,0.885423812624725,-0.158314464114339,-0.000769274051809175,NA,1,"1"
2019-05-04,2.38364813951239,2.40658060262868,0.850413510346375,4.34386665699539,0.90569087305405,5.21780525380685,0.399230975384084,0.0466347806537542,2.88583333333333,2019-05-03,1,0.292616542937012,0.884266752279606,-0.14183984906216,-0.000742895138371816,NA,1,"1"
2019-05-05,2.85463290641942,2.81977178712849,0.90987306305167,4.94713225110011,1.22875121194044,5.4256036782592,0.0785741820151472,0.0451220406368798,3.07246478873239,2019-05-04,1,0.301175961188762,0.8803479911141,-0.123518583326036,-0.000745115442877366,NA,1,"1"
2019-05-06,3.01002607868206,3.10119494408813,0.872215369825324,5.0065551172348,1.4223623713177,5.29607821022832,0.314339695312778,0.0395373772957762,2.83895104895105,2019-05-05,1,0.298095316461375,0.881340418775234,-0.119268992966437,-0.000735760168917521,NA,1,"1"
2019-05-07,2.73982684658134,2.73395664997566,0.943507510411275,4.9708477713884,1.05242004662507,5.6050580031781,0.0512608004702274,0.0525676185238508,3.25486111111111,2019-05-06,1,0.299820442299535,0.880884073661259,-0.132601449457576,-0.000742120654272253,NA,1,"1"
2019-05-08,3.21815064269829,3.16433296476098,0.869525668192231,5.1603586542057,1.64260939508204,5.66124385413539,0.272816107194789,0.0354567655409919,3.00965034965035,2019-05-07,1,0.292398504028562,0.883330786363699,-0.105073458137464,-0.000726614981849885,NA,1,"1"
2019-05-09,2.97488760327369,2.99615934388874,0.915581524756743,5.04029469245809,1.34922663186027,5.91852711293553,0.279037773291184,0.0425235568937323,3.76457746478873,2019-05-08,1,0.298550268103559,0.880189715764904,-0.109125919694572,-0.000724028208592601,NA,1,"1"
2019-05-10,3.76688339184185,3.78198416060076,0.980958550704699,5.93890771730072,1.98864363792856,6.57906636461265,1.03452962557031,0.0380790641583647,4.35090277777778,2019-05-09,1,0.306704997366323,0.877785936685419,-0.135398951691551,-0.000746421179484858,NA,1,"1"
2019-05-11,4.2923641829189,4.24950239800109,0.960298103417792,6.40908669643592,2.51032051057674,7.07750971776212,0.780100353070986,0.0323635256087453,5.14408451408451,2019-05-10,1,0.30884665208328,0.875677840872865,-0.141233713789978,-0.000722675266347342,NA,1,"1"
2019-05-12,5.13227514820908,5.14836270311316,0.912384354072155,7.07021991296861,3.43592441520617,7.93130365348351,1.4918666787107,0.0233622018237791,5.75923611111111,2019-05-11,1,0.302877550369401,0.87811553968554,-0.127145579464494,-0.000715739996446397,NA,1,"1"
2019-05-13,5.7797355849104,5.76480000324271,0.91616956808217,7.71628467720091,4.05982387538502,8.52805656231619,2.25829241718382,0.0209488877764709,5.30685314685315,2019-05-12,1,0.298557811409399,0.879784830499457,-0.0915222904697984,-0.000710689406665695,NA,1,"1"
2019-05-14,5.30668703375747,5.27522271383956,0.944351924335014,7.29860911442026,3.5617232034017,7.80940054768669,2.75629984092793,0.0238809230665608,5.18573426573427,2019-05-13,1,0.318853108936424,0.871406232745496,-0.134659337329885,-0.000736862467534509,NA,1,"1"
2019-05-15,5.1958318883013,5.243073385851,0.94063420505652,7.18954698842569,3.45425036341236,7.90035571633434,2.8553951345932,0.0243813782500041,4.51212765957447,2019-05-14,1,0.302907838224641,0.878240041708497,-0.138762555235711,-0.000701691837096863,NA,1,"1"
2019-05-16,4.48728028845923,4.49089265777119,0.867013543281625,6.33919276996694,2.88551091496854,6.9975955555805,2.03992232267929,0.024188899584274,3.835625,2019-05-15,1,0.301471176873827,0.878398047980505,-0.102710323152938,-0.000710807515553268,NA,1,"1"
2019-05-17,3.75308933674777,3.80015842097504,0.880574122071929,5.65874193007542,2.15682181327817,6.02753140531236,1.20067332821461,0.029917611750316,3.69597222222222,2019-05-16,1,0.309207063908767,0.874889067948354,-0.123301341661205,-0.000712972309728373,NA,1,"1"
2019-05-18,3.63791606723845,3.68908629817441,0.907296374429918,5.63131270027822,1.99041334591702,6.55269333775403,1.16867183858052,0.0334480256669631,3.17638888888889,2019-05-17,1,0.302391450126015,0.878342682615965,-0.108086777980565,-0.000715735823578171,NA,1,"1"
2019-05-19,3.20058559778227,3.2418581411401,0.918909212555269,5.27700731777401,1.54121909541783,5.75901869202889,0.776189695967943,0.0403293413128861,2.9572027972028,2019-05-18,1,0.300715474044685,0.878080465790579,-0.109147147297882,-0.000696413034845541,NA,1,"1"
2019-05-20,2.88730750156253,2.90785778819637,0.93788842736033,5.08466539411264,1.19562068664022,4.94869173653356,0.0822904851118171,0.0488985165986608,3.15943262411348,2019-05-19,1,0.303568611200344,0.876911067603084,-0.117234850851065,-0.000700372511111427,NA,1,"1"
2019-05-21,3.13803214298407,3.07167530641452,0.890999390791243,5.09736820502832,1.55962091326513,6.20214360485067,0.281124644085478,0.0368355242377772,3.13363636363636,2019-05-20,1,0.30151684472221,0.879863789823164,-0.144023638207999,-0.000713767723294302,NA,1,"1"
2019-05-22,3.20897974564509,3.16935398482651,0.87374327388396,5.13812749252326,1.64282528130381,5.66781227165473,0.611490923325548,0.0351015389976441,2.85286713286713,2019-05-21,1,0.307135274732067,0.875916806710076,-0.122511083286866,-0.000702096362984028,NA,1,"1"
2019-05-23,2.80522868682896,2.81136666456287,0.928453936255342,4.9620408309034,1.14916693963857,6.25826465179571,0.27256387138465,0.0484226855700133,3.12104166666667,2019-05-22,1,0.306747805600947,0.875653622392905,-0.138364576535372,-0.000698291730759394,NA,1,"1"
2019-05-24,3.05268905329096,3.12438918805537,0.849688039131387,5.02370729233533,1.47610057423642,5.5809818152647,0.0535056652435124,0.0381414540383601,3.73202797202797,2019-05-23,1,0.300265096511469,0.878276902940407,-0.125984277877778,-0.000686038996573022,NA,1,"1"
2019-05-25,3.73787156352667,3.72817542164613,0.912106860035417,5.73403609837167,2.08036559844653,6.05314428813678,0.949697143319429,0.0327483663345179,3.40083333333333,2019-05-24,1,0.304822542994561,0.877005210347222,-0.132875170368567,-0.000697251650941053,NA,1,"1"
2019-05-26,3.32815031976932,3.31267234791624,0.907114789410011,5.33538700441807,1.69953303433943,6.2455437209038,0.77980686552473,0.0366125882938197,2.92839160839161,2019-05-25,1,0.31403011586672,0.8736051326504,-0.170052597200101,-0.00070600019692987,NA,1,"1"
2019-05-27,2.91768781926094,2.90946988580126,0.894084108203314,4.95428535118199,1.31675543330492,5.63694342494747,0.704787725256226,0.0421289259242734,2.81715277777778,2019-05-26,1,0.303267056206548,0.876889477217464,-0.14657715046847,-0.000674947806151587,NA,1,"1"
2019-05-28,2.74435089212593,2.73548143308582,0.933777155982269,4.8943870136807,1.10152897085365,5.67365740428212,0.414029728686819,0.0490477369359166,2.73125,2019-05-27,1,0.311663441017338,0.874702774875798,-0.176184357294888,-0.000698197760218711,NA,1,"1"
2019-05-29,2.71797285623566,2.68486452715338,0.836441057974872,4.62760953819722,1.21938329244483,5.19681149412633,0.193068356837721,0.0397483566293607,2.73069444444444,2019-05-28,1,0.310548628913689,0.874968678079001,-0.183795381830734,-0.000690553647826129,NA,1,"1"
2019-05-30,2.75623659510499,2.74703311936411,0.895698015512864,4.79254690900573,1.17718199989677,4.87754594338683,0.398789922378487,0.0442167395754769,2.66713286713287,2019-05-29,1,0.298914368879397,0.879434907707379,-0.151530368768838,-0.000671631845228944,NA,1,"1"
2019-05-31,2.67015288976037,2.66072744202711,0.916178974787477,4.81940934503915,1.03967389529546,5.56154620673427,0.139757589253115,0.0501659070509261,2.61451388888889,2019-05-30,1,0.310804341593339,0.874530926260939,-0.181456185342878,-0.000692564508722654,NA,1,"1"
2019-06-01,2.57270746377342,2.59720444957604,0.921730900567759,4.77964203430667,0.927714046996774,5.47908476448996,0.0872919030099845,0.0543398466911404,2.65090277777778,2019-05-31,1,0.313558777773077,0.874443381747761,-0.177574976977045,-0.000703514061009524,NA,1,"1"
2019-06-02,2.62974433610437,2.62777657452722,0.913524263290397,4.78670198464172,1.00175454482551,5.39569259482166,0.239274683649778,0.0511513208737456,2.88056338028169,2019-06-01,1,0.313213957738233,0.87322403785726,-0.149367061261165,-0.000698290216125116,NA,1,"1"
2019-06-03,2.80764779093774,2.80322759771748,0.907107627263994,4.89913469062687,1.18900137294008,5.01618874776377,0.212225790796577,0.0457237899604131,2.64153846153846,2019-06-02,1,0.302566515357225,0.877667341350495,-0.162502619151606,-0.000671044170258761,NA,1,"1"
2019-06-04,2.63976931853962,2.57549533799131,0.930105931855862,4.77520060240087,1.02199131338232,5.99776488729361,0.290041168923105,0.0500571983665789,3.14097902097902,2019-06-03,1,0.320340095024515,0.871351222800062,-0.198825010660238,-0.000701387971032075,NA,1,"1"
2019-06-05,3.15592456063526,3.20357968587483,0.923559494522137,5.24834655178096,1.49167793024942,5.50527717648262,0.526230487575504,0.0414046618673031,3.5056338028169,2019-06-04,1,0.293437488719358,0.881770047991675,-0.161761401756425,-0.000659679621173334,NA,1,"1"
2019-06-06,3.46884499786214,3.39739432754723,0.944569425539131,5.54009156423575,1.78481694152903,5.88214557655711,0.681186251082116,0.0374441244085981,3.98368055555556,2019-06-05,1,0.31361926121201,0.873361843021558,-0.194486228226296,-0.000685231764247212,NA,1,"1"
2019-06-07,3.96436125627378,3.89015402897273,0.918068053067854,5.91601869483088,2.32098706922099,6.81511681864834,1.70767792823323,0.0298110656466459,3.70888111888112,2019-06-06,1,0.313527156683843,0.873131132726568,-0.199345876037411,-0.00067526909440504,NA,1,"1"
2019-06-08,3.68124752418044,3.65910707006131,0.955897685574263,5.79910211427218,1.94667190643832,6.26256551562576,1.04948967802854,0.0370631701525754,3.34566433566434,2019-06-07,1,0.306285973924413,0.875840019172824,-0.158432998426235,-0.000678946375423906,NA,1,"1"
2019-06-09,3.28174843190152,3.33751305858092,0.936523959217836,5.36533791179658,1.60892040509771,6.61537257403566,0.598986961884618,0.039720732746468,3.60166666666667,2019-06-08,1,0.305384221902101,0.877306155727064,-0.186307889718599,-0.000680778434655334,NA,1,"1"
2019-06-10,3.49211054055579,3.44857964219265,0.910731548550662,5.47637340132215,1.8632615103224,6.13333953031421,1.20072224469463,0.0343686041393535,3.50567375886525,2019-06-09,1,0.30080287678838,0.877289213655901,-0.149155444729248,-0.000659993887596839,NA,1,"1"
2019-06-11,3.44180983143629,3.41806143134165,0.939689692645547,5.54465557812923,1.73994803897911,5.9525971922412,0.810854239963129,0.0387752462212719,2.86401408450704,2019-06-10,1,0.302280920740603,0.877415173061668,-0.16384777520643,-0.000667553338046277,NA,1,"1"
2019-06-12,2.88724938881487,2.95788280043739,0.940908893144007,5.09137228219815,1.19167497374949,5.64912655397293,0.453736260817712,0.0491767619475272,3.40201388888889,2019-06-11,1,0.304992672353636,0.875319282348663,-0.159929383085684,-0.000673176934747374,NA,1,"1"
2019-06-13,3.37477984487428,3.36579101631143,0.934221240160496,5.5009639526942,1.66490363583458,6.67413304385614,0.159447970929947,0.040257075398016,3.73622377622378,2019-06-12,1,0.301963344944817,0.876560773633151,-0.152624982822805,-0.000665784468512082,NA,1,"1"
2019-06-14,3.67765535166833,3.6751818272664,0.896316255998919,5.64381323374873,2.04542230455046,6.30094758625272,1.06640651741389,0.0322906130240237,3.23430555555556,2019-06-13,1,0.302411389334518,0.876532715867927,-0.161986396056283,-0.000659613426466721,NA,1,"1"
2019-06-15,3.15197545086349,3.13861288209174,0.830633466662367,4.96265681742105,1.66896529794116,6.14426149230566,0.706556278229743,0.0316858863156879,2.90104895104895,2019-06-14,1,0.305507302670586,0.87488957362017,-0.180193711242793,-0.000652791354366238,NA,1,"1"
2019-06-16,2.90990956550633,2.86446026308879,0.916699934971496,4.98942466147667,1.28419649386329,5.44013842745683,0.40755004973179,0.0438827664876015,3.16755244755245,2019-06-15,1,0.309165076518584,0.872587494846846,-0.17312680182237,-0.000658358540279159,NA,1,"1"
2019-06-17,3.12803029409931,3.13222526927674,0.91054664735386,5.19017001611965,1.48585697569692,5.95419936179384,0.333509899087936,0.0406108537085595,3.44140845774648,2019-06-16,1,0.30143517739722,0.876546894289247,-0.130399877420532,-0.000660802488989883,NA,1,"1"
2019-06-18,3.26729433376367,3.24438374251115,0.931358960461355,5.3369765007293,1.60485073753963,5.91598977819526,0.775415702414036,0.0393800691636167,3.66573426573427,2019-06-17,1,0.29852214655571,0.877192083758653,-0.168371566372863,-0.000641366770439679,NA,1,"1"
2019-06-19,3.62941503063716,3.65880036426174,0.906908392087518,5.61318711698453,1.98912711447943,6.24208980111212,0.814361759666153,0.0332150030731199,4.43798611111111,2019-06-18,1,0.304190782384471,0.87579422084923,-0.167044791391063,-0.000651898152408746,NA,1,"1"
2019-06-20,4.39150943692985,4.42833443711052,0.850991363850919,6.21365145719044,2.8167006663727,7.25506637287134,1.9851745997043,0.0239171855996998,5.69590278472222,2019-06-19,1,0.296955043696473,0.878578409419304,-0.154232935715618,-0.000646982787400791,NA,1,"1"
2019-06-21,5.70042034440275,5.67844050770328,1.00028706465445,7.80136218118114,3.85561873590933,8.79705144610977,2.80992095426859,0.0247688225775806,4.71048951048951,2019-06-20,1,0.303477472794736,0.876678498502879,-0.180133298199675,-0.000652344585198192,NA,1,"1"
2019-06-22,4.61758263164701,4.59826122790783,0.916414040280222,6.57382993970923,2.93174660394071,8.17835581010058,1.81770653555837,0.0261488367952137,5.19625,2019-06-21,1,0.307005693271223,0.874308857921216,-0.216432785805422,-0.00062993036301583,NA,1,"1"
2019-06-23,5.17053657281674,5.11895136166509,0.921709556122847,7.09177696118239,3.48536647760618,8.81703000735786,2.65674790173498,0.0228280549531291,4.51097222222222,2019-06-22,1,0.302721754660367,0.875831319003144,-0.175261091496171,-0.000633275587566125,NA,1,"1"
2019-06-24,4.46627058553367,4.48274683403913,0.916997350056959,6.46271920638944,2.75928229137625,6.62756796781038,0.738653437678812,0.0279908842248071,3.89167832167832,2019-06-23,1,0.312242718508681,0.872683495000139,-0.212102355736536,-0.000652196036192232,NA,1,"1"
2019-06-25,3.88903449245858,3.88277053718808,0.883438502824286,5.80153365124549,2.27838645530989,6.13709324288952,1.30812923718629,0.0291890771190495,4.70830985915493,2019-06-24,1,0.313735365884156,0.872206513159352,-0.219883315435311,-0.000648878283043506,NA,1,"1"
2019-06-26,4.72352472417942,4.73628530968843,0.867768135911386,6.56424482066466,3.11895843270987,7.34961977417902,1.63955730854994,0.0228361305704257,3.88181818181818,2019-06-25,1,0.304700050452466,0.874907863272344,-0.165185568544787,-0.00064733935839663,NA,1,"1"
2019-06-27,3.82052918434827,3.81902947514855,0.888705562059966,5.77787682171557,2.18341299965661,6.26956568697705,0.518783024667167,0.0309664596154718,3.730625,2019-06-26,1,0.306274202786819,0.875108683315032,-0.214381092263226,-0.000635836429336988,NA,1,"1"
2019-06-28,3.69043280071241,3.62467381531042,0.937688508311851,5.73271837868991,2.0055397261162,6.23460890766166,1.0418589609987,0.034559942286615,4.50622377622378,2019-06-27,1,0.307191105295504,0.87445626507613,-0.224764745704574,-0.000631493334021115,NA,1,"1"
2019-06-29,4.48897888971797,4.51449892439748,0.918568880891965,6.45267427242081,2.80459505633956,6.97819914865758,2.25068949979388,0.0270094949762814,4.69594405594406,2019-06-28,1,0.310415059983205,0.873771323043179,-0.210751779932472,-0.000642963090584683,NA,1,"1"
2019-06-30,4.61695602547588,4.62477148192197,0.869413346989205,6.47990616114737,3.00059400420382,7.210398854092,1.3493968333249,0.0238451308339789,5.78736111111111,2019-06-29,1,0.310108687489334,0.873043394358476,-0.210279895052802,-0.000629302149527623,NA,1,"1"
2019-07-01,5.7766483191829,5.74741198325961,0.892079420607826,7.64786556990106,4.10844631447463,8.19312017194608,2.44645336754343,0.0196316238282123,7.31993006293706,2019-06-30,1,0.31259792100706,0.871336240981337,-0.215704427350093,-0.000627629194095409,NA,1,"1"
2019-07-02,7.27511677289926,7.25707471645473,0.908154026093289,9.14061559605153,5.57285985949637,10.9478462205774,4.68577631414388,0.0157855325064725,6.70416666666667,2019-07-01,1,0.304546545720317,0.875983687320156,-0.249014291099228,-0.000607000376880463,NA,1,"1"
2019-07-03,6.69143331341,6.70073814917493,0.833491334209824,8.41141472701563,5.12234798864483,8.88293958863547,4.26992394286292,0.0145916886119987,7.79692307692308,2019-07-02,1,0.299334259078677,0.877750803906984,-0.275833402956382,-0.000573197315884778,NA,1,"1"
2019-07-04,7.74586543001284,7.77343731561616,0.907678418312395,9.61836987887435,6.02848357259111,10.2407810404823,5.32486276310785,0.0150003924446891,8.82243055555556,2019-07-03,1,0.303588027921936,0.876289226976044,-0.288614795085978,-0.000575611777814265,NA,1,"1"
2019-07-05,8.76469825729284,8.73169649928301,0.870503689914924,10.5332581975497,7.1198917757834,11.0634770855314,6.5631603410356,0.0119669896587492,10.0494405804196,2019-07-04,1,0.310080891193741,0.874150709485926,-0.302644954770301,-0.000582258227584216,NA,1,"1"
2019-07-06,9.99658117284769,9.97426701456607,0.95333303492101,11.9468003127358,8.17852342307783,12.5118445499984,6.71983147361671,0.0127800386739825,9.33388888194444,2019-07-05,1,0.301549577932154,0.878037314839698,-0.325157365537091,-0.000565625739789036,NA,1,"1"
2019-07-07,9.33465424668341,9.32236406352087,0.914871152226618,11.1945161542428,7.60337296404581,11.912824208532,6.77382972020626,0.0124337778057181,9.82493052777778,2019-07-06,1,0.2995881969406,0.880025277012259,-0.357485182744033,-0.000560635990926845,NA,1,"1"
2019-07-08,9.83207430665289,9.82869181293757,0.863280317029,11.5777423259882,8.19467429516395,12.5500125199434,7.4798817938914,0.0104695427779161,7.41783218881119,2019-07-07,1,0.294588778625844,0.881504095957177,-0.323975932144707,-0.000552614548643772,NA,1,"1"
2019-07-09,7.38925347770726,7.45137470136191,0.922968645242714,9.30466730784891,5.64312397480052,10.055895709636,4.94927596568439,0.0163698357517732,7.67873242253521,2019-07-08,1,0.2964833874699,0.883133169542154,-0.398815025174514,-0.000553530505705656,NA,1,"1"
2019-07-10,7.60593798987028,7.63035033520482,0.956340042085853,9.58522484967975,5.80219170803341,9.82326179658438,5.06495790674307,0.0169748167247371,6.1146153986014,2019-07-09,1,0.302083579609577,0.880230282835807,-0.347183960461832,-0.000577582734769798,NA,1,"1"
2019-07-11,6.10326986247731,6.08056155201531,0.904956347630172,7.98695205381257,4.41511055981078,8.56904232465067,3.49805166029088,0.0189071110450635,6.6502098041958,2019-07-10,1,0.291973077695719,0.883424795918044,-0.350414603717473,-0.000545482705297901,NA,1,"1"
2019-07-12,6.57208521706442,6.56534159617724,0.878502233843627,8.39484060645995,4.92084998414056,9.31439849341197,3.80196678560877,0.0165860409845483,7.31479166666667,2019-07-11,1,0.299398800305472,0.879637442617167,-0.327177752372796,-0.000565593836634979,NA,1,"1"
2019-07-13,7.26807592171313,7.30428639478565,0.902236214656865,9.1379091381923,5.56236202245886,9.74438523006776,4.36322756333764,0.0158703780234585,9.03118055555556,2019-07-12,1,0.298672375085647,0.881380964909579,-0.336972185124001,-0.000568822860575001,NA,1,"1"
2019-07-14,8.97560985216843,8.97567583959294,0.908361136231164,10.8323433886188,7.25185051254433,11.8928907032897,5.86704552965756,0.0128586372809896,9.98426572027972,2019-07-13,1,0.296805885174488,0.881723609341017,-0.362590297102487,-0.000555209070004922,NA,1,"1"
2019-07-15,9.99975401862866,10.0317411670725,0.878976814582986,11.7869835239302,8.32405884076032,12.5876910629864,6.71631302376815,0.0107853966789955,12.8384722083333,2019-07-14,1,0.288626213569477,0.885736350804736,-0.391550917920901,-0.000527950049504003,NA,1,"1"
2019-07-16,12.7923212875906,12.7418862658477,0.910681227635905,14.6183793525321,11.0582847060685,16.4106482932165,10.3017197262276,0.00889849990141555,16.5933802887324,2019-07-15,1,0.27810697701949,0.891006917754845,-0.405513939249039,-0.000504334777678668,NA,1,"1"
2019-07-17,16.5268228822099,16.5392675422391,0.894970995720538,18.3167730643935,14.8060636202483,19.2332164202453,14.1457347406311,0.00669077886920115,20.4212676056338,2019-07-16,1,0.280438159727054,0.890827249662631,-0.453852684182557,-0.000495800883373746,NA,1,"1"
2019-07-18,20.4669945917277,20.4455364176225,0.979009883238738,22.4168772210799,18.5836835129986,23.9232518395217,18.0152232498975,0.00643748518980244,22.5350694444444,2019-07-17,1,0.267193166768701,0.899345464897891,-0.489213446237528,-0.000479664976726218,NA,1,"1"
2019-07-19,22.521757374127,22.542493936264,0.921642113535908,24.3559231215121,20.7413693692033,25.4010062544893,19.9709334680845,0.00520032081866651,25.2224475524476,2019-07-18,1,0.244004222606006,0.910913469442304,-0.538587283729236,-0.000432182792305791,NA,1,"1"
2019-07-20,25.2777788801195,25.2168281555516,0.959387025031565,27.1865005043939,23.4210450572124,28.6102258073309,22.4771805327842,0.00502723307809353,28.8984507042254,2019-07-19,1,0.226828539012437,0.919561918790093,-0.537975953260431,-0.000410297061757554,NA,1,"1"
2019-07-21,28.8946598351978,28.8716307373495,0.908328982236537,30.6936194075468,27.1362811909399,31.6742846048432,26.4333662596286,0.00392418564883615,30.6618055555556,2019-07-20,1,0.208085355562701,0.927953880364598,-0.551323242328889,-0.000368659992483313,NA,1,"1"
2019-07-22,30.6965511561173,30.701654782025,0.901553903856844,32.4819403749789,28.9488384994642,33.545381049523,28.1953182940144,0.00364333275925517,35.6965972222222,2019-07-21,1,0.180679605164698,0.942116320268939,-0.549819506801277,-0.000340368530773988,NA,1,"1"
2019-07-23,35.7267777022052,35.7011581291751,0.893205797670596,37.4927343029205,33.9925854887789,38.4620955661533,33.3357461832576,0.0030716240018788,44.877972027972,2019-07-22,1,0.174516852258449,0.946569060864159,-0.574102442459464,-0.000342248434048104,NA,1,"1"
2019-07-24,44.8629504061697,44.8492413613719,0.925410691473756,46.6891835957609,43.0638485897788,47.636054865524,42.3641375555291,0.00262361040897699,48.0683098591549,2019-07-23,1,0.147986925459686,0.959714268411756,-0.538937115489169,-0.000320173624062419,NA,1,"1"
2019-07-25,47.9974540534459,47.9975602364021,0.911491559650493,49.7954122785594,46.2241036615286,50.8212464859835,45.3225516790127,0.0023795834747702,53.826875,2019-07-24,1,0.123903073543152,0.976006229681928,-0.554808120055892,-0.00033394461231737,NA,1,"1"
2019-07-26,53.7931357180538,53.7279190291839,0.883262570047807,55.5342313930767,52.0726660481265,56.3091509181001,51.3444784626879,0.00199453972582633,55.6643356643357,2019-07-25,1,0.0973977785670613,0.987495908429174,-0.515959581930548,-0.000300186262158405,NA,1,"1"
2019-07-27,55.5915110944412,55.5838534691227,0.870714768223409,57.3072790491285,53.8951355735017,57.8390379038135,53.4850376781118,0.00187525307549038,51.2647916666667,2019-07-26,1,0.0744295917147966,0.997663673137505,-0.528265421850259,-0.000253903834914769,NA,1,"1"
2019-07-28,51.1489927630504,51.1664819998823,0.905139976929552,52.9354416692798,49.3853606183159,53.6329476137853,47.8647535977966,0.00220638640421908,48.5379020979021,2019-07-27,1,0.0651065160067547,1.00225712150991,-0.486926010194044,-0.00025202447076015,NA,1,"1"
2019-07-29,48.5685341457122,48.6055672494902,0.919822834223941,50.3848925364854,46.7769949003513,50.9488161678885,45.7517234159978,0.00240001741764866,45.1325531914894,2019-07-28,1,0.0778654118962398,0.996892824457363,-0.501294420374587,-0.000275899644851953,NA,1,"1"
2019-07-30,45.1682498940239,45.2041288019634,0.892599830752424,46.9300627569669,43.4315325138331,49.1753430384563,42.3292339436546,0.00242673930585459,40.575034965035,2019-07-29,1,0.0863497296076448,0.992688335104092,-0.5261444975001,-0.000277958432918851,NA,1,"1"
2019-07-31,40.6473468369472,40.6743450408173,0.884606769203589,42.3958579278431,38.9262656501645,42.9249631661492,38.0616083376326,0.00265247842108448,33.1795138888889,2019-07-30,1,0.0894772772978138,0.990520369969631,-0.516406568900218,-0.000278469247048004,NA,1,"1"
2019-08-01,33.2153995551274,33.2079685160677,0.815652664802396,34.8284770519411,31.6308392257184,35.4878393285686,30.9102578131033,0.00275761704669284,35.7700699300699,2019-07-31,1,0.105218446459546,0.984177666540483,-0.562294490448312,-0.000300052455372108,NA,1,"1"
2019-08-02,35.749638232078,35.772774279775,0.893351188320877,37.5187767896093,34.0123575822547,38.1313028280017,32.8857429172597,0.00308066744922393,31.7451388888889,2019-08-01,1,0.112217897840436,0.979617980328576,-0.533570258623086,-0.000305715371825799,NA,1,"1"
2019-08-03,31.6999952786497,31.7324459484477,0.892871217503843,33.4700279611256,29.9658498803758,33.9426844658438,29.0829172614033,0.00347030913942683,24.7992361111111,2019-08-02,1,0.106141479142026,0.98216634358339,-0.514355446989432,-0.000299490523870037,NA,1,"1"
2019-08-04,24.7089443331124,24.7660387773585,0.895530075247118,26.4905311163416,22.9737492762805,27.0621959829165,21.5413238967795,0.00448609126295592,18.5507692307692,2019-08-03,1,0.118137429501368,0.97789913025535,-0.561950704555476,-0.000308820397447113,NA,1,"1"
2019-08-05,18.5306190871684,18.5536953626794,0.971737575655769,20.4745959192749,16.6594978616917,21.1002296154798,15.637629225598,0.0070451549390757,16.6079166666667,2019-08-04,1,0.124435689467454,0.974022290875613,-0.541608139475269,-0.000320496662551384,NA,1,"1"
2019-08-06,16.5694398431385,16.5384700217627,0.945301508894395,18.4633960794063,14.7525935117463,19.1166627098213,13.2974435700069,0.00745654661756076,12.3977083333333,2019-08-05,1,0.131244794667106,0.9705035411045,-0.492932489696605,-0.000342615320235738,NA,1,"1"
2019-08-07,12.3988644520161,12.3709033746505,0.891032095846882,14.1958319835103,10.6937786170851,15.2062544161352,9.65674114394816,0.0088849824782987,12.0967832307692,2019-08-06,1,0.134680543531117,0.969878682410668,-0.509128280799312,-0.000353131280243091,NA,1,"1"
2019-08-08,12.0425631603573,12.039175155493,0.917637709392284,13.8921613828422,10.2929120739191,14.9736393347008,9.37998706768981,0.00966491244445809,10.103263875,2019-08-07,1,0.139745956297534,0.96719964432159,-0.516021366069533,-0.000361631465885421,NA,1,"1"
2019-08-09,10.094658729579,10.1192251144179,0.929330394502804,11.9749954313966,8.3363233913945,12.9105615754084,7.6345984305024,0.0117975616336522,10.8061805555556,2019-08-08,1,0.137391967972391,0.96781160518708,-0.4975482523032,-0.000359936640247125,NA,1,"1"
2019-08-10,10.740802236564,10.7246094093247,0.917512508993779,12.5995467223708,8.99455424582825,13.4821831060048,7.89145164671411,0.0108784385243649,10.9986713286713,2019-08-09,1,0.136411700023853,0.966882851626933,-0.504184711478477,-0.000349416316367774,NA,1,"1"
2019-08-11,10.9804066690487,10.9548658651695,0.900820946235837,12.8018138457524,9.26490200956459,13.4044129257636,8.49789855983034,0.0102407992570935,12.0787412517483,2019-08-10,1,0.140391385247098,0.96683626950426,-0.520263580617203,-0.000361275359278918,NA,1,"1"
2019-08-12,12.0395300588769,12.0356239176343,0.922414060572997,13.8979997699097,10.2819686187601,14.3941602802193,9.81799797796485,0.00975785442086913,13.5246853076923,2019-08-11,1,0.137571541030187,0.967908401236473,-0.532582185936478,-0.000353862959169739,NA,1,"1"
2019-08-13,13.4927729927443,13.5605077881264,0.867759092097394,15.2385959083622,11.8270383742894,15.5808745722406,10.4371638425332,0.00774455787853255,16.9052777777778,2019-08-12,1,0.131157906978001,0.968884663263523,-0.491126474182203,-0.000339044587763286,NA,1,"1"
2019-08-14,16.8658232722376,16.9028477029361,0.879043445748939,18.6246179207102,15.1725758158282,19.5084915086672,13.5878516798658,0.00633842946710267,13.7586713286713,2019-08-13,1,0.132762736220744,0.969829255380734,-0.51652653020575,-0.00034152283037194,NA,1,"1"
2019-08-15,13.774124355921,13.7816146058772,0.93104497841709,15.649337928107,11.9892172402222,16.3832588105534,11.0377827541503,0.00873265637856406,13.3546153986014,2019-08-14,1,0.1395669768471,0.967189279539558,-0.540577187973254,-0.000341743437766335,NA,1,"1"
2019-08-16,13.3484047608965,13.3535480277859,0.872917757001402,15.0960418187667,11.6818511872135,15.8982052559068,11.13786337246,0.00784079270660931,14.6935211267606,2019-08-15,1,0.138643115468246,0.968561708981307,-0.543526894699326,-0.000354880288095791,NA,1,"1"
2019-08-17,14.6657639562688,14.6897923634869,0.898675237197523,16.4710102669364,12.9394528772389,17.9348253806168,11.9955351470753,0.00763305616086584,13.4232638888889,2019-08-16,1,0.13900342949756,0.967706047675696,-0.539737363245588,-0.000347587158900194,NA,1,"1"
2019-08-18,13.4071976331635,13.4539654551931,0.940180801791147,15.3000604007053,11.6087163176608,16.4527095235199,10.5250719687041,0.00912670944281435,12.4868531468531,2019-08-17,1,0.138903526765969,0.967197725795535,-0.570121808890679,-0.00033485703106547,NA,1,"1"
2019-08-19,12.4882739388186,12.5369107874699,0.881121187130049,14.2662858300664,10.7996447790672,14.764920363113,9.33585566367207,0.0086433319465523,11.2144755174825,2019-08-18,1,0.135065251271988,0.969629766280718,-0.53908376574258,-0.000347725328651025,NA,1,"1"
2019-08-20,11.1402840946236,11.1294506220033,0.858266098124844,12.8679554660659,9.50685272858657,13.8311434679012,8.73908868602383,0.0091130315187993,10.9590277708333,2019-08-19,1,0.141096019788532,0.966947464548957,-0.56184842202562,-0.000345733950026973,NA,1,"1"
2019-08-21,10.9516021432332,10.9230110298683,0.906206233006784,12.7815681043843,9.22877624983303,13.8092307725785,8.22064197358787,0.0103604706954579,8.98395834722222,2019-08-20,1,0.134782473006189,0.969056074562907,-0.499005392667847,-0.000350190515390529,NA,1,"1"
2019-08-22,9.01196293796614,9.02820632012144,0.914322739054084,10.8926670332516,7.26705933515529,11.7699706167478,6.12180038297177,0.0131319407598437,8.95392856428571,2019-08-21,1,0.13625861350205,0.967177667116078,-0.530660824086869,-0.000336963975424691,NA,1,"1"
2019-08-23,8.86771889460028,8.82140627670398,0.879032195602623,10.651735033106,7.20818442435866,11.6183519133638,6.68465894151415,0.0120374076967122,7.63374997916667,2019-08-22,1,0.140052957741099,0.968036841197772,-0.521686618090857,-0.000366069023403994,NA,1,"1"
2019-08-24,7.60266491088041,7.55788798750604,0.889062266257185,9.42313015550417,5.93169595434256,9.94814444336656,5.06084696350505,0.0144563275374587,8.65999999264706,2019-08-23,1,0.137847192688034,0.967351618984054,-0.51436532045554,-0.000348534638174317,NA,1,"1"
2019-08-25,8.68745386994368,8.6942786198822,0.898282341071359,10.5178475000489,6.99043012987088,11.582997163879,6.01105909566992,0.0128969009105781,7.10468533566434,2019-08-24,1,0.131108893812528,0.968684002610993,-0.468895624681053,-0.000343798450411735,NA,1,"1"
2019-08-26,7.09558985660902,7.12492586255103,0.858095796395865,8.86160191240877,5.47992905900701,9.54249024987744,4.31019090405257,0.014539003355899,6.09847222222222,2019-08-25,1,0.142055908644664,0.966385409821835,-0.510164394997059,-0.000370616851887473,NA,1,"1"
2019-08-27,6.06029017350581,6.00294073775095,0.873614827332842,7.85980172199401,4.44109913619152,8.21533040312271,3.80965035922455,0.0174370374316847,6.08825173426573,2019-08-26,1,0.136216277591622,0.966783580416097,-0.461200121961304,-0.000351748184517241,NA,1,"1"
2019-08-28,6.01505288580065,6.04964937993112,0.908170802638829,7.91833495492078,4.31387265062414,8.57429314375995,2.81345394297737,0.0195432966585159,5.19381944444444,2019-08-27,1,0.14074054393788,0.965922250403464,-0.502349772233424,-0.000356230752328713,NA,1,"1"
2019-08-29,5.16533984450498,5.14673021003543,0.908313413648529,7.08463625965883,3.48187470126291,7.65966467667438,2.0932298895502,0.0228049415405754,4.81145833333333,2019-08-28,1,0.132248316498531,0.968646156601226,-0.45350761908486,-0.000352478228522299,NA,1,"1"
2019-08-30,4.70233490629406,4.78046372775142,0.910631730473451,6.66410894753262,3.00803015291637,7.22195618041814,2.15623763145491,0.025864345403049,4.8236170212766,2019-08-29,1,0.134258610734098,0.967612310990769,-0.447250773763894,-0.00035702981693112,NA,1,"1"
2019-08-31,4.80005919147839,4.87284943093667,0.899023138179546,6.71017426531195,3.1396042323537,7.51009499937278,2.25321976930197,0.0241421940135176,4.47042253521127,2019-08-30,1,0.131598208800079,0.968258575058741,-0.437343866786578,-0.000358212039439844,NA,1,"1"
2019-09-01,4.53614527351356,4.57596558252753,0.908188017421231,6.47589988454914,2.86677991168843,7.57194219455053,1.99762657998271,0.0261467063780713,4.73528169014085,2019-08-31,1,0.13318555686773,0.968110989741447,-0.439588198785354,-0.000362827285824229,NA,1,"1"
2019-09-02,4.7485597766925,4.76285903781527,0.95339340596973,6.77899493680365,3.00105852901759,7.27211825094286,2.27217821640493,0.0273597783731092,4.62034965034965,2019-09-01,1,0.12771382778892,0.969506708183511,-0.41457297129398,-0.000355960208128597,NA,1,"1"
2019-09-03,4.56322943086268,4.58929628340099,0.866938216694326,6.40754790661924,2.96341029450073,7.07203457177005,2.20706270519766,0.0236431457813159,3.88846153846154,2019-09-02,1,0.135932651320812,0.966522509504581,-0.441934623461353,-0.000359763441178321,NA,1,"1"
2019-09-04,3.92057553528764,3.89826925197381,0.912776114986563,5.88862051704206,2.26876829875716,7.3236120925005,1.48446333633619,0.0305802671303614,4.54783216783217,2019-09-03,1,0.132460657467835,0.968332222654792,-0.447104300758586,-0.000356337071280253,NA,1,"1"
2019-09-05,4.47466280933531,4.49983220973294,0.919007334460696,6.43709986750701,2.79199543890035,7.60921634139789,1.92781477950068,0.027053797072544,4.27125,2019-09-04,1,0.13023236487015,0.969393371998605,-0.429129126566871,-0.00036287577454906,NA,1,"1"
2019-09-06,4.17175419695002,4.14954102617223,0.956483574850594,6.23711044122756,2.43414228699964,6.76541364833847,1.67196064067263,0.0316929571044407,3.28111888111888,2019-09-05,1,0.135179885838269,0.968607514531391,-0.466878208936051,-0.000368932887106819,NA,1,"1"
2019-09-07,3.28738576132198,3.26229052745936,0.948158604135346,5.38233384885348,1.60674826495929,5.66568576046899,0.923576699487507,0.0400639352646163,4.71664334965035,2019-09-06,1,0.128477048347763,0.969102983823241,-0.395107270588677,-0.00035807344132347,NA,1,"1"
2019-09-08,4.68448823485277,4.70670801280969,0.902202077899334,6.61298019600178,3.01583918564701,7.31853820005774,1.8381748500924,0.0251268729908529,4.87541667361111,2019-09-07,1,0.127237955357363,0.96959774402828,-0.404030029512568,-0.000357810664703777,NA,1,"1"
2019-09-09,4.88065506858094,4.88756276947791,0.84888293588374,6.65938118366444,3.3167842500403,7.67287865059824,2.23795280912958,0.020776559603918,6.33923077622378,2019-09-08,1,0.133663220421473,0.967687807475126,-0.459187562484802,-0.000353121040154552,NA,1,"1"
2019-09-10,6.30496652321232,6.29251769186054,0.867837457934178,8.11031156023919,4.6745784138887,8.56783246599081,3.85980865825834,0.0169183776012703,5.04404255319149,2019-09-09,1,0.137578064562525,0.967735193897196,-0.483928071463937,-0.000369650894996013,NA,1,"1"
2019-09-11,5.05777982303581,5.09787148834991,0.974710610456715,7.15934575787849,3.24159866233953,7.63499556493877,2.04450381879525,0.0275967772985316,2.94699300699301,2019-09-10,1,0.133159821015801,0.968190638064403,-0.443168449832382,-0.00035402769851342,NA,1,"1"
2019-09-12,2.87049795160712,2.82811652694334,0.891632271510459,4.88013021189846,1.2919121276317,5.51027209161206,0.373658255760887,0.0416822955741638,3.07847222222222,2019-09-11,1,0.137813767608543,0.96726275908822,-0.500782106706524,-0.000360020918381875,NA,1,"1"
2019-09-13,3.07251977027473,3.04421866623698,0.869119211568473,5.02450493595524,1.5057722879256,5.82359698568361,0.624871757102387,0.0372525779824712,3.27381944444444,2019-09-12,1,0.13121454753344,0.968688089927184,-0.415816265935551,-0.000368387597054699,NA,1,"1"
2019-09-14,3.20389527992553,3.20745110725697,0.906693684755846,5.24722186037622,1.56502348495785,5.80600891466854,0.46603646040883,0.0391108764498204,3.71781690140845,2019-09-13,1,0.127052537879638,0.970132199524585,-0.391408398961032,-0.000369286994927303,NA,1,"1"
2019-09-15,3.66081686300579,3.73232763514354,0.959969717847753,5.80080583836561,1.91349771038154,6.01416278070731,0.903467810056075,0.0379712676764199,3.27611111111111,2019-09-14,1,0.130426667037449,0.969443426044518,-0.410547240193248,-0.0003724271060466,NA,1,"1"
2019-09-16,3.30905005578545,3.30094203340012,0.93565934711537,5.38998190182064,1.63498688884092,5.87026668969618,0.791146178709261,0.0393443005507097,2.58929577464789,2019-09-15,1,0.131270322595318,0.968277471864543,-0.424921997712365,-0.000359760131423535,NA,1,"1"
2019-09-17,2.52818237823568,2.54156515890496,0.893437191007225,4.63939369612455,0.942737221212827,5.31874906074263,0.101888417443385,0.0508417160513282,2.19669014084507,2019-09-16,1,0.123481825782904,0.970472614381256,-0.377527461680564,-0.000357184972098256,NA,1,"1"
2019-09-18,2.21235893315686,2.20475646392907,0.885367866359794,4.33290171649651,0.684648565051053,5.26346300321025,0.195581617234233,0.0573270392139656,2.87493055555556,2019-09-17,1,0.128088913212707,0.969704831477709,-0.404716413945353,-0.000367026909639476,NA,1,"1"
2019-09-19,2.86127738521647,2.85392101351334,0.92734551752749,5.04049943052149,1.18391824253953,5.11619213778682,0.248489168435544,0.0485302651469313,3.04159722222222,2019-09-18,1,0.127548024919926,0.969321326862552,-0.375645057574011,-0.000372924576050975,NA,1,"1"
2019-09-20,3.07396517913253,3.02705150439396,0.937303026932287,5.18191545955098,1.41000613650064,5.5689330872313,0.393248768638903,0.0429340610351193,3.95236111111111,2019-09-19,1,0.126564239821819,0.969301919277097,-0.383422771358189,-0.000360666528722842,NA,1,"1"
2019-09-21,3.91533588600403,3.94704834915314,0.937883067425531,5.94778712528902,2.21917833334345,6.73242699947003,1.31580363211762,0.0325196815577672,4.30152777777778,2019-09-20,1,0.130669871241979,0.969148331795216,-0.396471439231537,-0.000375548513470832,NA,1,"1"
2019-09-22,4.25149199940354,4.27336149040518,0.92716134318075,6.24832961475471,2.55717458263603,7.33098444454262,1.40400324736538,0.0292537770229411,4.25055555555556,2019-09-21,1,0.129820155582447,0.96919054065364,-0.421846534490804,-0.000361632333441234,NA,1,"1"
2019-09-23,4.18850432170897,4.17898980234031,0.905159495719954,6.13528973172444,2.53398189795709,6.81421801579957,1.4502954748624,0.0282619020886594,4.47363636363636,2019-09-22,1,0.132615272673645,0.968380024019927,-0.417813047722531,-0.000372700908086441,NA,1,"1"
2019-09-24,4.47663328450753,4.46674032469406,0.917016124295392,6.44888876543792,2.78668104996321,7.32533497275883,1.28143949224575,0.0272987928121649,5.00160839160839,2019-09-23,1,0.135222057518837,0.967630175918399,-0.437498626012623,-0.00037412560867954,NA,1,"1"
2019-09-25,5.0155374431259,5.00028103905933,0.940270808580818,6.98988440899354,3.29669679143218,7.62081284923117,2.45785184512125,0.0247075229283579,5.3423076993007,2019-09-24,1,0.128920999136246,0.969078270919226,-0.384478721362801,-0.000368175455873958,NA,1,"1"
2019-09-26,5.2955798961511,5.2964291569261,0.885171078887143,7.14281013146467,3.66275000878652,8.10013330146465,2.83758348317352,0.0207325659638754,5.61711267605634,2019-09-25,1,0.128852911304546,0.968425293723336,-0.43615132282304,-0.00034799774499451,NA,1,"1"
2019-09-27,5.66201850973592,5.65258549408288,0.957818592672105,7.67846799072839,3.88394750037547,8.63982952631024,2.66484417745002,0.0230512563750802,4.48828571428571,2019-09-26,1,0.130984679182212,0.968125666008533,-0.41772776186124,-0.000361243906204502,NA,1,"1"
2019-09-28,4.46225624140918,4.43362685464737,0.947400265803168,6.47709937268648,2.74215215839799,7.5141659996602,1.86526229156694,0.028501337888505,4.67153846153846,2019-09-27,1,0.132610950175961,0.968505316994517,-0.430787713101475,-0.000366276532185282,NA,1,"1"
2019-09-29,4.69366063112425,4.70352161776912,0.871816328322357,6.54531896369528,3.08218743700328,7.178907505669,1.97733658085204,0.0232259614972411,3.21027777777778,2019-09-28,1,0.12841018669716,0.969238294015888,-0.403403578343368,-0.000362353039790577,NA,1,"1"
2019-09-30,3.19531151532257,3.21232530052886,0.906699867545968,5.19621167974421,1.58432565580732,6.07215651084836,0.435883180588344,0.0377048084299455,2.91804195804196,2019-09-29,1,0.12694446858728,0.969313173766902,-0.383962345201321,-0.000359999824783783,NA,1,"1"
2019-10-01,2.87822156991118,2.89415085272192,0.884060529456855,4.87974768060157,1.30355202470561,5.35680190769645,0.502736031170905,0.0412771340423985,2.3348951048951,2019-09-30,1,0.129224004307977,0.968567858872153,-0.393363735115143,-0.000367463597477262,NA,1,"1"
2019-10-02,2.42503215831842,2.37378598373716,0.84687552969706,4.38296177199278,0.941375125071707,4.84089333099093,0.16687447579879,0.0458622742576563,1.80854166666667,2019-10-01,1,0.124262753007479,0.969998456992075,-0.356882758166704,-0.00036386792208138,NA,1,"1"
2019-10-03,1.81609546691585,1.78204372113947,0.89483736208286,3.99443081650114,0.371092665181853,5.3924759911411,0.0727508797902837,0.070913436322413,2.901,2019-10-02,1,0.121362622312451,0.970329226529148,-0.35762364473647,-0.000354286283483513,NA,1,"1"
2019-10-04,2.90124954166995,2.90346229682541,0.88441660320224,4.93731709595445,1.30274915708686,5.33809073431766,0.260016152060989,0.0423128520837073,2.49993055555556,2019-10-03,1,0.117166611553105,0.972797546392595,-0.329895057314375,-0.000363441632631632,NA,1,"1"
2019-10-05,2.52470413266102,2.49662562779721,0.871161095642024,4.55223136701167,0.985909222613951,5.34393598158434,0.170939971188139,0.047260535018876,3.97291666666667,2019-10-04,1,0.126574240185454,0.969555740338895,-0.389771022843035,-0.000363251535697278,NA,1,"1"
2019-10-06,3.94818920428722,3.99410536885028,0.942188859554819,5.99089698480597,2.24247532252612,7.03724419832402,1.30495049259741,0.032587392241914,3.71965277777778,2019-10-05,1,0.126019750503536,0.969557838055886,-0.373776611291456,-0.000373149498935883,NA,1,"1"
2019-10-07,3.70290539219644,3.7069710855654,0.892342117409289,5.63092169636487,2.0948737843051,6.81489150262559,1.2835454294626,0.0309425982115188,4.55342857142857,2019-10-06,1,0.128808540306484,0.968469735214196,-0.3816767473738,-0.000367143987849008,NA,1,"1"
2019-10-08,4.54692527431466,4.46567320634669,0.945092565003071,6.58010070977336,2.80858934965298,7.12461239732734,1.3442159596994,0.0285110526397572,4.81409722222222,2019-10-07,1,0.12974135703527,0.969234443300173,-0.402449345578897,-0.000377488914809891,NA,1,"1"
2019-10-09,4.74946886997974,4.75117261379956,0.917830016793507,6.69865294730506,3.06217001051224,7.63299986020932,2.08655310950322,0.0253243644711475,4.12517482517482,2019-10-08,1,0.132328315157834,0.968310059384321,-0.414606982478862,-0.000378670961880186,NA,1,"1"
2019-10-10,4.07032229377054,4.08213343991005,0.873712074755452,5.9360469753107,2.4813322132845,6.49084968591079,1.82460974186818,0.0267603034497243,4.42450704225352,2019-10-09,1,0.127137329404976,0.96982343403124,-0.374083303952896,-0.000367756764679939,NA,1,"1"
2019-10-11,4.39562939092371,4.42805890827507,0.92319412305393,6.39680474184404,2.68935701702451,6.84400948999836,1.64827055666892,0.0285171898391155,4.90036496350365,2019-10-10,1,0.12656815950077,0.969547829785267,-0.391649332820512,-0.000365132685015922,NA,1,"1"
2019-10-12,4.85092019393948,4.83662597240672,1.00555683755585,7.0171967276363,2.99830385840115,8.27238600746744,1.6625456948539,0.0303310177001683,3.84260563380282,2019-10-11,1,0.1247855222453,0.96967011908513,-0.354010321043044,-0.000363451275491907,NA,1,"1"
2019-10-13,3.86652586353915,3.86345497491308,0.927646269758317,5.92475485247158,2.15642455016751,5.96670055153387,1.2368789551929,0.033664031175604,4.00979020979021,2019-10-12,1,0.125252739984203,0.97052851071351,-0.380557295768713,-0.000373470637576191,NA,1,"1"
2019-10-14,3.99939159393372,3.99190436720699,0.880584143004088,5.87142924602331,2.4102319564554,7.12363261632325,1.97539651637256,0.027354373039795,4.20416666666667,2019-10-13,1,0.128375317749246,0.968293544081713,-0.377943064501072,-0.000366337991152711,NA,1,"1"
2019-10-15,4.15550520751858,4.12787235886591,0.885653871128313,6.10158965399146,2.50354175002088,7.03122354832432,0.392799030050982,0.0284415714042547,4.65503496503497,2019-10-14,1,0.126400893386892,0.969555297877126,-0.379191586329985,-0.000367716127492715,NA,1,"1"
2019-10-16,4.61825355672988,4.60643574208308,0.891978997746989,6.53150173161755,2.96426646093465,7.31200264061659,1.83172681559037,0.0250706096122024,5.53964788732394,2019-10-15,1,0.130672532982266,0.967834157149371,-0.390077049875297,-0.000370163887669665,NA,1,"1"
2019-10-17,5.52538790839972,5.53872652171318,0.897756132321567,7.40672212937689,3.85764607066866,8.77638317000926,3.1218061259308,0.0206544355799502,4.44265734265734,2019-10-16,1,0.133602704659174,0.967724102495082,-0.410613780413696,-0.000376620233505317,NA,1,"1"
2019-10-18,4.45788512318713,4.42620872927151,0.951668582892876,6.52044476406394,2.70360585387437,6.80291279212008,1.52535255345305,0.029810787155721,4.56832167832168,2019-10-17,1,0.128128772344097,0.969455390147746,-0.362244988008364,-0.000377257180651013,NA,1,"1"
2019-10-19,4.55534960176394,4.55349106585164,0.91307795963756,6.49840089783973,2.88253369570313,7.39737371672586,1.9926909518583,0.0261318281563252,3.564375,2019-10-18,1,0.128962808775716,0.968225812140281,-0.379559463417873,-0.000370337129550922,NA,1,"1"
2019-10-20,3.51781174455742,3.47478939193745,0.897435525153022,5.46623140776405,1.91073277513864,5.84928067314086,1.15845182103421,0.0330077283820239,4.0525,2019-10-19,1,0.128016043944058,0.968914490522446,-0.379668921002455,-0.000370091491238785,NA,1,"1"
2019-10-21,3.99950848011016,3.98788863769187,0.911803531955543,5.97140149004868,2.33948262321515,6.6527187493184,1.35389499624144,0.0301576298000179,4.32090277777778,2019-10-20,1,0.121921745922169,0.970221646450712,-0.338399176575738,-0.000366411324742457,NA,1,"1"
2019-10-22,4.3008698340297,4.20342405613692,0.933880843655104,6.29300242786595,2.60685057256811,6.72179467831832,1.39054815771441,0.0288276319851829,5.4920979020979,2019-10-21,1,0.127657995609642,0.968238887216387,-0.354643627358126,-0.000366503098328297,NA,1,"1"
2019-10-23,5.43615838501961,5.49387081348298,0.897879961319836,7.33804108395862,3.7555788757185,7.65090656273391,2.32644962126935,0.0214000724396014,4.98930555555556,2019-10-22,1,0.123068862984027,0.969860762792221,-0.346670099746153,-0.000361085710216686,NA,1,"1"
2019-10-24,4.95915122004642,4.9670271763793,0.906828496142219,6.8915266773072,3.27460021938072,7.36887919319802,2.11542588231759,0.0239646854259832,4.14140845070423,2019-10-23,1,0.126581739903485,0.968768464486686,-0.359724054787082,-0.000370789743714426,NA,1,"1"
2019-10-25,4.13374423446094,4.11342852468878,0.904487632290544,6.08542284676443,2.47915693755584,6.84755201339135,1.31399096542266,0.0287288026941876,5.16943661971831,2019-10-24,1,0.127311506279936,0.968827910275677,-0.349501548719388,-0.000374004260020931,NA,1,"1"
2019-10-26,5.16972773829139,5.15102890358289,0.914808150064857,7.08588982783529,3.4884862361563,9.56137133102715,2.3949851860184,0.0227168781269157,6.99791666666667,2019-10-25,1,0.123064438398084,0.970048397946052,-0.342548660298099,-0.000369961649092242,NA,1,"1"
2019-10-27,6.99029418958972,7.03359351678218,0.879900328918351,8.81049969007983,5.33166613483792,9.50005944357681,4.82591963181489,0.0156245784304475,8.06395833333333,2019-10-26,1,0.126431648236696,0.969556742819122,-0.351162010992647,-0.000379974187040588,NA,1,"1"
2019-10-28,8.02429810281487,8.01121032317591,0.871752957791438,9.80231957039058,6.38210344318457,10.3566887323442,5.93063744345701,0.0131344854722957,7.52928571428571,2019-10-27,1,0.132805846077547,0.968081406848685,-0.384944134196649,-0.000386904603425647,NA,1,"1"
2019-10-29,7.48327065084053,7.4349324555529,0.917864100392416,9.36360090236622,5.76440701302083,10.2769133605312,5.04129670695517,0.0156138609458754,6.7993006993007,2019-10-28,1,0.133454590172548,0.968281471230891,-0.418827329216441,-0.000384123119808459,NA,1,"1"
2019-10-30,6.70685502181571,6.72618948034897,0.884421279187354,8.53499245283223,5.0480089504434,9.49681277719355,4.15868744802861,0.0163705157874683,5.16468531468531,2019-10-29,1,0.132090791044994,0.968958314155385,-0.386030443381069,-0.000386130434868146,NA,1,"1"
2019-10-31,5.13596286299503,5.18121785840342,0.918232371448778,7.07554599396461,3.43820456014015,8.07650315291604,2.56046554698177,0.0233845198879238,4.28944444444444,2019-10-30,1,0.129037200623142,0.9675237082681,-0.363133965659034,-0.000364448813013545,NA,1,"1"
2019-11-01,4.25974344329586,4.26217018261283,0.871157547296848,6.14394245277914,2.64628101258201,6.87528864466968,1.39694157331008,0.0261802932311778,5.11972027972028,2019-10-31,1,0.120774691582949,0.969908523517359,-0.336483980993363,-0.000352054961717348,NA,1,"1"
2019-11-02,5.13039683040601,5.1145286837788,0.947644111062874,7.13141490168418,3.38617849553536,8.66425619900503,2.39078495017902,0.0248325971739641,3.61236111111111,2019-11-01,1,0.119245861953488,0.969823144090592,-0.336413975997454,-0.000347306933149701,NA,1,"1"
2019-11-03,3.64440374940028,3.64132554842943,0.938195104886116,5.72977248997416,1.93470734315309,6.28908572081759,1.11832029508822,0.0363276063996147,3.73902097902098,2019-11-02,1,0.121309040805109,0.969168562798161,-0.329342288163912,-0.000352973714735552,NA,1,"1"
2019-11-05,3.71007455364473,3.71865463363069,0.864291267374934,5.5867518386493,2.13709541082727,6.06847632327077,1.56583422031033,0.0293676844568302,4.635625,2019-11-04,1,0.120628627999265,0.968750470649971,-0.318600329647202,-0.000344517050473452,NA,1,"1"
2019-11-06,4.61884912003672,4.6019883751872,0.882176922802966,6.49714200910547,2.99090730298089,7.16078096570738,1.97243691725101,0.0242090097534239,4.61070921985816,2019-11-05,1,0.118461432234634,0.969138688411905,-0.293566126712111,-0.000341818197184237,NA,1,"1"
2019-11-07,4.60174486474757,4.56103663486746,0.931040156235748,6.59118001050971,2.8923010262349,7.04473075555405,1.413109616698,0.0270752277335031,5.34412587412587,2019-11-06,1,0.120015304591409,0.969768633895995,-0.330325319442541,-0.000348334830828028,NA,1,"1"
2019-11-08,5.28385204078084,5.29203441834447,0.927064455738004,7.24098850350409,3.56648584119502,8.05659272146007,2.79513488803574,0.0231858429532732,5.51440559440559,2019-11-07,1,0.124113174508781,0.968245643375362,-0.352589935169854,-0.000353979338507751,NA,1,"1"
2019-11-09,5.40232693235691,5.38917453889395,0.930635581584439,7.36661897853409,3.67468080427043,7.94788982213005,2.53676916908293,0.0228837180248629,5.99402777777778,2019-11-08,1,0.120795052061731,0.96957002822089,-0.334854688001488,-0.000353602450660671,NA,1,"1"
2019-11-10,6.01350698793746,6.06660298459712,0.932634354250185,7.97875987956584,4.26314916860408,9.37778767521095,3.00882561789136,0.020780405928857,5.41160839160839,2019-11-09,1,0.122787255797812,0.969080074416218,-0.342857015245361,-0.000357055794460652,NA,1,"1"
2019-11-11,5.40913285597757,5.41418921392035,0.873373051370333,7.2374364628208,3.78705215123439,7.98244141406391,3.25271286201595,0.0199418049548517,6.32825174825175,2019-11-10,1,0.124127421480421,0.968684479781106,-0.356593726942382,-0.000357437774369488,NA,1,"1"
2019-11-12,6.24641115749195,6.18857566376723,0.956272745729304,8.22356057134589,4.47923470154221,9.09259515692786,3.44242062787184,0.0203044362661882,7.00352112676056,2019-11-11,1,0.126680986703104,0.967483671146312,-0.344262171606304,-0.000356389942326341,NA,1,"1"
2019-11-13,6.96210608718498,6.9720984167924,0.895510602935518,8.80551340177978,5.28487779303421,9.62018831848133,4.56975635220151,0.0160695518273496,7.51541666666667,2019-11-12,1,0.123939136761706,0.968160671405933,-0.34385616213956,-0.000352478674249037,NA,1,"1"
2019-11-14,7.47217253510536,7.47891236013413,0.853772707910209,9.22514412771904,5.86045598020047,9.94228748551347,4.79613062276057,0.0136593966149912,6.5165034965035,2019-11-13,1,0.126684343209669,0.967713602048494,-0.348669688671395,-0.000359163351236264,NA,1,"1"
2019-11-21,6.96581287977604,6.93276133287925,0.870340949798256,8.74335577414958,5.34314713626253,9.6218182138585,4.06877034295294,0.0149766582807351,6.8328169084507,2019-11-20,1,0.120618150165436,0.968894973240258,-0.303827882207427,-0.000355730020227015,NA,1,"1"
2019-11-22,6.8049133083088,6.74534408000902,0.886929059119533,8.62034602520887,5.15429449132908,9.25344882269464,4.48371829373602,0.0159375443395984,7.24041667361111,2019-11-21,1,0.122232218133803,0.968381605524119,-0.322334079145515,-0.000349762265208107,NA,1,"1"
2019-11-23,7.1762635988366,7.16831621428553,0.972898592594227,9.17557996146307,5.36579322937523,9.88868843565174,4.62469647097128,0.0182614536205907,7.23098592253521,2019-11-22,1,0.121846567054929,0.968235806564472,-0.322596594730165,-0.000343930016991272,NA,1,"1"
2019-11-24,7.20837332676422,7.23462293253978,0.867694865909661,8.98714216552999,5.57983597794824,10.0701703425749,4.44751150783904,0.014527421737097,6.76722221527778,2019-11-23,1,0.123971761383782,0.96808221928376,-0.360017781610713,-0.000350889961767299,NA,1,"1"
2019-11-25,6.74997500316435,6.77736271621428,0.935891873798126,8.70724949874048,4.98452536835928,9.76981829533655,3.09195032758469,0.0185495108449799,6.64307693006993,2019-11-24,1,0.119915057731876,0.969417913686038,-0.322561867942862,-0.000350705323918714,NA,1,"1"
2019-11-26,6.70348222439906,6.74636642215007,0.958197723181977,8.68645085496471,4.91844185938125,9.61163950440046,4.19794001002912,0.0191397115762269,6.09755244755245,2019-11-25,1,0.124676964398111,0.967322929097472,-0.349000564742378,-0.000347391159337223,NA,1,"1"
2019-11-27,6.06676118234991,6.05028619429863,0.898313315338591,7.93325855885843,4.39345036457046,8.38187531205351,3.54010116205902,0.0186811873697959,6.97699300699301,2019-11-26,1,0.12008757066144,0.968572437757909,-0.324319971745585,-0.000343207380004289,NA,1,"1"
2019-11-28,6.91672321883727,6.9051552233264,0.88629338038284,8.75018707539809,5.24871875916525,9.75103518616176,4.14619766014868,0.0159999640539579,6.99153844755245,2019-11-27,1,0.118915232689162,0.96859205634629,-0.321473439489334,-0.000339524945758683,NA,1,"1"
2019-11-29,7.00829548246455,6.9362976317593,0.902229409059086,8.85852898499493,5.32440436466312,9.40144132958163,4.63584775707262,0.0160853491935639,8.66036763970588,2019-11-28,1,0.119534209061767,0.968577667301188,-0.304999256117538,-0.000340221477963498,NA,1,"1"
2019-11-30,8.57842352894478,8.62501697422085,0.906032397686438,10.4398670050217,6.85639992462153,11.1983040648022,5.00470663844326,0.0134819356193251,7.36314686013986,2019-11-29,1,0.120408235306716,0.968201937839965,-0.291529062005303,-0.000347225693781692,NA,1,"1"
2019-12-01,7.35988654780061,7.42636406131718,0.887536132469899,9.18853103888756,5.68665558068725,10.2310179993633,4.93197996379556,0.0150285256916997,6.97928056834532,2019-11-30,1,0.122898477736579,0.968639383525592,-0.322307367470921,-0.000358789587998163,NA,1,"1"
2019-12-02,6.97445491955152,6.98102899752751,0.920658317662416,8.88449221337638,5.24203022211657,9.32230652021942,4.42245830338288,0.0171751814112969,7.4562936993007,2019-12-01,1,0.120271662072189,0.968484815405328,-0.324059427665995,-0.000341353843027566,NA,1,"1"
2019-12-03,7.42566224079296,7.46175997082197,0.910417574144609,9.30734086106417,5.70683681769872,9.96508137702635,4.58481637640188,0.0157479439058692,6.5587323943662,2019-12-02,1,0.117583144885816,0.969504672409076,-0.31827475093859,-0.000344731948887446,NA,1,"1"
2019-12-04,6.56115888587688,6.62107724951712,0.892231441182643,8.42867237664881,4.87360758026171,8.93776373848754,3.75736627835598,0.0174023872183904,8.07999999295775,2019-12-03,1,0.117555008412127,0.968583645888414,-0.321273525841153,-0.000331143826517218,NA,1,"1"
2019-12-05,8.08691652242005,8.17591751803629,0.976239591914591,10.1006798396461,6.24459273973987,10.4791287365087,5.32806199440563,0.0165782448246453,7.19291670138889,2019-12-04,1,0.119303226628066,0.968038334710428,-0.309310681519949,-0.00033550970066357,NA,1,"1"
2019-12-06,7.07577680463836,7.06996825204499,0.911253762939298,8.94973626689644,5.37077722908799,10.1029554375654,4.28722891506572,0.0163384622736245,7.0372028041958,2019-12-05,1,0.120109136982866,0.968373763576269,-0.322734771460323,-0.000339262804366983,NA,1,"1"
2019-12-07,7.02249309590666,7.02050041126326,0.953612430748521,9.00201436054756,5.23198429173873,10.5486790863894,4.32572324067613,0.0182775510498831,8.78288731690141,2019-12-06,1,0.122544901833907,0.967085536453046,-0.337015149897621,-0.000337617409960516,NA,1,"1"
2019-12-08,8.81306744695422,8.78863306962901,0.859544492860028,10.5594983806055,7.18678403029011,11.076211894678,6.43151894192233,0.0116182942106252,7.021831,2019-12-07,1,0.120525279639219,0.96718714665899,-0.308999565570588,-0.000335513665249801,NA,1,"1"
2019-12-09,6.99939793147874,7.00486522132265,0.901056085123536,8.86013026556723,5.30702379247558,9.83355973682198,3.81292394677613,0.016280278546918,7.15493054861111,2019-12-08,1,0.121717631793727,0.967937194761274,-0.326474447173881,-0.00034531033105689,NA,1,"1"
2019-12-10,7.08775029935194,7.08506481901072,0.955275147606245,9.06095117465502,5.30081175878694,10.1309428445844,4.42652716379293,0.0180116132202427,8.67388890972222,2019-12-09,1,0.118815432474316,0.968241451079863,-0.322639953318291,-0.000335375106408292,NA,1,"1"
2019-12-11,8.72842508908484,8.73554442532846,0.918744629811437,10.6026366494924,6.99321297976547,11.2522089655911,6.21662006574267,0.0134412808383818,7.85770834027778,2019-12-10,1,0.119851264143752,0.96677488379446,-0.305107197584397,-0.000324576480272592,NA,1,"1"
2019-12-12,7.76448298373295,7.80122959535218,0.856169274527693,9.52286331759022,6.14320084633684,10.1644204571601,4.94547208205879,0.0132574290520072,7.7795105034965,2019-12-11,1,0.117875095011405,0.969201790616926,-0.306566723157372,-0.000342985082532976,NA,1,"1"
2019-12-13,7.81315521286134,7.80704123045346,0.947295739285504,9.76653848002156,6.02670753253364,10.6424990715078,5.10784514238435,0.0161427119817307,7.55133802816901,2019-12-12,1,0.123369680672254,0.967091854905044,-0.311114231959378,-0.000348378632864606,NA,1,"1"
2019-12-14,7.57820823952233,7.67245955153334,0.881758302131982,9.39978265000888,5.90675532708749,9.8340403320724,4.80580466794732,0.0145167854937137,8.41833332638889,2019-12-13,1,0.119166062200349,0.967753749208931,-0.286090514751543,-0.000340125873200922,NA,1,"1"
2019-12-15,8.26632198389601,8.29132304746851,0.98050092545257,10.2832005018003,6.41792414547091,11.1019225626929,5.30942013472568,0.016292122817695,7.52174827272727,2019-12-14,1,0.117932618756884,0.968042250556903,-0.314123944113628,-0.000329534295850306,NA,1,"1"
2019-12-16,7.49818984497156,7.5115259874937,0.886428180100001,9.32109887025169,5.8271066126565,9.70650976937104,5.00672869784996,0.0146815912277111,7.80608391608392,2019-12-15,1,0.118823210352401,0.967914562450144,-0.283560720462088,-0.000335416732862047,NA,1,"1"
2019-12-17,7.81783708169964,7.80357913496128,0.898498147602668,9.65944272408771,6.12516971156827,10.5440330286518,5.00625515439941,0.0144023672706084,7.89243054166667,2019-12-16,1,0.118085583110934,0.96834324148528,-0.308494561136526,-0.000336878027216869,NA,1,"1"
2019-12-18,7.86281627259799,7.83238512011744,0.87960603907478,9.66475652190014,6.20292588231337,10.8090092923589,4.98265379866158,0.0137362560294954,8.36388889583333,2019-12-17,1,0.118513184989967,0.967559830941327,-0.27456385714287,-0.000336181481118546,NA,1,"1"
2019-12-19,8.33731589165532,8.2795628384854,0.93795465188541,10.2571813861176,6.56944102393721,11.1311762377436,5.78232845037061,0.0146975306943749,7.33486113194444,2019-12-18,1,0.123328495370746,0.966407893402653,-0.323439560976975,-0.000336838643450685,NA,1,"1"
2019-12-20,7.28739416851829,7.2871557149687,0.960514303093787,9.27672314070023,5.48247256031819,10.1508183707297,4.58094933849343,0.0178322370954708,6.97861111111111,2019-12-19,1,0.119133200705266,0.967685513575822,-0.320320238087135,-0.000334266899995444,NA,1,"1"
2019-12-21,7.01052982021306,6.92373824811827,0.954392868911545,8.96485551410146,5.24092041608656,10.2395878020151,4.41123873385847,0.0178621102937851,6.40076388194444,2019-12-20,1,0.118594892519994,0.968107632478136,-0.305009655572291,-0.00033940873244827,NA,1,"1"
2019-12-22,6.36590953185619,6.37146014352763,0.972926891064192,8.39956148772821,4.55003189383707,9.50628323144804,3.19569533652565,0.0210588296768877,7.44347223611111,2019-12-21,1,0.119060164816861,0.967415109422775,-0.291039681337242,-0.000334693879938482,NA,1,"1"
2019-12-23,7.43022295798854,7.39142665968526,0.930811600489573,9.34766352439551,5.68154454644962,10.040897970042,4.98356348016885,0.0163193415564805,8.79729165277778,2019-12-22,1,0.114645192121974,0.968678111038562,-0.262267714701875,-0.000326864507214925,NA,1,"1"
