"forecast_date","exo_chl_ugL","exo_chl_ugL_pluserror","day_1_lag","day_2_lag","day_3_lag","day_4_lag","day_5_lag","day_6_lag","day_7_lag","day_8_lag","day_9_lag","day_10_lag","day_11_lag","day_12_lag","day_13_lag","day_14_lag","day_15_lag","day_16_lag"
2019-01-01,10.2520138958333,10.4320070399986,NA,NA,NA,NA,NA,NA,NA,NA,NA,NA,NA,NA,NA,NA,NA,NA
2019-01-02,9.33128787121212,9.51128101537736,10.4320070399986,NA,NA,NA,NA,NA,NA,NA,NA,NA,NA,NA,NA,NA,NA,NA
2019-01-03,9.30500002816901,9.48499317233425,9.51128101537736,10.4320070399986,NA,NA,NA,NA,NA,NA,NA,NA,NA,NA,NA,NA,NA,NA
2019-01-04,11.4123610972222,11.5923542413875,9.48499317233425,9.51128101537736,10.4320070399986,NA,NA,NA,NA,NA,NA,NA,NA,NA,NA,NA,NA,NA
2019-01-05,10.1525873916084,10.3325805357736,11.5923542413875,9.48499317233425,9.51128101537736,10.4320070399986,NA,NA,NA,NA,NA,NA,NA,NA,NA,NA,NA,NA
2019-01-06,9.57854164583333,9.75853478999857,10.3325805357736,11.5923542413875,9.48499317233425,9.51128101537736,10.4320070399986,NA,NA,NA,NA,NA,NA,NA,NA,NA,NA,NA
2019-01-07,8.06215278472222,8.24214592888746,9.75853478999857,10.3325805357736,11.5923542413875,9.48499317233425,9.51128101537736,10.4320070399986,NA,NA,NA,NA,NA,NA,NA,NA,NA,NA
2019-01-08,7.47105633098592,7.65104947515115,8.24214592888746,9.75853478999857,10.3325805357736,11.5923542413875,9.48499317233425,9.51128101537736,10.4320070399986,NA,NA,NA,NA,NA,NA,NA,NA,NA
2019-01-09,7.01000002083333,7.18999316499857,7.65104947515115,8.24214592888746,9.75853478999857,10.3325805357736,11.5923542413875,9.48499317233425,9.51128101537736,10.4320070399986,NA,NA,NA,NA,NA,NA,NA,NA
2019-01-10,7.42601396503497,7.6060071092002,7.18999316499857,7.65104947515115,8.24214592888746,9.75853478999857,10.3325805357736,11.5923542413875,9.48499317233425,9.51128101537736,10.4320070399986,NA,NA,NA,NA,NA,NA,NA
2019-01-11,6.60715277777778,6.78714592194301,7.6060071092002,7.18999316499857,7.65104947515115,8.24214592888746,9.75853478999857,10.3325805357736,11.5923542413875,9.48499317233425,9.51128101537736,10.4320070399986,NA,NA,NA,NA,NA,NA
2019-01-12,7.69055946153846,7.8705526057037,6.78714592194301,7.6060071092002,7.18999316499857,7.65104947515115,8.24214592888746,9.75853478999857,10.3325805357736,11.5923542413875,9.48499317233425,9.51128101537736,10.4320070399986,NA,NA,NA,NA,NA
2019-01-13,8.87475172340426,9.05474486756949,7.8705526057037,6.78714592194301,7.6060071092002,7.18999316499857,7.65104947515115,8.24214592888746,9.75853478999857,10.3325805357736,11.5923542413875,9.48499317233425,9.51128101537736,10.4320070399986,NA,NA,NA,NA
2019-01-14,8.91666665972222,9.09665980388746,9.05474486756949,7.8705526057037,6.78714592194301,7.6060071092002,7.18999316499857,7.65104947515115,8.24214592888746,9.75853478999857,10.3325805357736,11.5923542413875,9.48499317233425,9.51128101537736,10.4320070399986,NA,NA,NA
2019-01-15,8.1734266013986,8.35341974556384,9.09665980388746,9.05474486756949,7.8705526057037,6.78714592194301,7.6060071092002,7.18999316499857,7.65104947515115,8.24214592888746,9.75853478999857,10.3325805357736,11.5923542413875,9.48499317233425,9.51128101537736,10.4320070399986,NA,NA
2019-01-16,7.53433567832168,7.71432882248691,8.35341974556384,9.09665980388746,9.05474486756949,7.8705526057037,6.78714592194301,7.6060071092002,7.18999316499857,7.65104947515115,8.24214592888746,9.75853478999857,10.3325805357736,11.5923542413875,9.48499317233425,9.51128101537736,10.4320070399986,NA
2019-01-17,8.49780141843972,8.67779456260495,7.71432882248691,8.35341974556384,9.09665980388746,9.05474486756949,7.8705526057037,6.78714592194301,7.6060071092002,7.18999316499857,7.65104947515115,8.24214592888746,9.75853478999857,10.3325805357736,11.5923542413875,9.48499317233425,9.51128101537736,10.4320070399986
2019-01-18,8.23583335416667,8.4158264983319,8.67779456260495,7.71432882248691,8.35341974556384,9.09665980388746,9.05474486756949,7.8705526057037,6.78714592194301,7.6060071092002,7.18999316499857,7.65104947515115,8.24214592888746,9.75853478999857,10.3325805357736,11.5923542413875,9.48499317233425,9.51128101537736
2019-01-19,9.82791666666667,10.0079098108319,8.4158264983319,8.67779456260495,7.71432882248691,8.35341974556384,9.09665980388746,9.05474486756949,7.8705526057037,6.78714592194301,7.6060071092002,7.18999316499857,7.65104947515115,8.24214592888746,9.75853478999857,10.3325805357736,11.5923542413875,9.48499317233425
2019-01-20,8.95243052083333,9.13242366499857,10.0079098108319,8.4158264983319,8.67779456260495,7.71432882248691,8.35341974556384,9.09665980388746,9.05474486756949,7.8705526057037,6.78714592194301,7.6060071092002,7.18999316499857,7.65104947515115,8.24214592888746,9.75853478999857,10.3325805357736,11.5923542413875
2019-01-21,7.74531471328671,7.92530785745195,9.13242366499857,10.0079098108319,8.4158264983319,8.67779456260495,7.71432882248691,8.35341974556384,9.09665980388746,9.05474486756949,7.8705526057037,6.78714592194301,7.6060071092002,7.18999316499857,7.65104947515115,8.24214592888746,9.75853478999857,10.3325805357736
2019-01-22,7.48736109027778,7.66735423444301,7.92530785745195,9.13242366499857,10.0079098108319,8.4158264983319,8.67779456260495,7.71432882248691,8.35341974556384,9.09665980388746,9.05474486756949,7.8705526057037,6.78714592194301,7.6060071092002,7.18999316499857,7.65104947515115,8.24214592888746,9.75853478999857
2019-01-23,9.48034724305556,9.66034038722079,7.66735423444301,7.92530785745195,9.13242366499857,10.0079098108319,8.4158264983319,8.67779456260495,7.71432882248691,8.35341974556384,9.09665980388746,9.05474486756949,7.8705526057037,6.78714592194301,7.6060071092002,7.18999316499857,7.65104947515115,8.24214592888746
2019-01-24,9.14521128169014,9.32520442585538,9.66034038722079,7.66735423444301,7.92530785745195,9.13242366499857,10.0079098108319,8.4158264983319,8.67779456260495,7.71432882248691,8.35341974556384,9.09665980388746,9.05474486756949,7.8705526057037,6.78714592194301,7.6060071092002,7.18999316499857,7.65104947515115
2019-01-25,7.87972222222222,8.05971536638746,9.32520442585538,9.66034038722079,7.66735423444301,7.92530785745195,9.13242366499857,10.0079098108319,8.4158264983319,8.67779456260495,7.71432882248691,8.35341974556384,9.09665980388746,9.05474486756949,7.8705526057037,6.78714592194301,7.6060071092002,7.18999316499857
2019-01-26,7.82555554861111,8.00554869277635,8.05971536638746,9.32520442585538,9.66034038722079,7.66735423444301,7.92530785745195,9.13242366499857,10.0079098108319,8.4158264983319,8.67779456260495,7.71432882248691,8.35341974556384,9.09665980388746,9.05474486756949,7.8705526057037,6.78714592194301,7.6060071092002
2019-01-27,9.06244754545455,9.24244068961978,8.00554869277635,8.05971536638746,9.32520442585538,9.66034038722079,7.66735423444301,7.92530785745195,9.13242366499857,10.0079098108319,8.4158264983319,8.67779456260495,7.71432882248691,8.35341974556384,9.09665980388746,9.05474486756949,7.8705526057037,6.78714592194301
2019-01-28,8.73293706993007,8.91293021409531,9.24244068961978,8.00554869277635,8.05971536638746,9.32520442585538,9.66034038722079,7.66735423444301,7.92530785745195,9.13242366499857,10.0079098108319,8.4158264983319,8.67779456260495,7.71432882248691,8.35341974556384,9.09665980388746,9.05474486756949,7.8705526057037
2019-01-29,10.3911805486111,10.5711736927763,8.91293021409531,9.24244068961978,8.00554869277635,8.05971536638746,9.32520442585538,9.66034038722079,7.66735423444301,7.92530785745195,9.13242366499857,10.0079098108319,8.4158264983319,8.67779456260495,7.71432882248691,8.35341974556384,9.09665980388746,9.05474486756949
2019-01-30,9.83583330555556,10.0158264497208,10.5711736927763,8.91293021409531,9.24244068961978,8.00554869277635,8.05971536638746,9.32520442585538,9.66034038722079,7.66735423444301,7.92530785745195,9.13242366499857,10.0079098108319,8.4158264983319,8.67779456260495,7.71432882248691,8.35341974556384,9.09665980388746
2019-01-31,8.36407141428571,8.54406455845095,10.0158264497208,10.5711736927763,8.91293021409531,9.24244068961978,8.00554869277635,8.05971536638746,9.32520442585538,9.66034038722079,7.66735423444301,7.92530785745195,9.13242366499857,10.0079098108319,8.4158264983319,8.67779456260495,7.71432882248691,8.35341974556384
2019-02-01,9.16000003521127,9.3399931793765,8.54406455845095,10.0158264497208,10.5711736927763,8.91293021409531,9.24244068961978,8.00554869277635,8.05971536638746,9.32520442585538,9.66034038722079,7.66735423444301,7.92530785745195,9.13242366499857,10.0079098108319,8.4158264983319,8.67779456260495,7.71432882248691
2019-02-02,9.58270834722222,9.76270149138746,9.3399931793765,8.54406455845095,10.0158264497208,10.5711736927763,8.91293021409531,9.24244068961978,8.00554869277635,8.05971536638746,9.32520442585538,9.66034038722079,7.66735423444301,7.92530785745195,9.13242366499857,10.0079098108319,8.4158264983319,8.67779456260495
2019-02-03,7.97790206293706,8.1578952071023,9.76270149138746,9.3399931793765,8.54406455845095,10.0158264497208,10.5711736927763,8.91293021409531,9.24244068961978,8.00554869277635,8.05971536638746,9.32520442585538,9.66034038722079,7.66735423444301,7.92530785745195,9.13242366499857,10.0079098108319,8.4158264983319
2019-02-04,8.72694445833333,8.90693760249857,8.1578952071023,9.76270149138746,9.3399931793765,8.54406455845095,10.0158264497208,10.5711736927763,8.91293021409531,9.24244068961978,8.00554869277635,8.05971536638746,9.32520442585538,9.66034038722079,7.66735423444301,7.92530785745195,9.13242366499857,10.0079098108319
2019-02-05,7.70027972727273,7.88027287143796,8.90693760249857,8.1578952071023,9.76270149138746,9.3399931793765,8.54406455845095,10.0158264497208,10.5711736927763,8.91293021409531,9.24244068961978,8.00554869277635,8.05971536638746,9.32520442585538,9.66034038722079,7.66735423444301,7.92530785745195,9.13242366499857
2019-02-06,8.66993057638889,8.84992372055413,7.88027287143796,8.90693760249857,8.1578952071023,9.76270149138746,9.3399931793765,8.54406455845095,10.0158264497208,10.5711736927763,8.91293021409531,9.24244068961978,8.00554869277635,8.05971536638746,9.32520442585538,9.66034038722079,7.66735423444301,7.92530785745195
2019-02-07,9.34340277083333,9.52339591499857,8.84992372055413,7.88027287143796,8.90693760249857,8.1578952071023,9.76270149138746,9.3399931793765,8.54406455845095,10.0158264497208,10.5711736927763,8.91293021409531,9.24244068961978,8.00554869277635,8.05971536638746,9.32520442585538,9.66034038722079,7.66735423444301
2019-02-08,7.61013986713287,7.7901330112981,9.52339591499857,8.84992372055413,7.88027287143796,8.90693760249857,8.1578952071023,9.76270149138746,9.3399931793765,8.54406455845095,10.0158264497208,10.5711736927763,8.91293021409531,9.24244068961978,8.00554869277635,8.05971536638746,9.32520442585538,9.66034038722079
2019-02-09,7.52664336363636,7.7066365078016,7.7901330112981,9.52339591499857,8.84992372055413,7.88027287143796,8.90693760249857,8.1578952071023,9.76270149138746,9.3399931793765,8.54406455845095,10.0158264497208,10.5711736927763,8.91293021409531,9.24244068961978,8.00554869277635,8.05971536638746,9.32520442585538
2019-02-10,8.43251752447553,8.61251066864076,7.7066365078016,7.7901330112981,9.52339591499857,8.84992372055413,7.88027287143796,8.90693760249857,8.1578952071023,9.76270149138746,9.3399931793765,8.54406455845095,10.0158264497208,10.5711736927763,8.91293021409531,9.24244068961978,8.00554869277635,8.05971536638746
2019-02-11,9.01076393055556,9.19075707472079,8.61251066864076,7.7066365078016,7.7901330112981,9.52339591499857,8.84992372055413,7.88027287143796,8.90693760249857,8.1578952071023,9.76270149138746,9.3399931793765,8.54406455845095,10.0158264497208,10.5711736927763,8.91293021409531,9.24244068961978,8.00554869277635
2019-02-12,9.22300696503497,9.4030001092002,9.19075707472079,8.61251066864076,7.7066365078016,7.7901330112981,9.52339591499857,8.84992372055413,7.88027287143796,8.90693760249857,8.1578952071023,9.76270149138746,9.3399931793765,8.54406455845095,10.0158264497208,10.5711736927763,8.91293021409531,9.24244068961978
2019-02-13,7.45562499305556,7.63561813722079,9.4030001092002,9.19075707472079,8.61251066864076,7.7066365078016,7.7901330112981,9.52339591499857,8.84992372055413,7.88027287143796,8.90693760249857,8.1578952071023,9.76270149138746,9.3399931793765,8.54406455845095,10.0158264497208,10.5711736927763,8.91293021409531
2019-02-14,7.61580418881119,7.79579733297642,7.63561813722079,9.4030001092002,9.19075707472079,8.61251066864076,7.7066365078016,7.7901330112981,9.52339591499857,8.84992372055413,7.88027287143796,8.90693760249857,8.1578952071023,9.76270149138746,9.3399931793765,8.54406455845095,10.0158264497208,10.5711736927763
2019-02-15,8.48153844055944,8.66153158472468,7.79579733297642,7.63561813722079,9.4030001092002,9.19075707472079,8.61251066864076,7.7066365078016,7.7901330112981,9.52339591499857,8.84992372055413,7.88027287143796,8.90693760249857,8.1578952071023,9.76270149138746,9.3399931793765,8.54406455845095,10.0158264497208
2019-02-16,7.23437499305556,7.41436813722079,8.66153158472468,7.79579733297642,7.63561813722079,9.4030001092002,9.19075707472079,8.61251066864076,7.7066365078016,7.7901330112981,9.52339591499857,8.84992372055413,7.88027287143796,8.90693760249857,8.1578952071023,9.76270149138746,9.3399931793765,8.54406455845095
2019-02-17,8.20380283802817,8.3837959821934,7.41436813722079,8.66153158472468,7.79579733297642,7.63561813722079,9.4030001092002,9.19075707472079,8.61251066864076,7.7066365078016,7.7901330112981,9.52339591499857,8.84992372055413,7.88027287143796,8.90693760249857,8.1578952071023,9.76270149138746,9.3399931793765
2019-02-18,7.62657344755245,7.80656659171768,8.3837959821934,7.41436813722079,8.66153158472468,7.79579733297642,7.63561813722079,9.4030001092002,9.19075707472079,8.61251066864076,7.7066365078016,7.7901330112981,9.52339591499857,8.84992372055413,7.88027287143796,8.90693760249857,8.1578952071023,9.76270149138746
2019-02-19,7.04305555555556,7.22304869972079,7.80656659171768,8.3837959821934,7.41436813722079,8.66153158472468,7.79579733297642,7.63561813722079,9.4030001092002,9.19075707472079,8.61251066864076,7.7066365078016,7.7901330112981,9.52339591499857,8.84992372055413,7.88027287143796,8.90693760249857,8.1578952071023
2019-02-20,9.19312502083333,9.37311816499857,7.22304869972079,7.80656659171768,8.3837959821934,7.41436813722079,8.66153158472468,7.79579733297642,7.63561813722079,9.4030001092002,9.19075707472079,8.61251066864076,7.7066365078016,7.7901330112981,9.52339591499857,8.84992372055413,7.88027287143796,8.90693760249857
2019-02-21,7.73167833566434,7.91167147982957,9.37311816499857,7.22304869972079,7.80656659171768,8.3837959821934,7.41436813722079,8.66153158472468,7.79579733297642,7.63561813722079,9.4030001092002,9.19075707472079,8.61251066864076,7.7066365078016,7.7901330112981,9.52339591499857,8.84992372055413,7.88027287143796
2019-02-22,8.26624997916667,8.4462431233319,7.91167147982957,9.37311816499857,7.22304869972079,7.80656659171768,8.3837959821934,7.41436813722079,8.66153158472468,7.79579733297642,7.63561813722079,9.4030001092002,9.19075707472079,8.61251066864076,7.7066365078016,7.7901330112981,9.52339591499857,8.84992372055413
2019-02-23,11.091048979021,11.2710421231862,8.4462431233319,7.91167147982957,9.37311816499857,7.22304869972079,7.80656659171768,8.3837959821934,7.41436813722079,8.66153158472468,7.79579733297642,7.63561813722079,9.4030001092002,9.19075707472079,8.61251066864076,7.7066365078016,7.7901330112981,9.52339591499857
2019-02-24,8.86209790909091,9.04209105325615,11.2710421231862,8.4462431233319,7.91167147982957,9.37311816499857,7.22304869972079,7.80656659171768,8.3837959821934,7.41436813722079,8.66153158472468,7.79579733297642,7.63561813722079,9.4030001092002,9.19075707472079,8.61251066864076,7.7066365078016,7.7901330112981
2019-02-25,7.8144444375,7.99443758166523,9.04209105325615,11.2710421231862,8.4462431233319,7.91167147982957,9.37311816499857,7.22304869972079,7.80656659171768,8.3837959821934,7.41436813722079,8.66153158472468,7.79579733297642,7.63561813722079,9.4030001092002,9.19075707472079,8.61251066864076,7.7066365078016
2019-02-26,9.38749998611111,9.56749313027635,7.99443758166523,9.04209105325615,11.2710421231862,8.4462431233319,7.91167147982957,9.37311816499857,7.22304869972079,7.80656659171768,8.3837959821934,7.41436813722079,8.66153158472468,7.79579733297642,7.63561813722079,9.4030001092002,9.19075707472079,8.61251066864076
2019-02-27,8.57861108333333,8.75860422749857,9.56749313027635,7.99443758166523,9.04209105325615,11.2710421231862,8.4462431233319,7.91167147982957,9.37311816499857,7.22304869972079,7.80656659171768,8.3837959821934,7.41436813722079,8.66153158472468,7.79579733297642,7.63561813722079,9.4030001092002,9.19075707472079
2019-03-21,2.65188811188811,2.83188125605335,3.69249314416524,3.55901412318621,3.4791598108319,2.94742369972079,2.45684629101838,2.01006258860968,1.30006356670045,1.11596536638746,1.05719594136803,0.966753707545517,0.820132033054124,0.669433703605795,0.635757033054124,0.639368144165235,0.636520921943013,0.608465366387458
2019-03-22,3.15375,3.33374314416524,2.83188125605335,3.69249314416524,3.55901412318621,3.4791598108319,2.94742369972079,2.45684629101838,2.01006258860968,1.30006356670045,1.11596536638746,1.05719594136803,0.966753707545517,0.820132033054124,0.669433703605795,0.635757033054124,0.639368144165235,0.636520921943013
2019-03-23,2.85875,3.03874314416524,3.33374314416524,2.83188125605335,3.69249314416524,3.55901412318621,3.4791598108319,2.94742369972079,2.45684629101838,2.01006258860968,1.30006356670045,1.11596536638746,1.05719594136803,0.966753707545517,0.820132033054124,0.669433703605795,0.635757033054124,0.639368144165235
2019-03-24,3.62014184397163,3.80013498813687,3.03874314416524,3.33374314416524,2.83188125605335,3.69249314416524,3.55901412318621,3.4791598108319,2.94742369972079,2.45684629101838,2.01006258860968,1.30006356670045,1.11596536638746,1.05719594136803,0.966753707545517,0.820132033054124,0.669433703605795,0.635757033054124
2019-03-25,3.7193006993007,3.89929384346593,3.80013498813687,3.03874314416524,3.33374314416524,2.83188125605335,3.69249314416524,3.55901412318621,3.4791598108319,2.94742369972079,2.45684629101838,2.01006258860968,1.30006356670045,1.11596536638746,1.05719594136803,0.966753707545517,0.820132033054124,0.669433703605795
2019-03-26,3.92748251748252,4.10747566164775,3.89929384346593,3.80013498813687,3.03874314416524,3.33374314416524,2.83188125605335,3.69249314416524,3.55901412318621,3.4791598108319,2.94742369972079,2.45684629101838,2.01006258860968,1.30006356670045,1.11596536638746,1.05719594136803,0.966753707545517,0.820132033054124
2019-03-27,4.2812676056338,4.46126074979904,4.10747566164775,3.89929384346593,3.80013498813687,3.03874314416524,3.33374314416524,2.83188125605335,3.69249314416524,3.55901412318621,3.4791598108319,2.94742369972079,2.45684629101838,2.01006258860968,1.30006356670045,1.11596536638746,1.05719594136803,0.966753707545517
2019-03-28,3.77601398601399,3.95600713017922,4.46126074979904,4.10747566164775,3.89929384346593,3.80013498813687,3.03874314416524,3.33374314416524,2.83188125605335,3.69249314416524,3.55901412318621,3.4791598108319,2.94742369972079,2.45684629101838,2.01006258860968,1.30006356670045,1.11596536638746,1.05719594136803
2019-03-29,3.56405594405594,3.74404908822118,3.95600713017922,4.46126074979904,4.10747566164775,3.89929384346593,3.80013498813687,3.03874314416524,3.33374314416524,2.83188125605335,3.69249314416524,3.55901412318621,3.4791598108319,2.94742369972079,2.45684629101838,2.01006258860968,1.30006356670045,1.11596536638746
2019-03-30,3.46541666666667,3.6454098108319,3.74404908822118,3.95600713017922,4.46126074979904,4.10747566164775,3.89929384346593,3.80013498813687,3.03874314416524,3.33374314416524,2.83188125605335,3.69249314416524,3.55901412318621,3.4791598108319,2.94742369972079,2.45684629101838,2.01006258860968,1.30006356670045
2019-03-31,3.40071428571429,3.58070742987952,3.6454098108319,3.74404908822118,3.95600713017922,4.46126074979904,4.10747566164775,3.89929384346593,3.80013498813687,3.03874314416524,3.33374314416524,2.83188125605335,3.69249314416524,3.55901412318621,3.4791598108319,2.94742369972079,2.45684629101838,2.01006258860968
2019-04-01,3.50645833333333,3.68645147749857,3.58070742987952,3.6454098108319,3.74404908822118,3.95600713017922,4.46126074979904,4.10747566164775,3.89929384346593,3.80013498813687,3.03874314416524,3.33374314416524,2.83188125605335,3.69249314416524,3.55901412318621,3.4791598108319,2.94742369972079,2.45684629101838
2019-04-02,3.4720979020979,3.65209104626314,3.68645147749857,3.58070742987952,3.6454098108319,3.74404908822118,3.95600713017922,4.46126074979904,4.10747566164775,3.89929384346593,3.80013498813687,3.03874314416524,3.33374314416524,2.83188125605335,3.69249314416524,3.55901412318621,3.4791598108319,2.94742369972079
2019-04-03,3.49971830985915,3.67971145402439,3.65209104626314,3.68645147749857,3.58070742987952,3.6454098108319,3.74404908822118,3.95600713017922,4.46126074979904,4.10747566164775,3.89929384346593,3.80013498813687,3.03874314416524,3.33374314416524,2.83188125605335,3.69249314416524,3.55901412318621,3.4791598108319
2019-04-04,2.94958041958042,3.12957356374565,3.67971145402439,3.65209104626314,3.68645147749857,3.58070742987952,3.6454098108319,3.74404908822118,3.95600713017922,4.46126074979904,4.10747566164775,3.89929384346593,3.80013498813687,3.03874314416524,3.33374314416524,2.83188125605335,3.69249314416524,3.55901412318621
2019-04-05,2.88326241134752,3.06325555551275,3.12957356374565,3.67971145402439,3.65209104626314,3.68645147749857,3.58070742987952,3.6454098108319,3.74404908822118,3.95600713017922,4.46126074979904,4.10747566164775,3.89929384346593,3.80013498813687,3.03874314416524,3.33374314416524,2.83188125605335,3.69249314416524
2019-04-06,2.80180555555556,2.98179869972079,3.06325555551275,3.12957356374565,3.67971145402439,3.65209104626314,3.68645147749857,3.58070742987952,3.6454098108319,3.74404908822118,3.95600713017922,4.46126074979904,4.10747566164775,3.89929384346593,3.80013498813687,3.03874314416524,3.33374314416524,2.83188125605335
2019-04-07,3.3625,3.54249314416524,2.98179869972079,3.06325555551275,3.12957356374565,3.67971145402439,3.65209104626314,3.68645147749857,3.58070742987952,3.6454098108319,3.74404908822118,3.95600713017922,4.46126074979904,4.10747566164775,3.89929384346593,3.80013498813687,3.03874314416524,3.33374314416524
2019-04-08,2.24570422535211,2.42569736951735,3.54249314416524,2.98179869972079,3.06325555551275,3.12957356374565,3.67971145402439,3.65209104626314,3.68645147749857,3.58070742987952,3.6454098108319,3.74404908822118,3.95600713017922,4.46126074979904,4.10747566164775,3.89929384346593,3.80013498813687,3.03874314416524
2019-04-09,2.42409722222222,2.60409036638746,2.42569736951735,3.54249314416524,2.98179869972079,3.06325555551275,3.12957356374565,3.67971145402439,3.65209104626314,3.68645147749857,3.58070742987952,3.6454098108319,3.74404908822118,3.95600713017922,4.46126074979904,4.10747566164775,3.89929384346593,3.80013498813687
2019-04-10,2.49853146853147,2.6785246126967,2.60409036638746,2.42569736951735,3.54249314416524,2.98179869972079,3.06325555551275,3.12957356374565,3.67971145402439,3.65209104626314,3.68645147749857,3.58070742987952,3.6454098108319,3.74404908822118,3.95600713017922,4.46126074979904,4.10747566164775,3.89929384346593
2019-04-11,3.25795774647887,3.43795089064411,2.6785246126967,2.60409036638746,2.42569736951735,3.54249314416524,2.98179869972079,3.06325555551275,3.12957356374565,3.67971145402439,3.65209104626314,3.68645147749857,3.58070742987952,3.6454098108319,3.74404908822118,3.95600713017922,4.46126074979904,4.10747566164775
2019-04-12,4.6872027972028,4.86719594136803,3.43795089064411,2.6785246126967,2.60409036638746,2.42569736951735,3.54249314416524,2.98179869972079,3.06325555551275,3.12957356374565,3.67971145402439,3.65209104626314,3.68645147749857,3.58070742987952,3.6454098108319,3.74404908822118,3.95600713017922,4.46126074979904
2019-04-13,4.97839160839161,5.15838475255684,4.86719594136803,3.43795089064411,2.6785246126967,2.60409036638746,2.42569736951735,3.54249314416524,2.98179869972079,3.06325555551275,3.12957356374565,3.67971145402439,3.65209104626314,3.68645147749857,3.58070742987952,3.6454098108319,3.74404908822118,3.95600713017922
2019-04-14,6.91513890972222,7.09513205388746,5.15838475255684,4.86719594136803,3.43795089064411,2.6785246126967,2.60409036638746,2.42569736951735,3.54249314416524,2.98179869972079,3.06325555551275,3.12957356374565,3.67971145402439,3.65209104626314,3.68645147749857,3.58070742987952,3.6454098108319,3.74404908822118
2019-04-15,6.36516777852349,6.54516092268872,7.09513205388746,5.15838475255684,4.86719594136803,3.43795089064411,2.6785246126967,2.60409036638746,2.42569736951735,3.54249314416524,2.98179869972079,3.06325555551275,3.12957356374565,3.67971145402439,3.65209104626314,3.68645147749857,3.58070742987952,3.6454098108319
2019-04-16,6.8220833125,7.00207645666524,6.54516092268872,7.09513205388746,5.15838475255684,4.86719594136803,3.43795089064411,2.6785246126967,2.60409036638746,2.42569736951735,3.54249314416524,2.98179869972079,3.06325555551275,3.12957356374565,3.67971145402439,3.65209104626314,3.68645147749857,3.58070742987952
2019-04-17,6.41479167361111,6.59478481777635,7.00207645666524,6.54516092268872,7.09513205388746,5.15838475255684,4.86719594136803,3.43795089064411,2.6785246126967,2.60409036638746,2.42569736951735,3.54249314416524,2.98179869972079,3.06325555551275,3.12957356374565,3.67971145402439,3.65209104626314,3.68645147749857
2019-04-18,6.73302814084507,6.91302128501031,6.59478481777635,7.00207645666524,6.54516092268872,7.09513205388746,5.15838475255684,4.86719594136803,3.43795089064411,2.6785246126967,2.60409036638746,2.42569736951735,3.54249314416524,2.98179869972079,3.06325555551275,3.12957356374565,3.67971145402439,3.65209104626314
2019-04-19,8.00744683687943,8.18743998104467,6.91302128501031,6.59478481777635,7.00207645666524,6.54516092268872,7.09513205388746,5.15838475255684,4.86719594136803,3.43795089064411,2.6785246126967,2.60409036638746,2.42569736951735,3.54249314416524,2.98179869972079,3.06325555551275,3.12957356374565,3.67971145402439
2019-04-20,8.30187502083333,8.48186816499857,8.18743998104467,6.91302128501031,6.59478481777635,7.00207645666524,6.54516092268872,7.09513205388746,5.15838475255684,4.86719594136803,3.43795089064411,2.6785246126967,2.60409036638746,2.42569736951735,3.54249314416524,2.98179869972079,3.06325555551275,3.12957356374565
2019-04-21,6.19721428571429,6.37720742987952,8.48186816499857,8.18743998104467,6.91302128501031,6.59478481777635,7.00207645666524,6.54516092268872,7.09513205388746,5.15838475255684,4.86719594136803,3.43795089064411,2.6785246126967,2.60409036638746,2.42569736951735,3.54249314416524,2.98179869972079,3.06325555551275
2019-04-22,5.11450704225352,5.29450018641876,6.37720742987952,8.48186816499857,8.18743998104467,6.91302128501031,6.59478481777635,7.00207645666524,6.54516092268872,7.09513205388746,5.15838475255684,4.86719594136803,3.43795089064411,2.6785246126967,2.60409036638746,2.42569736951735,3.54249314416524,2.98179869972079
2019-04-23,4.33576388888889,4.51575703305412,5.29450018641876,6.37720742987952,8.48186816499857,8.18743998104467,6.91302128501031,6.59478481777635,7.00207645666524,6.54516092268872,7.09513205388746,5.15838475255684,4.86719594136803,3.43795089064411,2.6785246126967,2.60409036638746,2.42569736951735,3.54249314416524
2019-04-24,3.81805555555556,3.99804869972079,4.51575703305412,5.29450018641876,6.37720742987952,8.48186816499857,8.18743998104467,6.91302128501031,6.59478481777635,7.00207645666524,6.54516092268872,7.09513205388746,5.15838475255684,4.86719594136803,3.43795089064411,2.6785246126967,2.60409036638746,2.42569736951735
2019-04-25,3.56415492957746,3.7441480737427,3.99804869972079,4.51575703305412,5.29450018641876,6.37720742987952,8.48186816499857,8.18743998104467,6.91302128501031,6.59478481777635,7.00207645666524,6.54516092268872,7.09513205388746,5.15838475255684,4.86719594136803,3.43795089064411,2.6785246126967,2.60409036638746
2019-04-26,3.55113475177305,3.73112789593829,3.7441480737427,3.99804869972079,4.51575703305412,5.29450018641876,6.37720742987952,8.48186816499857,8.18743998104467,6.91302128501031,6.59478481777635,7.00207645666524,6.54516092268872,7.09513205388746,5.15838475255684,4.86719594136803,3.43795089064411,2.6785246126967
2019-04-27,2.37713286713287,2.5571260112981,3.73112789593829,3.7441480737427,3.99804869972079,4.51575703305412,5.29450018641876,6.37720742987952,8.48186816499857,8.18743998104467,6.91302128501031,6.59478481777635,7.00207645666524,6.54516092268872,7.09513205388746,5.15838475255684,4.86719594136803,3.43795089064411
2019-04-28,1.74868055555556,1.92867369972079,2.5571260112981,3.73112789593829,3.7441480737427,3.99804869972079,4.51575703305412,5.29450018641876,6.37720742987952,8.48186816499857,8.18743998104467,6.91302128501031,6.59478481777635,7.00207645666524,6.54516092268872,7.09513205388746,5.15838475255684,4.86719594136803
2019-04-29,1.87965034965035,2.05964349381559,1.92867369972079,2.5571260112981,3.73112789593829,3.7441480737427,3.99804869972079,4.51575703305412,5.29450018641876,6.37720742987952,8.48186816499857,8.18743998104467,6.91302128501031,6.59478481777635,7.00207645666524,6.54516092268872,7.09513205388746,5.15838475255684
2019-04-30,1.65922535211268,1.83921849627791,2.05964349381559,1.92867369972079,2.5571260112981,3.73112789593829,3.7441480737427,3.99804869972079,4.51575703305412,5.29450018641876,6.37720742987952,8.48186816499857,8.18743998104467,6.91302128501031,6.59478481777635,7.00207645666524,6.54516092268872,7.09513205388746
2019-05-01,1.46666666666667,1.6466598108319,1.83921849627791,2.05964349381559,1.92867369972079,2.5571260112981,3.73112789593829,3.7441480737427,3.99804869972079,4.51575703305412,5.29450018641876,6.37720742987952,8.48186816499857,8.18743998104467,6.91302128501031,6.59478481777635,7.00207645666524,6.54516092268872
2019-05-02,1.85640845070423,2.03640159486946,1.6466598108319,1.83921849627791,2.05964349381559,1.92867369972079,2.5571260112981,3.73112789593829,3.7441480737427,3.99804869972079,4.51575703305412,5.29450018641876,6.37720742987952,8.48186816499857,8.18743998104467,6.91302128501031,6.59478481777635,7.00207645666524
2019-05-03,2.39335664335664,2.57334978752188,2.03640159486946,1.6466598108319,1.83921849627791,2.05964349381559,1.92867369972079,2.5571260112981,3.73112789593829,3.7441480737427,3.99804869972079,4.51575703305412,5.29450018641876,6.37720742987952,8.48186816499857,8.18743998104467,6.91302128501031,6.59478481777635
2019-05-04,2.88583333333333,3.06582647749857,2.57334978752188,2.03640159486946,1.6466598108319,1.83921849627791,2.05964349381559,1.92867369972079,2.5571260112981,3.73112789593829,3.7441480737427,3.99804869972079,4.51575703305412,5.29450018641876,6.37720742987952,8.48186816499857,8.18743998104467,6.91302128501031
2019-05-05,3.07246478873239,3.25245793289763,3.06582647749857,2.57334978752188,2.03640159486946,1.6466598108319,1.83921849627791,2.05964349381559,1.92867369972079,2.5571260112981,3.73112789593829,3.7441480737427,3.99804869972079,4.51575703305412,5.29450018641876,6.37720742987952,8.48186816499857,8.18743998104467
2019-05-06,2.83895104895105,3.01894419311628,3.25245793289763,3.06582647749857,2.57334978752188,2.03640159486946,1.6466598108319,1.83921849627791,2.05964349381559,1.92867369972079,2.5571260112981,3.73112789593829,3.7441480737427,3.99804869972079,4.51575703305412,5.29450018641876,6.37720742987952,8.48186816499857
2019-05-07,3.25486111111111,3.43485425527635,3.01894419311628,3.25245793289763,3.06582647749857,2.57334978752188,2.03640159486946,1.6466598108319,1.83921849627791,2.05964349381559,1.92867369972079,2.5571260112981,3.73112789593829,3.7441480737427,3.99804869972079,4.51575703305412,5.29450018641876,6.37720742987952
2019-05-08,3.00965034965035,3.18964349381559,3.43485425527635,3.01894419311628,3.25245793289763,3.06582647749857,2.57334978752188,2.03640159486946,1.6466598108319,1.83921849627791,2.05964349381559,1.92867369972079,2.5571260112981,3.73112789593829,3.7441480737427,3.99804869972079,4.51575703305412,5.29450018641876
2019-05-09,3.76457746478873,3.94457060895397,3.18964349381559,3.43485425527635,3.01894419311628,3.25245793289763,3.06582647749857,2.57334978752188,2.03640159486946,1.6466598108319,1.83921849627791,2.05964349381559,1.92867369972079,2.5571260112981,3.73112789593829,3.7441480737427,3.99804869972079,4.51575703305412
2019-05-10,4.35090277777778,4.53089592194301,3.94457060895397,3.18964349381559,3.43485425527635,3.01894419311628,3.25245793289763,3.06582647749857,2.57334978752188,2.03640159486946,1.6466598108319,1.83921849627791,2.05964349381559,1.92867369972079,2.5571260112981,3.73112789593829,3.7441480737427,3.99804869972079
2019-05-11,5.14408451408451,5.32407765824974,4.53089592194301,3.94457060895397,3.18964349381559,3.43485425527635,3.01894419311628,3.25245793289763,3.06582647749857,2.57334978752188,2.03640159486946,1.6466598108319,1.83921849627791,2.05964349381559,1.92867369972079,2.5571260112981,3.73112789593829,3.7441480737427
2019-05-12,5.75923611111111,5.93922925527635,5.32407765824974,4.53089592194301,3.94457060895397,3.18964349381559,3.43485425527635,3.01894419311628,3.25245793289763,3.06582647749857,2.57334978752188,2.03640159486946,1.6466598108319,1.83921849627791,2.05964349381559,1.92867369972079,2.5571260112981,3.73112789593829
2019-05-13,5.30685314685315,5.48684629101838,5.93922925527635,5.32407765824974,4.53089592194301,3.94457060895397,3.18964349381559,3.43485425527635,3.01894419311628,3.25245793289763,3.06582647749857,2.57334978752188,2.03640159486946,1.6466598108319,1.83921849627791,2.05964349381559,1.92867369972079,2.5571260112981
2019-05-14,5.18573426573427,5.3657274098995,5.48684629101838,5.93922925527635,5.32407765824974,4.53089592194301,3.94457060895397,3.18964349381559,3.43485425527635,3.01894419311628,3.25245793289763,3.06582647749857,2.57334978752188,2.03640159486946,1.6466598108319,1.83921849627791,2.05964349381559,1.92867369972079
2019-05-15,4.51212765957447,4.6921208037397,5.3657274098995,5.48684629101838,5.93922925527635,5.32407765824974,4.53089592194301,3.94457060895397,3.18964349381559,3.43485425527635,3.01894419311628,3.25245793289763,3.06582647749857,2.57334978752188,2.03640159486946,1.6466598108319,1.83921849627791,2.05964349381559
2019-05-16,3.835625,4.01561814416524,4.6921208037397,5.3657274098995,5.48684629101838,5.93922925527635,5.32407765824974,4.53089592194301,3.94457060895397,3.18964349381559,3.43485425527635,3.01894419311628,3.25245793289763,3.06582647749857,2.57334978752188,2.03640159486946,1.6466598108319,1.83921849627791
2019-05-17,3.69597222222222,3.87596536638746,4.01561814416524,4.6921208037397,5.3657274098995,5.48684629101838,5.93922925527635,5.32407765824974,4.53089592194301,3.94457060895397,3.18964349381559,3.43485425527635,3.01894419311628,3.25245793289763,3.06582647749857,2.57334978752188,2.03640159486946,1.6466598108319
2019-05-18,3.17638888888889,3.35638203305412,3.87596536638746,4.01561814416524,4.6921208037397,5.3657274098995,5.48684629101838,5.93922925527635,5.32407765824974,4.53089592194301,3.94457060895397,3.18964349381559,3.43485425527635,3.01894419311628,3.25245793289763,3.06582647749857,2.57334978752188,2.03640159486946
2019-05-19,2.9572027972028,3.13719594136803,3.35638203305412,3.87596536638746,4.01561814416524,4.6921208037397,5.3657274098995,5.48684629101838,5.93922925527635,5.32407765824974,4.53089592194301,3.94457060895397,3.18964349381559,3.43485425527635,3.01894419311628,3.25245793289763,3.06582647749857,2.57334978752188
2019-05-20,3.15943262411348,3.33942576827871,3.13719594136803,3.35638203305412,3.87596536638746,4.01561814416524,4.6921208037397,5.3657274098995,5.48684629101838,5.93922925527635,5.32407765824974,4.53089592194301,3.94457060895397,3.18964349381559,3.43485425527635,3.01894419311628,3.25245793289763,3.06582647749857
2019-05-21,3.13363636363636,3.3136295078016,3.33942576827871,3.13719594136803,3.35638203305412,3.87596536638746,4.01561814416524,4.6921208037397,5.3657274098995,5.48684629101838,5.93922925527635,5.32407765824974,4.53089592194301,3.94457060895397,3.18964349381559,3.43485425527635,3.01894419311628,3.25245793289763
2019-05-22,2.85286713286713,3.03286027703237,3.3136295078016,3.33942576827871,3.13719594136803,3.35638203305412,3.87596536638746,4.01561814416524,4.6921208037397,5.3657274098995,5.48684629101838,5.93922925527635,5.32407765824974,4.53089592194301,3.94457060895397,3.18964349381559,3.43485425527635,3.01894419311628
2019-05-23,3.12104166666667,3.3010348108319,3.03286027703237,3.3136295078016,3.33942576827871,3.13719594136803,3.35638203305412,3.87596536638746,4.01561814416524,4.6921208037397,5.3657274098995,5.48684629101838,5.93922925527635,5.32407765824974,4.53089592194301,3.94457060895397,3.18964349381559,3.43485425527635
2019-05-24,3.73202797202797,3.91202111619321,3.3010348108319,3.03286027703237,3.3136295078016,3.33942576827871,3.13719594136803,3.35638203305412,3.87596536638746,4.01561814416524,4.6921208037397,5.3657274098995,5.48684629101838,5.93922925527635,5.32407765824974,4.53089592194301,3.94457060895397,3.18964349381559
2019-05-25,3.40083333333333,3.58082647749857,3.91202111619321,3.3010348108319,3.03286027703237,3.3136295078016,3.33942576827871,3.13719594136803,3.35638203305412,3.87596536638746,4.01561814416524,4.6921208037397,5.3657274098995,5.48684629101838,5.93922925527635,5.32407765824974,4.53089592194301,3.94457060895397
2019-05-26,2.92839160839161,3.10838475255684,3.58082647749857,3.91202111619321,3.3010348108319,3.03286027703237,3.3136295078016,3.33942576827871,3.13719594136803,3.35638203305412,3.87596536638746,4.01561814416524,4.6921208037397,5.3657274098995,5.48684629101838,5.93922925527635,5.32407765824974,4.53089592194301
2019-05-27,2.81715277777778,2.99714592194301,3.10838475255684,3.58082647749857,3.91202111619321,3.3010348108319,3.03286027703237,3.3136295078016,3.33942576827871,3.13719594136803,3.35638203305412,3.87596536638746,4.01561814416524,4.6921208037397,5.3657274098995,5.48684629101838,5.93922925527635,5.32407765824974
2019-05-28,2.73125,2.91124314416524,2.99714592194301,3.10838475255684,3.58082647749857,3.91202111619321,3.3010348108319,3.03286027703237,3.3136295078016,3.33942576827871,3.13719594136803,3.35638203305412,3.87596536638746,4.01561814416524,4.6921208037397,5.3657274098995,5.48684629101838,5.93922925527635
2019-05-29,2.73069444444444,2.91068758860968,2.91124314416524,2.99714592194301,3.10838475255684,3.58082647749857,3.91202111619321,3.3010348108319,3.03286027703237,3.3136295078016,3.33942576827871,3.13719594136803,3.35638203305412,3.87596536638746,4.01561814416524,4.6921208037397,5.3657274098995,5.48684629101838
2019-05-30,2.66713286713287,2.8471260112981,2.91068758860968,2.91124314416524,2.99714592194301,3.10838475255684,3.58082647749857,3.91202111619321,3.3010348108319,3.03286027703237,3.3136295078016,3.33942576827871,3.13719594136803,3.35638203305412,3.87596536638746,4.01561814416524,4.6921208037397,5.3657274098995
2019-05-31,2.61451388888889,2.79450703305412,2.8471260112981,2.91068758860968,2.91124314416524,2.99714592194301,3.10838475255684,3.58082647749857,3.91202111619321,3.3010348108319,3.03286027703237,3.3136295078016,3.33942576827871,3.13719594136803,3.35638203305412,3.87596536638746,4.01561814416524,4.6921208037397
2019-06-01,2.65090277777778,2.83089592194301,2.79450703305412,2.8471260112981,2.91068758860968,2.91124314416524,2.99714592194301,3.10838475255684,3.58082647749857,3.91202111619321,3.3010348108319,3.03286027703237,3.3136295078016,3.33942576827871,3.13719594136803,3.35638203305412,3.87596536638746,4.01561814416524
2019-06-02,2.88056338028169,3.06055652444693,2.83089592194301,2.79450703305412,2.8471260112981,2.91068758860968,2.91124314416524,2.99714592194301,3.10838475255684,3.58082647749857,3.91202111619321,3.3010348108319,3.03286027703237,3.3136295078016,3.33942576827871,3.13719594136803,3.35638203305412,3.87596536638746
2019-06-03,2.64153846153846,2.8215316057037,3.06055652444693,2.83089592194301,2.79450703305412,2.8471260112981,2.91068758860968,2.91124314416524,2.99714592194301,3.10838475255684,3.58082647749857,3.91202111619321,3.3010348108319,3.03286027703237,3.3136295078016,3.33942576827871,3.13719594136803,3.35638203305412
2019-06-04,3.14097902097902,3.32097216514426,2.8215316057037,3.06055652444693,2.83089592194301,2.79450703305412,2.8471260112981,2.91068758860968,2.91124314416524,2.99714592194301,3.10838475255684,3.58082647749857,3.91202111619321,3.3010348108319,3.03286027703237,3.3136295078016,3.33942576827871,3.13719594136803
2019-06-05,3.5056338028169,3.68562694698214,3.32097216514426,2.8215316057037,3.06055652444693,2.83089592194301,2.79450703305412,2.8471260112981,2.91068758860968,2.91124314416524,2.99714592194301,3.10838475255684,3.58082647749857,3.91202111619321,3.3010348108319,3.03286027703237,3.3136295078016,3.33942576827871
2019-06-06,3.98368055555556,4.16367369972079,3.68562694698214,3.32097216514426,2.8215316057037,3.06055652444693,2.83089592194301,2.79450703305412,2.8471260112981,2.91068758860968,2.91124314416524,2.99714592194301,3.10838475255684,3.58082647749857,3.91202111619321,3.3010348108319,3.03286027703237,3.3136295078016
2019-06-07,3.70888111888112,3.88887426304635,4.16367369972079,3.68562694698214,3.32097216514426,2.8215316057037,3.06055652444693,2.83089592194301,2.79450703305412,2.8471260112981,2.91068758860968,2.91124314416524,2.99714592194301,3.10838475255684,3.58082647749857,3.91202111619321,3.3010348108319,3.03286027703237
2019-06-08,3.34566433566434,3.52565747982957,3.88887426304635,4.16367369972079,3.68562694698214,3.32097216514426,2.8215316057037,3.06055652444693,2.83089592194301,2.79450703305412,2.8471260112981,2.91068758860968,2.91124314416524,2.99714592194301,3.10838475255684,3.58082647749857,3.91202111619321,3.3010348108319
2019-06-09,3.60166666666667,3.7816598108319,3.52565747982957,3.88887426304635,4.16367369972079,3.68562694698214,3.32097216514426,2.8215316057037,3.06055652444693,2.83089592194301,2.79450703305412,2.8471260112981,2.91068758860968,2.91124314416524,2.99714592194301,3.10838475255684,3.58082647749857,3.91202111619321
2019-06-10,3.50567375886525,3.68566690303048,3.7816598108319,3.52565747982957,3.88887426304635,4.16367369972079,3.68562694698214,3.32097216514426,2.8215316057037,3.06055652444693,2.83089592194301,2.79450703305412,2.8471260112981,2.91068758860968,2.91124314416524,2.99714592194301,3.10838475255684,3.58082647749857
2019-06-11,2.86401408450704,3.04400722867228,3.68566690303048,3.7816598108319,3.52565747982957,3.88887426304635,4.16367369972079,3.68562694698214,3.32097216514426,2.8215316057037,3.06055652444693,2.83089592194301,2.79450703305412,2.8471260112981,2.91068758860968,2.91124314416524,2.99714592194301,3.10838475255684
2019-06-12,3.40201388888889,3.58200703305412,3.04400722867228,3.68566690303048,3.7816598108319,3.52565747982957,3.88887426304635,4.16367369972079,3.68562694698214,3.32097216514426,2.8215316057037,3.06055652444693,2.83089592194301,2.79450703305412,2.8471260112981,2.91068758860968,2.91124314416524,2.99714592194301
2019-06-13,3.73622377622378,3.91621692038901,3.58200703305412,3.04400722867228,3.68566690303048,3.7816598108319,3.52565747982957,3.88887426304635,4.16367369972079,3.68562694698214,3.32097216514426,2.8215316057037,3.06055652444693,2.83089592194301,2.79450703305412,2.8471260112981,2.91068758860968,2.91124314416524
2019-06-14,3.23430555555556,3.41429869972079,3.91621692038901,3.58200703305412,3.04400722867228,3.68566690303048,3.7816598108319,3.52565747982957,3.88887426304635,4.16367369972079,3.68562694698214,3.32097216514426,2.8215316057037,3.06055652444693,2.83089592194301,2.79450703305412,2.8471260112981,2.91068758860968
2019-06-15,2.90104895104895,3.08104209521419,3.41429869972079,3.91621692038901,3.58200703305412,3.04400722867228,3.68566690303048,3.7816598108319,3.52565747982957,3.88887426304635,4.16367369972079,3.68562694698214,3.32097216514426,2.8215316057037,3.06055652444693,2.83089592194301,2.79450703305412,2.8471260112981
2019-06-16,3.16755244755245,3.34754559171768,3.08104209521419,3.41429869972079,3.91621692038901,3.58200703305412,3.04400722867228,3.68566690303048,3.7816598108319,3.52565747982957,3.88887426304635,4.16367369972079,3.68562694698214,3.32097216514426,2.8215316057037,3.06055652444693,2.83089592194301,2.79450703305412
2019-06-17,3.39631945138889,3.57631259555412,3.34754559171768,3.08104209521419,3.41429869972079,3.91621692038901,3.58200703305412,3.04400722867228,3.68566690303048,3.7816598108319,3.52565747982957,3.88887426304635,4.16367369972079,3.68562694698214,3.32097216514426,2.8215316057037,3.06055652444693,2.83089592194301
2019-06-18,3.66573426573427,3.8457274098995,3.57631259555412,3.34754559171768,3.08104209521419,3.41429869972079,3.91621692038901,3.58200703305412,3.04400722867228,3.68566690303048,3.7816598108319,3.52565747982957,3.88887426304635,4.16367369972079,3.68562694698214,3.32097216514426,2.8215316057037,3.06055652444693
2019-06-19,4.43798611111111,4.61797925527635,3.8457274098995,3.57631259555412,3.34754559171768,3.08104209521419,3.41429869972079,3.91621692038901,3.58200703305412,3.04400722867228,3.68566690303048,3.7816598108319,3.52565747982957,3.88887426304635,4.16367369972079,3.68562694698214,3.32097216514426,2.8215316057037
2019-06-20,5.69590278472222,5.87589592888746,4.61797925527635,3.8457274098995,3.57631259555412,3.34754559171768,3.08104209521419,3.41429869972079,3.91621692038901,3.58200703305412,3.04400722867228,3.68566690303048,3.7816598108319,3.52565747982957,3.88887426304635,4.16367369972079,3.68562694698214,3.32097216514426
2019-06-21,4.71048951048951,4.89048265465475,5.87589592888746,4.61797925527635,3.8457274098995,3.57631259555412,3.34754559171768,3.08104209521419,3.41429869972079,3.91621692038901,3.58200703305412,3.04400722867228,3.68566690303048,3.7816598108319,3.52565747982957,3.88887426304635,4.16367369972079,3.68562694698214
2019-06-22,5.19625,5.37624314416523,4.89048265465475,5.87589592888746,4.61797925527635,3.8457274098995,3.57631259555412,3.34754559171768,3.08104209521419,3.41429869972079,3.91621692038901,3.58200703305412,3.04400722867228,3.68566690303048,3.7816598108319,3.52565747982957,3.88887426304635,4.16367369972079
2019-06-23,4.51097222222222,4.69096536638746,5.37624314416523,4.89048265465475,5.87589592888746,4.61797925527635,3.8457274098995,3.57631259555412,3.34754559171768,3.08104209521419,3.41429869972079,3.91621692038901,3.58200703305412,3.04400722867228,3.68566690303048,3.7816598108319,3.52565747982957,3.88887426304635
2019-06-24,3.89167832167832,4.07167146584356,4.69096536638746,5.37624314416523,4.89048265465475,5.87589592888746,4.61797925527635,3.8457274098995,3.57631259555412,3.34754559171768,3.08104209521419,3.41429869972079,3.91621692038901,3.58200703305412,3.04400722867228,3.68566690303048,3.7816598108319,3.52565747982957
2019-06-25,4.70830985915493,4.88830300332016,4.07167146584356,4.69096536638746,5.37624314416523,4.89048265465475,5.87589592888746,4.61797925527635,3.8457274098995,3.57631259555412,3.34754559171768,3.08104209521419,3.41429869972079,3.91621692038901,3.58200703305412,3.04400722867228,3.68566690303048,3.7816598108319
2019-06-26,3.88181818181818,4.06181132598342,4.88830300332016,4.07167146584356,4.69096536638746,5.37624314416523,4.89048265465475,5.87589592888746,4.61797925527635,3.8457274098995,3.57631259555412,3.34754559171768,3.08104209521419,3.41429869972079,3.91621692038901,3.58200703305412,3.04400722867228,3.68566690303048
2019-06-27,3.730625,3.91061814416524,4.06181132598342,4.88830300332016,4.07167146584356,4.69096536638746,5.37624314416523,4.89048265465475,5.87589592888746,4.61797925527635,3.8457274098995,3.57631259555412,3.34754559171768,3.08104209521419,3.41429869972079,3.91621692038901,3.58200703305412,3.04400722867228
2019-06-28,4.50622377622378,4.68621692038901,3.91061814416524,4.06181132598342,4.88830300332016,4.07167146584356,4.69096536638746,5.37624314416523,4.89048265465475,5.87589592888746,4.61797925527635,3.8457274098995,3.57631259555412,3.34754559171768,3.08104209521419,3.41429869972079,3.91621692038901,3.58200703305412
2019-06-29,4.69594405594406,4.87593720010929,4.68621692038901,3.91061814416524,4.06181132598342,4.88830300332016,4.07167146584356,4.69096536638746,5.37624314416523,4.89048265465475,5.87589592888746,4.61797925527635,3.8457274098995,3.57631259555412,3.34754559171768,3.08104209521419,3.41429869972079,3.91621692038901
2019-06-30,5.78736111111111,5.96735425527635,4.87593720010929,4.68621692038901,3.91061814416524,4.06181132598342,4.88830300332016,4.07167146584356,4.69096536638746,5.37624314416523,4.89048265465475,5.87589592888746,4.61797925527635,3.8457274098995,3.57631259555412,3.34754559171768,3.08104209521419,3.41429869972079
2019-07-01,7.31993006293706,7.4999232071023,5.96735425527635,4.87593720010929,4.68621692038901,3.91061814416524,4.06181132598342,4.88830300332016,4.07167146584356,4.69096536638746,5.37624314416523,4.89048265465475,5.87589592888746,4.61797925527635,3.8457274098995,3.57631259555412,3.34754559171768,3.08104209521419
2019-07-02,6.70416666666667,6.8841598108319,7.4999232071023,5.96735425527635,4.87593720010929,4.68621692038901,3.91061814416524,4.06181132598342,4.88830300332016,4.07167146584356,4.69096536638746,5.37624314416523,4.89048265465475,5.87589592888746,4.61797925527635,3.8457274098995,3.57631259555412,3.34754559171768
2019-07-03,7.79692307692308,7.97691622108831,6.8841598108319,7.4999232071023,5.96735425527635,4.87593720010929,4.68621692038901,3.91061814416524,4.06181132598342,4.88830300332016,4.07167146584356,4.69096536638746,5.37624314416523,4.89048265465475,5.87589592888746,4.61797925527635,3.8457274098995,3.57631259555412
2019-07-04,8.82243055555556,9.00242369972079,7.97691622108831,6.8841598108319,7.4999232071023,5.96735425527635,4.87593720010929,4.68621692038901,3.91061814416524,4.06181132598342,4.88830300332016,4.07167146584356,4.69096536638746,5.37624314416523,4.89048265465475,5.87589592888746,4.61797925527635,3.8457274098995
2019-07-05,10.0494405804196,10.2294337245848,9.00242369972079,7.97691622108831,6.8841598108319,7.4999232071023,5.96735425527635,4.87593720010929,4.68621692038901,3.91061814416524,4.06181132598342,4.88830300332016,4.07167146584356,4.69096536638746,5.37624314416523,4.89048265465475,5.87589592888746,4.61797925527635
2019-07-06,9.33388888194444,9.51388202610968,10.2294337245848,9.00242369972079,7.97691622108831,6.8841598108319,7.4999232071023,5.96735425527635,4.87593720010929,4.68621692038901,3.91061814416524,4.06181132598342,4.88830300332016,4.07167146584356,4.69096536638746,5.37624314416523,4.89048265465475,5.87589592888746
2019-07-07,9.82493052777778,10.004923671943,9.51388202610968,10.2294337245848,9.00242369972079,7.97691622108831,6.8841598108319,7.4999232071023,5.96735425527635,4.87593720010929,4.68621692038901,3.91061814416524,4.06181132598342,4.88830300332016,4.07167146584356,4.69096536638746,5.37624314416523,4.89048265465475
2019-07-08,7.41783218881119,7.59782533297642,10.004923671943,9.51388202610968,10.2294337245848,9.00242369972079,7.97691622108831,6.8841598108319,7.4999232071023,5.96735425527635,4.87593720010929,4.68621692038901,3.91061814416524,4.06181132598342,4.88830300332016,4.07167146584356,4.69096536638746,5.37624314416523
2019-07-09,7.67873242253521,7.85872556670045,7.59782533297642,10.004923671943,9.51388202610968,10.2294337245848,9.00242369972079,7.97691622108831,6.8841598108319,7.4999232071023,5.96735425527635,4.87593720010929,4.68621692038901,3.91061814416524,4.06181132598342,4.88830300332016,4.07167146584356,4.69096536638746
2019-07-10,6.1146153986014,6.29460854276663,7.85872556670045,7.59782533297642,10.004923671943,9.51388202610968,10.2294337245848,9.00242369972079,7.97691622108831,6.8841598108319,7.4999232071023,5.96735425527635,4.87593720010929,4.68621692038901,3.91061814416524,4.06181132598342,4.88830300332016,4.07167146584356
2019-07-11,6.6502098041958,6.83020294836104,6.29460854276663,7.85872556670045,7.59782533297642,10.004923671943,9.51388202610968,10.2294337245848,9.00242369972079,7.97691622108831,6.8841598108319,7.4999232071023,5.96735425527635,4.87593720010929,4.68621692038901,3.91061814416524,4.06181132598342,4.88830300332016
2019-07-12,7.31479166666667,7.4947848108319,6.83020294836104,6.29460854276663,7.85872556670045,7.59782533297642,10.004923671943,9.51388202610968,10.2294337245848,9.00242369972079,7.97691622108831,6.8841598108319,7.4999232071023,5.96735425527635,4.87593720010929,4.68621692038901,3.91061814416524,4.06181132598342
2019-07-13,9.03118055555556,9.21117369972079,7.4947848108319,6.83020294836104,6.29460854276663,7.85872556670045,7.59782533297642,10.004923671943,9.51388202610968,10.2294337245848,9.00242369972079,7.97691622108831,6.8841598108319,7.4999232071023,5.96735425527635,4.87593720010929,4.68621692038901,3.91061814416524
2019-07-14,9.98426572027972,10.164258864445,9.21117369972079,7.4947848108319,6.83020294836104,6.29460854276663,7.85872556670045,7.59782533297642,10.004923671943,9.51388202610968,10.2294337245848,9.00242369972079,7.97691622108831,6.8841598108319,7.4999232071023,5.96735425527635,4.87593720010929,4.68621692038901
2019-07-15,12.8384722083333,13.0184653524986,10.164258864445,9.21117369972079,7.4947848108319,6.83020294836104,6.29460854276663,7.85872556670045,7.59782533297642,10.004923671943,9.51388202610968,10.2294337245848,9.00242369972079,7.97691622108831,6.8841598108319,7.4999232071023,5.96735425527635,4.87593720010929
2019-07-16,16.5933802887324,16.7733734328976,13.0184653524986,10.164258864445,9.21117369972079,7.4947848108319,6.83020294836104,6.29460854276663,7.85872556670045,7.59782533297642,10.004923671943,9.51388202610968,10.2294337245848,9.00242369972079,7.97691622108831,6.8841598108319,7.4999232071023,5.96735425527635
2019-07-17,20.2284027777778,20.408395921943,16.7733734328976,13.0184653524986,10.164258864445,9.21117369972079,7.4947848108319,6.83020294836104,6.29460854276663,7.85872556670045,7.59782533297642,10.004923671943,9.51388202610968,10.2294337245848,9.00242369972079,7.97691622108831,6.8841598108319,7.4999232071023
2019-07-18,22.5350694444444,22.7150625886097,20.408395921943,16.7733734328976,13.0184653524986,10.164258864445,9.21117369972079,7.4947848108319,6.83020294836104,6.29460854276663,7.85872556670045,7.59782533297642,10.004923671943,9.51388202610968,10.2294337245848,9.00242369972079,7.97691622108831,6.8841598108319
2019-07-19,25.2224475524476,25.4024406966128,22.7150625886097,20.408395921943,16.7733734328976,13.0184653524986,10.164258864445,9.21117369972079,7.4947848108319,6.83020294836104,6.29460854276663,7.85872556670045,7.59782533297642,10.004923671943,9.51388202610968,10.2294337245848,9.00242369972079,7.97691622108831
2019-07-20,28.8984507042254,29.0784438483906,25.4024406966128,22.7150625886097,20.408395921943,16.7733734328976,13.0184653524986,10.164258864445,9.21117369972079,7.4947848108319,6.83020294836104,6.29460854276663,7.85872556670045,7.59782533297642,10.004923671943,9.51388202610968,10.2294337245848,9.00242369972079
2019-07-21,30.6618055555556,30.8417986997208,29.0784438483906,25.4024406966128,22.7150625886097,20.408395921943,16.7733734328976,13.0184653524986,10.164258864445,9.21117369972079,7.4947848108319,6.83020294836104,6.29460854276663,7.85872556670045,7.59782533297642,10.004923671943,9.51388202610968,10.2294337245848
2019-07-22,35.6965972222222,35.8765903663875,30.8417986997208,29.0784438483906,25.4024406966128,22.7150625886097,20.408395921943,16.7733734328976,13.0184653524986,10.164258864445,9.21117369972079,7.4947848108319,6.83020294836104,6.29460854276663,7.85872556670045,7.59782533297642,10.004923671943,9.51388202610968
2019-07-23,44.877972027972,45.0579651721373,35.8765903663875,30.8417986997208,29.0784438483906,25.4024406966128,22.7150625886097,20.408395921943,16.7733734328976,13.0184653524986,10.164258864445,9.21117369972079,7.4947848108319,6.83020294836104,6.29460854276663,7.85872556670045,7.59782533297642,10.004923671943
2019-07-24,48.0683098591549,48.2483030033202,45.0579651721373,35.8765903663875,30.8417986997208,29.0784438483906,25.4024406966128,22.7150625886097,20.408395921943,16.7733734328976,13.0184653524986,10.164258864445,9.21117369972079,7.4947848108319,6.83020294836104,6.29460854276663,7.85872556670045,7.59782533297642
2019-07-25,53.826875,54.0068681441652,48.2483030033202,45.0579651721373,35.8765903663875,30.8417986997208,29.0784438483906,25.4024406966128,22.7150625886097,20.408395921943,16.7733734328976,13.0184653524986,10.164258864445,9.21117369972079,7.4947848108319,6.83020294836104,6.29460854276663,7.85872556670045
2019-07-26,55.6643356643357,55.8443288085009,54.0068681441652,48.2483030033202,45.0579651721373,35.8765903663875,30.8417986997208,29.0784438483906,25.4024406966128,22.7150625886097,20.408395921943,16.7733734328976,13.0184653524986,10.164258864445,9.21117369972079,7.4947848108319,6.83020294836104,6.29460854276663
2019-07-27,51.2647916666667,51.4447848108319,55.8443288085009,54.0068681441652,48.2483030033202,45.0579651721373,35.8765903663875,30.8417986997208,29.0784438483906,25.4024406966128,22.7150625886097,20.408395921943,16.7733734328976,13.0184653524986,10.164258864445,9.21117369972079,7.4947848108319,6.83020294836104
2019-07-28,48.5379020979021,48.7178952420673,51.4447848108319,55.8443288085009,54.0068681441652,48.2483030033202,45.0579651721373,35.8765903663875,30.8417986997208,29.0784438483906,25.4024406966128,22.7150625886097,20.408395921943,16.7733734328976,13.0184653524986,10.164258864445,9.21117369972079,7.4947848108319
2019-07-29,45.1325531914894,45.3125463356546,48.7178952420673,51.4447848108319,55.8443288085009,54.0068681441652,48.2483030033202,45.0579651721373,35.8765903663875,30.8417986997208,29.0784438483906,25.4024406966128,22.7150625886097,20.408395921943,16.7733734328976,13.0184653524986,10.164258864445,9.21117369972079
2019-07-30,40.575034965035,40.7550281092002,45.3125463356546,48.7178952420673,51.4447848108319,55.8443288085009,54.0068681441652,48.2483030033202,45.0579651721373,35.8765903663875,30.8417986997208,29.0784438483906,25.4024406966128,22.7150625886097,20.408395921943,16.7733734328976,13.0184653524986,10.164258864445
2019-07-31,33.1795138888889,33.3595070330541,40.7550281092002,45.3125463356546,48.7178952420673,51.4447848108319,55.8443288085009,54.0068681441652,48.2483030033202,45.0579651721373,35.8765903663875,30.8417986997208,29.0784438483906,25.4024406966128,22.7150625886097,20.408395921943,16.7733734328976,13.0184653524986
2019-08-01,35.7700699300699,35.9500630742352,33.3595070330541,40.7550281092002,45.3125463356546,48.7178952420673,51.4447848108319,55.8443288085009,54.0068681441652,48.2483030033202,45.0579651721373,35.8765903663875,30.8417986997208,29.0784438483906,25.4024406966128,22.7150625886097,20.408395921943,16.7733734328976
2019-08-02,31.7451388888889,31.9251320330541,35.9500630742352,33.3595070330541,40.7550281092002,45.3125463356546,48.7178952420673,51.4447848108319,55.8443288085009,54.0068681441652,48.2483030033202,45.0579651721373,35.8765903663875,30.8417986997208,29.0784438483906,25.4024406966128,22.7150625886097,20.408395921943
2019-08-03,24.7992361111111,24.9792292552763,31.9251320330541,35.9500630742352,33.3595070330541,40.7550281092002,45.3125463356546,48.7178952420673,51.4447848108319,55.8443288085009,54.0068681441652,48.2483030033202,45.0579651721373,35.8765903663875,30.8417986997208,29.0784438483906,25.4024406966128,22.7150625886097
2019-08-04,18.5507692307692,18.7307623749345,24.9792292552763,31.9251320330541,35.9500630742352,33.3595070330541,40.7550281092002,45.3125463356546,48.7178952420673,51.4447848108319,55.8443288085009,54.0068681441652,48.2483030033202,45.0579651721373,35.8765903663875,30.8417986997208,29.0784438483906,25.4024406966128
2019-08-05,16.6079166666667,16.7879098108319,18.7307623749345,24.9792292552763,31.9251320330541,35.9500630742352,33.3595070330541,40.7550281092002,45.3125463356546,48.7178952420673,51.4447848108319,55.8443288085009,54.0068681441652,48.2483030033202,45.0579651721373,35.8765903663875,30.8417986997208,29.0784438483906
2019-08-06,12.3977083333333,12.5777014774986,16.7879098108319,18.7307623749345,24.9792292552763,31.9251320330541,35.9500630742352,33.3595070330541,40.7550281092002,45.3125463356546,48.7178952420673,51.4447848108319,55.8443288085009,54.0068681441652,48.2483030033202,45.0579651721373,35.8765903663875,30.8417986997208
2019-08-07,12.0967832307692,12.2767763749345,12.5777014774986,16.7879098108319,18.7307623749345,24.9792292552763,31.9251320330541,35.9500630742352,33.3595070330541,40.7550281092002,45.3125463356546,48.7178952420673,51.4447848108319,55.8443288085009,54.0068681441652,48.2483030033202,45.0579651721373,35.8765903663875
2019-08-08,10.103263875,10.2832570191652,12.2767763749345,12.5777014774986,16.7879098108319,18.7307623749345,24.9792292552763,31.9251320330541,35.9500630742352,33.3595070330541,40.7550281092002,45.3125463356546,48.7178952420673,51.4447848108319,55.8443288085009,54.0068681441652,48.2483030033202,45.0579651721373
2019-08-09,10.8061805555556,10.9861736997208,10.2832570191652,12.2767763749345,12.5777014774986,16.7879098108319,18.7307623749345,24.9792292552763,31.9251320330541,35.9500630742352,33.3595070330541,40.7550281092002,45.3125463356546,48.7178952420673,51.4447848108319,55.8443288085009,54.0068681441652,48.2483030033202
2019-08-10,10.9986713286713,11.1786644728366,10.9861736997208,10.2832570191652,12.2767763749345,12.5777014774986,16.7879098108319,18.7307623749345,24.9792292552763,31.9251320330541,35.9500630742352,33.3595070330541,40.7550281092002,45.3125463356546,48.7178952420673,51.4447848108319,55.8443288085009,54.0068681441652
2019-08-11,12.0787412517483,12.2587343959135,11.1786644728366,10.9861736997208,10.2832570191652,12.2767763749345,12.5777014774986,16.7879098108319,18.7307623749345,24.9792292552763,31.9251320330541,35.9500630742352,33.3595070330541,40.7550281092002,45.3125463356546,48.7178952420673,51.4447848108319,55.8443288085009
2019-08-12,13.4302083263889,13.6102014705541,12.2587343959135,11.1786644728366,10.9861736997208,10.2832570191652,12.2767763749345,12.5777014774986,16.7879098108319,18.7307623749345,24.9792292552763,31.9251320330541,35.9500630742352,33.3595070330541,40.7550281092002,45.3125463356546,48.7178952420673,51.4447848108319
2019-08-13,16.9052777777778,17.085270921943,13.6102014705541,12.2587343959135,11.1786644728366,10.9861736997208,10.2832570191652,12.2767763749345,12.5777014774986,16.7879098108319,18.7307623749345,24.9792292552763,31.9251320330541,35.9500630742352,33.3595070330541,40.7550281092002,45.3125463356546,48.7178952420673
2019-08-14,13.7586713286713,13.9386644728366,17.085270921943,13.6102014705541,12.2587343959135,11.1786644728366,10.9861736997208,10.2832570191652,12.2767763749345,12.5777014774986,16.7879098108319,18.7307623749345,24.9792292552763,31.9251320330541,35.9500630742352,33.3595070330541,40.7550281092002,45.3125463356546
2019-08-15,13.3546153986014,13.5346085427666,13.9386644728366,17.085270921943,13.6102014705541,12.2587343959135,11.1786644728366,10.9861736997208,10.2832570191652,12.2767763749345,12.5777014774986,16.7879098108319,18.7307623749345,24.9792292552763,31.9251320330541,35.9500630742352,33.3595070330541,40.7550281092002
2019-08-16,14.6935211267606,14.8735142709258,13.5346085427666,13.9386644728366,17.085270921943,13.6102014705541,12.2587343959135,11.1786644728366,10.9861736997208,10.2832570191652,12.2767763749345,12.5777014774986,16.7879098108319,18.7307623749345,24.9792292552763,31.9251320330541,35.9500630742352,33.3595070330541
2019-08-17,13.4232638888889,13.6032570330541,14.8735142709258,13.5346085427666,13.9386644728366,17.085270921943,13.6102014705541,12.2587343959135,11.1786644728366,10.9861736997208,10.2832570191652,12.2767763749345,12.5777014774986,16.7879098108319,18.7307623749345,24.9792292552763,31.9251320330541,35.9500630742352
2019-08-18,12.4868531468531,12.6668462910184,13.6032570330541,14.8735142709258,13.5346085427666,13.9386644728366,17.085270921943,13.6102014705541,12.2587343959135,11.1786644728366,10.9861736997208,10.2832570191652,12.2767763749345,12.5777014774986,16.7879098108319,18.7307623749345,24.9792292552763,31.9251320330541
2019-08-19,11.2144755174825,11.3944686616478,12.6668462910184,13.6032570330541,14.8735142709258,13.5346085427666,13.9386644728366,17.085270921943,13.6102014705541,12.2587343959135,11.1786644728366,10.9861736997208,10.2832570191652,12.2767763749345,12.5777014774986,16.7879098108319,18.7307623749345,24.9792292552763
2019-08-20,10.9590277708333,11.1390209149986,11.3944686616478,12.6668462910184,13.6032570330541,14.8735142709258,13.5346085427666,13.9386644728366,17.085270921943,13.6102014705541,12.2587343959135,11.1786644728366,10.9861736997208,10.2832570191652,12.2767763749345,12.5777014774986,16.7879098108319,18.7307623749345
2019-08-21,8.98395834722222,9.16395149138746,11.1390209149986,11.3944686616478,12.6668462910184,13.6032570330541,14.8735142709258,13.5346085427666,13.9386644728366,17.085270921943,13.6102014705541,12.2587343959135,11.1786644728366,10.9861736997208,10.2832570191652,12.2767763749345,12.5777014774986,16.7879098108319
2019-08-22,8.95392856428571,9.13392170845095,9.16395149138746,11.1390209149986,11.3944686616478,12.6668462910184,13.6032570330541,14.8735142709258,13.5346085427666,13.9386644728366,17.085270921943,13.6102014705541,12.2587343959135,11.1786644728366,10.9861736997208,10.2832570191652,12.2767763749345,12.5777014774986
2019-08-23,7.63374997916667,7.8137431233319,9.13392170845095,9.16395149138746,11.1390209149986,11.3944686616478,12.6668462910184,13.6032570330541,14.8735142709258,13.5346085427666,13.9386644728366,17.085270921943,13.6102014705541,12.2587343959135,11.1786644728366,10.9861736997208,10.2832570191652,12.2767763749345
2019-08-24,8.65999999264706,8.83999313681229,7.8137431233319,9.13392170845095,9.16395149138746,11.1390209149986,11.3944686616478,12.6668462910184,13.6032570330541,14.8735142709258,13.5346085427666,13.9386644728366,17.085270921943,13.6102014705541,12.2587343959135,11.1786644728366,10.9861736997208,10.2832570191652
2019-08-25,7.10468533566434,7.28467847982957,8.83999313681229,7.8137431233319,9.13392170845095,9.16395149138746,11.1390209149986,11.3944686616478,12.6668462910184,13.6032570330541,14.8735142709258,13.5346085427666,13.9386644728366,17.085270921943,13.6102014705541,12.2587343959135,11.1786644728366,10.9861736997208
2019-08-26,6.09847222222222,6.27846536638746,7.28467847982957,8.83999313681229,7.8137431233319,9.13392170845095,9.16395149138746,11.1390209149986,11.3944686616478,12.6668462910184,13.6032570330541,14.8735142709258,13.5346085427666,13.9386644728366,17.085270921943,13.6102014705541,12.2587343959135,11.1786644728366
2019-08-27,6.08825173426573,6.26824487843097,6.27846536638746,7.28467847982957,8.83999313681229,7.8137431233319,9.13392170845095,9.16395149138746,11.1390209149986,11.3944686616478,12.6668462910184,13.6032570330541,14.8735142709258,13.5346085427666,13.9386644728366,17.085270921943,13.6102014705541,12.2587343959135
2019-08-28,5.19381944444444,5.37381258860968,6.26824487843097,6.27846536638746,7.28467847982957,8.83999313681229,7.8137431233319,9.13392170845095,9.16395149138746,11.1390209149986,11.3944686616478,12.6668462910184,13.6032570330541,14.8735142709258,13.5346085427666,13.9386644728366,17.085270921943,13.6102014705541
2019-08-29,4.81145833333333,4.99145147749857,5.37381258860968,6.26824487843097,6.27846536638746,7.28467847982957,8.83999313681229,7.8137431233319,9.13392170845095,9.16395149138746,11.1390209149986,11.3944686616478,12.6668462910184,13.6032570330541,14.8735142709258,13.5346085427666,13.9386644728366,17.085270921943
2019-08-30,4.8236170212766,5.00361016544183,4.99145147749857,5.37381258860968,6.26824487843097,6.27846536638746,7.28467847982957,8.83999313681229,7.8137431233319,9.13392170845095,9.16395149138746,11.1390209149986,11.3944686616478,12.6668462910184,13.6032570330541,14.8735142709258,13.5346085427666,13.9386644728366
2019-08-31,4.47042253521127,4.6504156793765,5.00361016544183,4.99145147749857,5.37381258860968,6.26824487843097,6.27846536638746,7.28467847982957,8.83999313681229,7.8137431233319,9.13392170845095,9.16395149138746,11.1390209149986,11.3944686616478,12.6668462910184,13.6032570330541,14.8735142709258,13.5346085427666
2019-09-01,4.73528169014085,4.91527483430608,4.6504156793765,5.00361016544183,4.99145147749857,5.37381258860968,6.26824487843097,6.27846536638746,7.28467847982957,8.83999313681229,7.8137431233319,9.13392170845095,9.16395149138746,11.1390209149986,11.3944686616478,12.6668462910184,13.6032570330541,14.8735142709258
2019-09-02,4.62034965034965,4.80034279451489,4.91527483430608,4.6504156793765,5.00361016544183,4.99145147749857,5.37381258860968,6.26824487843097,6.27846536638746,7.28467847982957,8.83999313681229,7.8137431233319,9.13392170845095,9.16395149138746,11.1390209149986,11.3944686616478,12.6668462910184,13.6032570330541
2019-09-03,3.88846153846154,4.06845468262677,4.80034279451489,4.91527483430608,4.6504156793765,5.00361016544183,4.99145147749857,5.37381258860968,6.26824487843097,6.27846536638746,7.28467847982957,8.83999313681229,7.8137431233319,9.13392170845095,9.16395149138746,11.1390209149986,11.3944686616478,12.6668462910184
2019-09-04,4.54783216783217,4.7278253119974,4.06845468262677,4.80034279451489,4.91527483430608,4.6504156793765,5.00361016544183,4.99145147749857,5.37381258860968,6.26824487843097,6.27846536638746,7.28467847982957,8.83999313681229,7.8137431233319,9.13392170845095,9.16395149138746,11.1390209149986,11.3944686616478
2019-09-05,4.27125,4.45124314416524,4.7278253119974,4.06845468262677,4.80034279451489,4.91527483430608,4.6504156793765,5.00361016544183,4.99145147749857,5.37381258860968,6.26824487843097,6.27846536638746,7.28467847982957,8.83999313681229,7.8137431233319,9.13392170845095,9.16395149138746,11.1390209149986
2019-09-06,3.28111888111888,3.46111202528412,4.45124314416524,4.7278253119974,4.06845468262677,4.80034279451489,4.91527483430608,4.6504156793765,5.00361016544183,4.99145147749857,5.37381258860968,6.26824487843097,6.27846536638746,7.28467847982957,8.83999313681229,7.8137431233319,9.13392170845095,9.16395149138746
2019-09-07,4.71664334965035,4.89663649381558,3.46111202528412,4.45124314416524,4.7278253119974,4.06845468262677,4.80034279451489,4.91527483430608,4.6504156793765,5.00361016544183,4.99145147749857,5.37381258860968,6.26824487843097,6.27846536638746,7.28467847982957,8.83999313681229,7.8137431233319,9.13392170845095
2019-09-08,4.87541667361111,5.05540981777635,4.89663649381558,3.46111202528412,4.45124314416524,4.7278253119974,4.06845468262677,4.80034279451489,4.91527483430608,4.6504156793765,5.00361016544183,4.99145147749857,5.37381258860968,6.26824487843097,6.27846536638746,7.28467847982957,8.83999313681229,7.8137431233319
2019-09-09,6.33923077622378,6.51922392038901,5.05540981777635,4.89663649381558,3.46111202528412,4.45124314416524,4.7278253119974,4.06845468262677,4.80034279451489,4.91527483430608,4.6504156793765,5.00361016544183,4.99145147749857,5.37381258860968,6.26824487843097,6.27846536638746,7.28467847982957,8.83999313681229
2019-09-10,5.04404255319149,5.22403569735672,6.51922392038901,5.05540981777635,4.89663649381558,3.46111202528412,4.45124314416524,4.7278253119974,4.06845468262677,4.80034279451489,4.91527483430608,4.6504156793765,5.00361016544183,4.99145147749857,5.37381258860968,6.26824487843097,6.27846536638746,7.28467847982957
2019-09-11,2.94699300699301,3.12698615115824,5.22403569735672,6.51922392038901,5.05540981777635,4.89663649381558,3.46111202528412,4.45124314416524,4.7278253119974,4.06845468262677,4.80034279451489,4.91527483430608,4.6504156793765,5.00361016544183,4.99145147749857,5.37381258860968,6.26824487843097,6.27846536638746
2019-09-12,3.07847222222222,3.25846536638746,3.12698615115824,5.22403569735672,6.51922392038901,5.05540981777635,4.89663649381558,3.46111202528412,4.45124314416524,4.7278253119974,4.06845468262677,4.80034279451489,4.91527483430608,4.6504156793765,5.00361016544183,4.99145147749857,5.37381258860968,6.26824487843097
2019-09-13,3.27381944444444,3.45381258860968,3.25846536638746,3.12698615115824,5.22403569735672,6.51922392038901,5.05540981777635,4.89663649381558,3.46111202528412,4.45124314416524,4.7278253119974,4.06845468262677,4.80034279451489,4.91527483430608,4.6504156793765,5.00361016544183,4.99145147749857,5.37381258860968
2019-09-14,3.71781690140845,3.89781004557369,3.45381258860968,3.25846536638746,3.12698615115824,5.22403569735672,6.51922392038901,5.05540981777635,4.89663649381558,3.46111202528412,4.45124314416524,4.7278253119974,4.06845468262677,4.80034279451489,4.91527483430608,4.6504156793765,5.00361016544183,4.99145147749857
2019-09-15,3.27611111111111,3.45610425527635,3.89781004557369,3.45381258860968,3.25846536638746,3.12698615115824,5.22403569735672,6.51922392038901,5.05540981777635,4.89663649381558,3.46111202528412,4.45124314416524,4.7278253119974,4.06845468262677,4.80034279451489,4.91527483430608,4.6504156793765,5.00361016544183
2019-09-16,2.58929577464789,2.76928891881312,3.45610425527635,3.89781004557369,3.45381258860968,3.25846536638746,3.12698615115824,5.22403569735672,6.51922392038901,5.05540981777635,4.89663649381558,3.46111202528412,4.45124314416524,4.7278253119974,4.06845468262677,4.80034279451489,4.91527483430608,4.6504156793765
2019-09-17,2.19669014084507,2.37668328501031,2.76928891881312,3.45610425527635,3.89781004557369,3.45381258860968,3.25846536638746,3.12698615115824,5.22403569735672,6.51922392038901,5.05540981777635,4.89663649381558,3.46111202528412,4.45124314416524,4.7278253119974,4.06845468262677,4.80034279451489,4.91527483430608
2019-09-18,2.87493055555556,3.05492369972079,2.37668328501031,2.76928891881312,3.45610425527635,3.89781004557369,3.45381258860968,3.25846536638746,3.12698615115824,5.22403569735672,6.51922392038901,5.05540981777635,4.89663649381558,3.46111202528412,4.45124314416524,4.7278253119974,4.06845468262677,4.80034279451489
2019-09-19,3.04159722222222,3.22159036638746,3.05492369972079,2.37668328501031,2.76928891881312,3.45610425527635,3.89781004557369,3.45381258860968,3.25846536638746,3.12698615115824,5.22403569735672,6.51922392038901,5.05540981777635,4.89663649381558,3.46111202528412,4.45124314416524,4.7278253119974,4.06845468262677
2019-09-20,3.95236111111111,4.13235425527635,3.22159036638746,3.05492369972079,2.37668328501031,2.76928891881312,3.45610425527635,3.89781004557369,3.45381258860968,3.25846536638746,3.12698615115824,5.22403569735672,6.51922392038901,5.05540981777635,4.89663649381558,3.46111202528412,4.45124314416524,4.7278253119974
2019-09-21,4.30152777777778,4.48152092194301,4.13235425527635,3.22159036638746,3.05492369972079,2.37668328501031,2.76928891881312,3.45610425527635,3.89781004557369,3.45381258860968,3.25846536638746,3.12698615115824,5.22403569735672,6.51922392038901,5.05540981777635,4.89663649381558,3.46111202528412,4.45124314416524
2019-09-22,4.25055555555556,4.43054869972079,4.48152092194301,4.13235425527635,3.22159036638746,3.05492369972079,2.37668328501031,2.76928891881312,3.45610425527635,3.89781004557369,3.45381258860968,3.25846536638746,3.12698615115824,5.22403569735672,6.51922392038901,5.05540981777635,4.89663649381558,3.46111202528412
2019-09-23,4.47363636363636,4.6536295078016,4.43054869972079,4.48152092194301,4.13235425527635,3.22159036638746,3.05492369972079,2.37668328501031,2.76928891881312,3.45610425527635,3.89781004557369,3.45381258860968,3.25846536638746,3.12698615115824,5.22403569735672,6.51922392038901,5.05540981777635,4.89663649381558
2019-09-24,5.00160839160839,5.18160153577363,4.6536295078016,4.43054869972079,4.48152092194301,4.13235425527635,3.22159036638746,3.05492369972079,2.37668328501031,2.76928891881312,3.45610425527635,3.89781004557369,3.45381258860968,3.25846536638746,3.12698615115824,5.22403569735672,6.51922392038901,5.05540981777635
2019-09-25,5.3423076993007,5.52230084346593,5.18160153577363,4.6536295078016,4.43054869972079,4.48152092194301,4.13235425527635,3.22159036638746,3.05492369972079,2.37668328501031,2.76928891881312,3.45610425527635,3.89781004557369,3.45381258860968,3.25846536638746,3.12698615115824,5.22403569735672,6.51922392038901
2019-09-26,5.61711267605634,5.79710582022157,5.52230084346593,5.18160153577363,4.6536295078016,4.43054869972079,4.48152092194301,4.13235425527635,3.22159036638746,3.05492369972079,2.37668328501031,2.76928891881312,3.45610425527635,3.89781004557369,3.45381258860968,3.25846536638746,3.12698615115824,5.22403569735672
2019-09-27,4.44770833333333,4.62770147749857,5.79710582022157,5.52230084346593,5.18160153577363,4.6536295078016,4.43054869972079,4.48152092194301,4.13235425527635,3.22159036638746,3.05492369972079,2.37668328501031,2.76928891881312,3.45610425527635,3.89781004557369,3.45381258860968,3.25846536638746,3.12698615115824
2019-09-28,4.67153846153846,4.8515316057037,4.62770147749857,5.79710582022157,5.52230084346593,5.18160153577363,4.6536295078016,4.43054869972079,4.48152092194301,4.13235425527635,3.22159036638746,3.05492369972079,2.37668328501031,2.76928891881312,3.45610425527635,3.89781004557369,3.45381258860968,3.25846536638746
2019-09-29,3.21027777777778,3.39027092194301,4.8515316057037,4.62770147749857,5.79710582022157,5.52230084346593,5.18160153577363,4.6536295078016,4.43054869972079,4.48152092194301,4.13235425527635,3.22159036638746,3.05492369972079,2.37668328501031,2.76928891881312,3.45610425527635,3.89781004557369,3.45381258860968
2019-09-30,2.91804195804196,3.09803510220719,3.39027092194301,4.8515316057037,4.62770147749857,5.79710582022157,5.52230084346593,5.18160153577363,4.6536295078016,4.43054869972079,4.48152092194301,4.13235425527635,3.22159036638746,3.05492369972079,2.37668328501031,2.76928891881312,3.45610425527635,3.89781004557369
2019-10-01,2.3348951048951,2.51488824906034,3.09803510220719,3.39027092194301,4.8515316057037,4.62770147749857,5.79710582022157,5.52230084346593,5.18160153577363,4.6536295078016,4.43054869972079,4.48152092194301,4.13235425527635,3.22159036638746,3.05492369972079,2.37668328501031,2.76928891881312,3.45610425527635
2019-10-02,1.80854166666667,1.9885348108319,2.51488824906034,3.09803510220719,3.39027092194301,4.8515316057037,4.62770147749857,5.79710582022157,5.52230084346593,5.18160153577363,4.6536295078016,4.43054869972079,4.48152092194301,4.13235425527635,3.22159036638746,3.05492369972079,2.37668328501031,2.76928891881312
2019-10-03,2.901,3.08099314416524,1.9885348108319,2.51488824906034,3.09803510220719,3.39027092194301,4.8515316057037,4.62770147749857,5.79710582022157,5.52230084346593,5.18160153577363,4.6536295078016,4.43054869972079,4.48152092194301,4.13235425527635,3.22159036638746,3.05492369972079,2.37668328501031
2019-10-04,2.49993055555556,2.67992369972079,3.08099314416524,1.9885348108319,2.51488824906034,3.09803510220719,3.39027092194301,4.8515316057037,4.62770147749857,5.79710582022157,5.52230084346593,5.18160153577363,4.6536295078016,4.43054869972079,4.48152092194301,4.13235425527635,3.22159036638746,3.05492369972079
2019-10-05,3.97291666666667,4.1529098108319,2.67992369972079,3.08099314416524,1.9885348108319,2.51488824906034,3.09803510220719,3.39027092194301,4.8515316057037,4.62770147749857,5.79710582022157,5.52230084346593,5.18160153577363,4.6536295078016,4.43054869972079,4.48152092194301,4.13235425527635,3.22159036638746
2019-10-06,3.71965277777778,3.89964592194301,4.1529098108319,2.67992369972079,3.08099314416524,1.9885348108319,2.51488824906034,3.09803510220719,3.39027092194301,4.8515316057037,4.62770147749857,5.79710582022157,5.52230084346593,5.18160153577363,4.6536295078016,4.43054869972079,4.48152092194301,4.13235425527635
2019-10-07,4.53333333333333,4.71332647749857,3.89964592194301,4.1529098108319,2.67992369972079,3.08099314416524,1.9885348108319,2.51488824906034,3.09803510220719,3.39027092194301,4.8515316057037,4.62770147749857,5.79710582022157,5.52230084346593,5.18160153577363,4.6536295078016,4.43054869972079,4.48152092194301
2019-10-08,4.81409722222222,4.99409036638746,4.71332647749857,3.89964592194301,4.1529098108319,2.67992369972079,3.08099314416524,1.9885348108319,2.51488824906034,3.09803510220719,3.39027092194301,4.8515316057037,4.62770147749857,5.79710582022157,5.52230084346593,5.18160153577363,4.6536295078016,4.43054869972079
2019-10-09,4.12517482517482,4.30516796934006,4.99409036638746,4.71332647749857,3.89964592194301,4.1529098108319,2.67992369972079,3.08099314416524,1.9885348108319,2.51488824906034,3.09803510220719,3.39027092194301,4.8515316057037,4.62770147749857,5.79710582022157,5.52230084346593,5.18160153577363,4.6536295078016
2019-10-10,4.42450704225352,4.60450018641876,4.30516796934006,4.99409036638746,4.71332647749857,3.89964592194301,4.1529098108319,2.67992369972079,3.08099314416524,1.9885348108319,2.51488824906034,3.09803510220719,3.39027092194301,4.8515316057037,4.62770147749857,5.79710582022157,5.52230084346593,5.18160153577363
2019-10-11,4.89701388888889,5.07700703305412,4.60450018641876,4.30516796934006,4.99409036638746,4.71332647749857,3.89964592194301,4.1529098108319,2.67992369972079,3.08099314416524,1.9885348108319,2.51488824906034,3.09803510220719,3.39027092194301,4.8515316057037,4.62770147749857,5.79710582022157,5.52230084346593
2019-10-12,3.84260563380282,4.02259877796805,5.07700703305412,4.60450018641876,4.30516796934006,4.99409036638746,4.71332647749857,3.89964592194301,4.1529098108319,2.67992369972079,3.08099314416524,1.9885348108319,2.51488824906034,3.09803510220719,3.39027092194301,4.8515316057037,4.62770147749857,5.79710582022157
2019-10-13,4.00979020979021,4.18978335395544,4.02259877796805,5.07700703305412,4.60450018641876,4.30516796934006,4.99409036638746,4.71332647749857,3.89964592194301,4.1529098108319,2.67992369972079,3.08099314416524,1.9885348108319,2.51488824906034,3.09803510220719,3.39027092194301,4.8515316057037,4.62770147749857
2019-10-14,4.20416666666667,4.3841598108319,4.18978335395544,4.02259877796805,5.07700703305412,4.60450018641876,4.30516796934006,4.99409036638746,4.71332647749857,3.89964592194301,4.1529098108319,2.67992369972079,3.08099314416524,1.9885348108319,2.51488824906034,3.09803510220719,3.39027092194301,4.8515316057037
2019-10-15,4.65503495804196,4.83502810220719,4.3841598108319,4.18978335395544,4.02259877796805,5.07700703305412,4.60450018641876,4.30516796934006,4.99409036638746,4.71332647749857,3.89964592194301,4.1529098108319,2.67992369972079,3.08099314416524,1.9885348108319,2.51488824906034,3.09803510220719,3.39027092194301
2019-10-16,5.5396478943662,5.71964103853143,4.83502810220719,4.3841598108319,4.18978335395544,4.02259877796805,5.07700703305412,4.60450018641876,4.30516796934006,4.99409036638746,4.71332647749857,3.89964592194301,4.1529098108319,2.67992369972079,3.08099314416524,1.9885348108319,2.51488824906034,3.09803510220719
2019-10-17,4.44265734265734,4.62265048682258,5.71964103853143,4.83502810220719,4.3841598108319,4.18978335395544,4.02259877796805,5.07700703305412,4.60450018641876,4.30516796934006,4.99409036638746,4.71332647749857,3.89964592194301,4.1529098108319,2.67992369972079,3.08099314416524,1.9885348108319,2.51488824906034
2019-10-18,4.56832167132867,4.74831481549391,4.62265048682258,5.71964103853143,4.83502810220719,4.3841598108319,4.18978335395544,4.02259877796805,5.07700703305412,4.60450018641876,4.30516796934006,4.99409036638746,4.71332647749857,3.89964592194301,4.1529098108319,2.67992369972079,3.08099314416524,1.9885348108319
2019-10-19,3.564375,3.74436814416524,4.74831481549391,4.62265048682258,5.71964103853143,4.83502810220719,4.3841598108319,4.18978335395544,4.02259877796805,5.07700703305412,4.60450018641876,4.30516796934006,4.99409036638746,4.71332647749857,3.89964592194301,4.1529098108319,2.67992369972079,3.08099314416524
2019-10-20,4.0525,4.23249314416524,3.74436814416524,4.74831481549391,4.62265048682258,5.71964103853143,4.83502810220719,4.3841598108319,4.18978335395544,4.02259877796805,5.07700703305412,4.60450018641876,4.30516796934006,4.99409036638746,4.71332647749857,3.89964592194301,4.1529098108319,2.67992369972079
2019-10-21,4.32090277777778,4.50089592194301,4.23249314416524,3.74436814416524,4.74831481549391,4.62265048682258,5.71964103853143,4.83502810220719,4.3841598108319,4.18978335395544,4.02259877796805,5.07700703305412,4.60450018641876,4.30516796934006,4.99409036638746,4.71332647749857,3.89964592194301,4.1529098108319
2019-10-22,5.4920979020979,5.67209104626314,4.50089592194301,4.23249314416524,3.74436814416524,4.74831481549391,4.62265048682258,5.71964103853143,4.83502810220719,4.3841598108319,4.18978335395544,4.02259877796805,5.07700703305412,4.60450018641876,4.30516796934006,4.99409036638746,4.71332647749857,3.89964592194301
2019-10-23,4.98930555555556,5.16929869972079,5.67209104626314,4.50089592194301,4.23249314416524,3.74436814416524,4.74831481549391,4.62265048682258,5.71964103853143,4.83502810220719,4.3841598108319,4.18978335395544,4.02259877796805,5.07700703305412,4.60450018641876,4.30516796934006,4.99409036638746,4.71332647749857
2019-10-24,4.14140845070423,4.32140159486946,5.16929869972079,5.67209104626314,4.50089592194301,4.23249314416524,3.74436814416524,4.74831481549391,4.62265048682258,5.71964103853143,4.83502810220719,4.3841598108319,4.18978335395544,4.02259877796805,5.07700703305412,4.60450018641876,4.30516796934006,4.99409036638746
2019-10-25,5.16943661971831,5.34942976388355,4.32140159486946,5.16929869972079,5.67209104626314,4.50089592194301,4.23249314416524,3.74436814416524,4.74831481549391,4.62265048682258,5.71964103853143,4.83502810220719,4.3841598108319,4.18978335395544,4.02259877796805,5.07700703305412,4.60450018641876,4.30516796934006
2019-10-26,6.99791666666667,7.1779098108319,5.34942976388355,4.32140159486946,5.16929869972079,5.67209104626314,4.50089592194301,4.23249314416524,3.74436814416524,4.74831481549391,4.62265048682258,5.71964103853143,4.83502810220719,4.3841598108319,4.18978335395544,4.02259877796805,5.07700703305412,4.60450018641876
2019-10-27,8.06395831944444,8.24395146360968,7.1779098108319,5.34942976388355,4.32140159486946,5.16929869972079,5.67209104626314,4.50089592194301,4.23249314416524,3.74436814416524,4.74831481549391,4.62265048682258,5.71964103853143,4.83502810220719,4.3841598108319,4.18978335395544,4.02259877796805,5.07700703305412
2019-10-28,7.5292857,7.70927884416523,8.24395146360968,7.1779098108319,5.34942976388355,4.32140159486946,5.16929869972079,5.67209104626314,4.50089592194301,4.23249314416524,3.74436814416524,4.74831481549391,4.62265048682258,5.71964103853143,4.83502810220719,4.3841598108319,4.18978335395544,4.02259877796805
2019-10-29,6.7993006993007,6.97929384346594,7.70927884416523,8.24395146360968,7.1779098108319,5.34942976388355,4.32140159486946,5.16929869972079,5.67209104626314,4.50089592194301,4.23249314416524,3.74436814416524,4.74831481549391,4.62265048682258,5.71964103853143,4.83502810220719,4.3841598108319,4.18978335395544
2019-10-30,5.16468531468531,5.34467845885055,6.97929384346594,7.70927884416523,8.24395146360968,7.1779098108319,5.34942976388355,4.32140159486946,5.16929869972079,5.67209104626314,4.50089592194301,4.23249314416524,3.74436814416524,4.74831481549391,4.62265048682258,5.71964103853143,4.83502810220719,4.3841598108319
2019-10-31,4.2894444375,4.46943758166524,5.34467845885055,6.97929384346594,7.70927884416523,8.24395146360968,7.1779098108319,5.34942976388355,4.32140159486946,5.16929869972079,5.67209104626314,4.50089592194301,4.23249314416524,3.74436814416524,4.74831481549391,4.62265048682258,5.71964103853143,4.83502810220719
2019-11-01,5.11972028671329,5.29971343087852,4.46943758166524,5.34467845885055,6.97929384346594,7.70927884416523,8.24395146360968,7.1779098108319,5.34942976388355,4.32140159486946,5.16929869972079,5.67209104626314,4.50089592194301,4.23249314416524,3.74436814416524,4.74831481549391,4.62265048682258,5.71964103853143
2019-11-02,3.61236111111111,3.79235425527635,5.29971343087852,4.46943758166524,5.34467845885055,6.97929384346594,7.70927884416523,8.24395146360968,7.1779098108319,5.34942976388355,4.32140159486946,5.16929869972079,5.67209104626314,4.50089592194301,4.23249314416524,3.74436814416524,4.74831481549391,4.62265048682258
2019-11-03,3.73902097902098,3.91901412318621,3.79235425527635,5.29971343087852,4.46943758166524,5.34467845885055,6.97929384346594,7.70927884416523,8.24395146360968,7.1779098108319,5.34942976388355,4.32140159486946,5.16929869972079,5.67209104626314,4.50089592194301,4.23249314416524,3.74436814416524,4.74831481549391
2019-11-04,3.79741258741259,3.97740573157782,3.91901412318621,3.79235425527635,5.29971343087852,4.46943758166524,5.34467845885055,6.97929384346594,7.70927884416523,8.24395146360968,7.1779098108319,5.34942976388355,4.32140159486946,5.16929869972079,5.67209104626314,4.50089592194301,4.23249314416524,3.74436814416524
2019-11-05,4.635625,4.81561814416524,3.97740573157782,3.91901412318621,3.79235425527635,5.29971343087852,4.46943758166524,5.34467845885055,6.97929384346594,7.70927884416523,8.24395146360968,7.1779098108319,5.34942976388355,4.32140159486946,5.16929869972079,5.67209104626314,4.50089592194301,4.23249314416524
2019-11-06,4.61070921985816,4.79070236402339,4.81561814416524,3.97740573157782,3.91901412318621,3.79235425527635,5.29971343087852,4.46943758166524,5.34467845885055,6.97929384346594,7.70927884416523,8.24395146360968,7.1779098108319,5.34942976388355,4.32140159486946,5.16929869972079,5.67209104626314,4.50089592194301
2019-11-07,5.34412587412587,5.52411901829111,4.79070236402339,4.81561814416524,3.97740573157782,3.91901412318621,3.79235425527635,5.29971343087852,4.46943758166524,5.34467845885055,6.97929384346594,7.70927884416523,8.24395146360968,7.1779098108319,5.34942976388355,4.32140159486946,5.16929869972079,5.67209104626314
2019-11-08,5.5144056013986,5.69439874556384,5.52411901829111,4.79070236402339,4.81561814416524,3.97740573157782,3.91901412318621,3.79235425527635,5.29971343087852,4.46943758166524,5.34467845885055,6.97929384346594,7.70927884416523,8.24395146360968,7.1779098108319,5.34942976388355,4.32140159486946,5.16929869972079
2019-11-09,5.99402777083333,6.17402091499857,5.69439874556384,5.52411901829111,4.79070236402339,4.81561814416524,3.97740573157782,3.91901412318621,3.79235425527635,5.29971343087852,4.46943758166524,5.34467845885055,6.97929384346594,7.70927884416523,8.24395146360968,7.1779098108319,5.34942976388355,4.32140159486946
2019-11-10,5.41160839160839,5.59160153577363,6.17402091499857,5.69439874556384,5.52411901829111,4.79070236402339,4.81561814416524,3.97740573157782,3.91901412318621,3.79235425527635,5.29971343087852,4.46943758166524,5.34467845885055,6.97929384346594,7.70927884416523,8.24395146360968,7.1779098108319,5.34942976388355
2019-11-11,6.32825175524476,6.50824489940999,5.59160153577363,6.17402091499857,5.69439874556384,5.52411901829111,4.79070236402339,4.81561814416524,3.97740573157782,3.91901412318621,3.79235425527635,5.29971343087852,4.46943758166524,5.34467845885055,6.97929384346594,7.70927884416523,8.24395146360968,7.1779098108319
2019-11-12,7.00352112676056,7.1835142709258,6.50824489940999,5.59160153577363,6.17402091499857,5.69439874556384,5.52411901829111,4.79070236402339,4.81561814416524,3.97740573157782,3.91901412318621,3.79235425527635,5.29971343087852,4.46943758166524,5.34467845885055,6.97929384346594,7.70927884416523,8.24395146360968
