"forecast_date","forecast_mean_chl","forecast_median_chl","forecast_sd_chl","forecast_CI95_upper","forecast_CI95_lower","forecast_max","forecast_min","forecast_variance","obs_chl_EXO","forecast_run_day","day_in_future","par1","par2","par3","par4","par5","week"
2019-01-17,5.89265154011144,5.65984068411041,2.18571465337105,10.6287356210853,2.2922670801184,13.6572481900345,1.53836439952318,0.109822430478211,8.49780141843972,2019-01-02,15,0.235088403214299,0.76800868085073,0.00213154155890048,0.193027278701988,NA,"15"
2019-01-18,5.93377484729411,5.74499872133789,2.26829291336534,10.8793101833137,2.21065722316039,14.3838534112044,1.04951130338536,0.118208091029373,8.23583335416667,2019-01-03,15,0.217968412802893,0.780538654213166,0.00207333512998769,0.190108576902411,NA,"15"
2019-01-19,6.22187349902767,5.90065418825752,2.32682861866796,11.3119104445635,2.37033024228091,16.7561290615187,0.696212047911549,0.119762641918711,9.82791666666667,2019-01-04,15,0.199609645918485,0.780953210883896,0.00229613726194447,0.190484030239548,NA,"15"
2019-01-20,6.34250711062841,5.89344854893185,2.58586500353223,11.9866871379419,2.17114746200077,17.9040677568723,0.97546355796597,0.1424220900113,8.95243052083333,2019-01-05,15,0.198459706619177,0.792281258256275,0.00211189964228725,0.19244637711432,NA,"15"
2019-01-21,6.56939271348521,6.27392074762143,2.40918098339607,11.880112256539,2.5377844019896,20.0399658621508,0.979252506160231,0.123690368215839,7.74531471328671,2019-01-06,15,0.177122592539142,0.790804172156671,0.00240396292730717,0.191560324327092,NA,"15"
2019-01-22,6.03117955255398,5.74285221258769,2.38168865870058,11.3176728592976,2.10723574271757,16.9857383730652,0.922577383057816,0.131758868835392,7.48736109027778,2019-01-07,15,0.189240222034071,0.804347399584078,0.00195355220008414,0.190657391256891,NA,"15"
2019-01-23,6.24231521953094,6.09364779107339,2.30110475995689,11.2814684063854,2.4156760528515,15.6375102455511,1.38092907581725,0.11725040162427,9.48034724305556,2019-01-08,15,0.164183918849948,0.798776000172154,0.00237557949888871,0.189711267971054,NA,"15"
2019-01-24,6.11292746373483,5.85120983052225,2.40638538069431,11.3419792296367,2.20450057901896,17.9610889010795,0.180136114777991,0.127704748264857,9.14521128169014,2019-01-09,15,0.192046526443136,0.796048506875197,0.00208070709685937,0.190438792824736,NA,"15"
2019-01-25,6.17060268883279,5.92744109951581,2.39755711504425,11.6102247732891,2.1395120329453,15.6313219168596,0.107582207605025,0.136205332847423,7.87972222222222,2019-01-10,15,0.207215963162407,0.794616574252108,0.00193883877018435,0.189048898917539,NA,"15"
2019-01-26,6.09853818285443,5.86967532758971,2.51575665937022,11.5058953338355,2.09817897235737,21.4031833208248,1.11136211460755,0.136057044175423,7.82555554861111,2019-01-11,15,0.185744269642404,0.797286420650832,0.00215269039467864,0.189530757582484,NA,"15"
2019-01-27,6.41405206088479,6.27317508698113,2.40342085701453,11.621677866804,2.46537273957356,21.7873363935857,0.44249749982403,0.121740432265228,9.06244754545455,2019-01-12,15,0.155494095468359,0.803994122400446,0.00240620658463536,0.18875540710323,NA,"15"
2019-01-28,6.33997716926927,6.09698379181229,2.29653632122261,11.3964778443779,2.48784317178593,14.6428496767246,1.17245333784569,0.116462551611626,8.73293706993007,2019-01-13,15,0.196169876134996,0.800414098174099,0.00198431951788945,0.187803449602198,NA,"15"
2019-01-29,6.67634005202609,6.39879996881701,2.52587622120623,12.2506713825575,2.48122643469469,17.1200336867672,0.589061689055145,0.133370689418231,10.3911805486111,2019-01-14,15,0.168589452270692,0.802763870161343,0.0022820936993177,0.188173982295978,NA,"15"
2019-01-30,6.38811971826548,6.24420636071823,2.31904278384,11.5204687810422,2.48568179900594,15.964674958586,0.31011287017021,0.11893270769664,9.83583330555556,2019-01-15,15,0.177315600818942,0.806127582343562,0.00212071930985333,0.187938644647128,NA,"15"
2019-01-31,5.92697399804762,5.8260236781017,2.31824136912886,11.2453366386266,2.00638971166846,14.3106571603193,0.167568720329441,0.135165507932011,8.36407141428571,2019-01-16,15,0.178273794163142,0.798813711668087,0.00227517489829173,0.18574608721463,NA,"15"
2019-02-01,5.73194915925493,5.57223084414579,2.20731770465594,10.719362666523,2.02246045062578,12.6697071165863,0.824386844857162,0.123575639863032,9.16000003521127,2019-01-17,15,0.190382378613757,0.797976936229918,0.00213501481197621,0.186441984931013,NA,"15"
2019-02-02,6.36746549473574,6.14115199913259,2.31852056565669,11.4558805775784,2.49299292123902,18.1890777471105,1.28463257496575,0.117388536875674,9.58270834722222,2019-01-18,15,0.170259003880077,0.80884123910212,0.00213286537312208,0.186021034345003,NA,"15"
2019-02-03,6.33120912832874,6.02161510161646,2.5779513686707,11.9651997495258,2.16736133821915,17.7923923946583,1.14459293873173,0.14216317050517,7.97790206293706,2019-01-19,15,0.15314284701053,0.810286422961984,0.0023283598357721,0.185368648658124,NA,"15"
2019-02-04,6.4332915609571,6.27969579768871,2.4742485936547,12.0762221058955,2.24524288322029,13.9084341038416,0.624854575280056,0.140687431573484,8.72694445833333,2019-01-20,15,0.159383703321779,0.804607156611284,0.00241178683345844,0.185326786340614,NA,"15"
2019-02-05,6.43975990694242,6.20455851275403,2.4223594052243,11.7291828002263,2.44147418439926,20.5492040910223,1.22789822414102,0.124853279469321,7.70027972727273,2019-01-21,15,0.150916304213179,0.813507400097214,0.00232670975353763,0.184664791886264,NA,"15"
2019-02-06,5.6312289082881,5.48251163551847,2.18619684378684,10.4410866896469,2.0350644107288,14.8957156192866,1.18138163422029,0.117364436704518,8.66993057638889,2019-01-22,15,0.145330635537527,0.807580578478003,0.00251408615004378,0.183781085230619,NA,"15"
2019-02-07,5.96547424581778,5.66158787295834,2.31694047521879,11.0499923482622,2.16135718592465,19.4933630671813,1.34918536826152,0.123815093253607,9.34340277083333,2019-01-23,15,0.151283428195184,0.807004521307543,0.00246523772019655,0.185287904760741,NA,"15"
2019-02-08,6.07236647998134,5.87339264499305,2.72676963384069,11.9866227908846,1.82119049078351,28.5894927740016,0.433873569198843,0.160820272927844,7.70814286428571,2019-01-24,15,0.153959579651548,0.818479754574077,0.00219749875697883,0.186171453803426,NA,"15"
2019-02-09,5.97661962739839,5.67614352118377,2.48253159824009,11.4487008607205,1.96686100990654,15.4602899530916,0.63008519291392,0.141406953781538,7.52664336363636,2019-01-25,15,0.157588415906877,0.813455996984796,0.00226800437049901,0.185533394975907,NA,"15"
2019-02-10,6.04843519376657,5.87772651249332,2.33252144929611,11.3486555604581,2.11398666087181,17.2088729093935,0.28983106660099,0.132070469598926,8.43251752447553,2019-01-26,15,0.14581659380853,0.817185288722931,0.00231073145804415,0.184479499005068,NA,"15"
2019-02-11,6.5759253246681,6.31809098507537,2.49324942164654,12.2521868179411,2.34364098267667,15.1848475209271,0.699657140053644,0.139632942883079,9.01076393055556,2019-01-27,15,0.147885862852822,0.813891866437063,0.00237032331699054,0.18337115080571,NA,"15"
2019-02-12,6.81421887955261,6.39913632965338,2.67279199086503,12.6303481367567,2.46366107748295,15.4800964499203,1.65828518555261,0.141721117335017,9.22300696503497,2019-01-28,15,0.1620398627303,0.815700503286858,0.00216938272925954,0.184559703891647,NA,"15"
2019-02-13,6.45947059816825,6.09725361771048,2.56092199735308,12.0273387481095,2.30644270197102,19.2488007700397,0.912896451859544,0.136815397781322,7.45562499305556,2019-01-29,15,0.158090836394098,0.814627099182887,0.00224773390030718,0.185321188134812,NA,"15"
2019-02-14,6.65467001947187,6.33286578739955,2.61530294862009,12.3273075349427,2.4100440052137,20.7203217348886,1.50690935612328,0.138089060625539,7.61580418881119,2019-01-30,15,0.172671994925182,0.822982846861753,0.00189673807668057,0.185516330864593,NA,"15"
2019-02-15,7.09614276278657,6.75214052912186,2.88257984893778,13.4256251732288,2.42077133090887,17.5895393854364,1.58871146538345,0.159952935257457,8.48153844055944,2019-01-31,15,0.157930486581795,0.831257039921719,0.00189690903250985,0.184788484199864,NA,"15"
2019-02-16,6.74676978430483,6.41087497908936,2.77479264417986,12.7412960615478,2.31407376099676,18.0021096064007,1.54234474214225,0.15102936666775,7.23437499305556,2019-02-01,15,0.154543517257119,0.831438240601598,0.00193562871400715,0.18551944593365,NA,"15"
2019-02-17,7.17144986354634,6.74814893338798,2.78896838984571,13.2949986458869,2.59117399005093,20.9309187669372,0.581634737633819,0.149234866869275,8.20380283802817,2019-02-02,15,0.160247875389262,0.82893568933827,0.00192916564088138,0.18411444010053,NA,"15"
2019-02-18,7.20939461395896,6.80967443448212,2.72324378579267,13.0023878737945,2.80415119329104,21.6089569849382,1.12101236282034,0.134195748081273,7.62657344755245,2019-02-03,15,0.183514440986123,0.826641756665544,0.00170850069557022,0.185316773131156,NA,"15"
2019-02-19,7.11448519815113,6.8553935839037,2.74150244909161,13.15385674464,2.58980031168733,22.201028426138,1.06401529864117,0.146470569632862,7.04305555555556,2019-02-04,15,0.151152722179069,0.834755402756603,0.00190644819682407,0.185558068229612,NA,"15"
2019-02-20,6.97912683555016,6.6951801458287,2.54952431187324,12.6037101490377,2.70544927019355,18.3641820599131,1.41853776005022,0.130632915487464,9.19312502083333,2019-02-05,15,0.16793942808339,0.836191054854716,0.00167308755281028,0.1844272864752,NA,"15"
2019-02-21,7.22713664237111,6.92867582200109,2.55966999868864,12.8354024328667,2.92366760586369,16.3339301085185,1.34623034448898,0.126174164502503,7.73167833566434,2019-02-06,15,0.185374907328766,0.825987360953287,0.00169646472651973,0.183553766041517,NA,"15"
2019-02-22,7.18796146666273,6.96259792381827,2.55233830559304,12.7818080271544,2.89871124828604,16.2062962285788,1.30298075648362,0.126154784625468,8.26624997916667,2019-02-07,15,0.159617416450029,0.829726492072989,0.00195159116020538,0.183968850717413,NA,"15"
2019-02-23,6.51320642002417,6.27397247461177,2.41423718502013,11.8938179892854,2.45225365449739,15.1978675308096,0.345552833788678,0.127611328339555,10.8288732676056,2019-02-08,15,0.149801829952577,0.836573565094003,0.00191504292045971,0.182698999849406,NA,"15"
2019-02-24,6.45895337257926,6.15613684567346,2.58982441612478,12.3002115475172,2.16233728269708,16.7473674575773,0.0387308499326209,0.14936726654294,8.86209790909091,2019-02-09,15,0.126335927079666,0.837216892799225,0.00218058765295036,0.18343945357826,NA,"15"
2019-02-25,6.91491734192611,6.6341717782782,2.72863511998244,12.9533110489175,2.42717830739789,16.3245664002633,1.51025266395693,0.14994868521241,7.8144444375,2019-02-10,15,0.141873877673972,0.831182184025818,0.00213331109501661,0.182809630461253,NA,"15"
2019-02-26,7.48985013245281,7.1200048114827,2.79369809433646,13.5542124037739,2.8873343562285,18.9958121115649,1.25785155680564,0.141360912790426,9.38749998611111,2019-02-11,15,0.139867756244105,0.83385540145811,0.00209270344357474,0.182915002274731,NA,"15"
2019-02-27,7.09625797461899,6.68473232025161,2.70637734931376,12.8543936532248,2.72893301553012,18.0040147924155,2.23735245100612,0.134491735957961,8.57861108333333,2019-02-12,15,0.129417461719912,0.835538421290816,0.00219968085898936,0.182576336302945,NA,"15"
2019-02-28,7.3864088015148,7.13327739833601,2.78672768204283,13.5169994618832,2.76459365475037,17.6574224248149,1.29058964540388,0.145898960331527,9.27314686013986,2019-02-13,15,0.112549460841215,0.840795930439573,0.00226796481908962,0.182257630898429,NA,"15"
2019-03-01,7.19160633996536,7.10204392315235,2.48823060806584,12.5605546645307,3.0318203833088,18.7047354083823,1.62860082546405,0.116926296032266,0.848125,2019-02-14,15,0.14381835287954,0.831678832289484,0.00210408572404859,0.181240702919461,NA,"15"
2019-03-02,7.59176708636794,7.20894731173623,2.71559258426352,13.5696470304791,3.02157585957253,16.6542717681189,2.1588945827111,0.136123842463618,0.442307692307692,2019-02-15,15,0.149641284372711,0.833400069130722,0.00199873018557701,0.18132183984258,NA,"15"
2019-03-03,6.80796290333831,6.60844723072335,2.52540525037077,12.4674991546808,2.54354681228999,18.747942812362,0.286043239335261,0.134908459932692,0.494652777777778,2019-02-16,15,0.146034598825813,0.835962551854992,0.00199602606195368,0.180667434956536,NA,"15"
2019-03-04,7.1546461729424,6.73503446909118,2.64676678573451,12.9733157440153,2.74402845386687,17.8031753629398,0.705854137560528,0.136158957675935,0.466573426573427,2019-02-17,15,0.147873866138841,0.836029475996853,0.00196409908185227,0.180281575151196,NA,"15"
2019-03-05,6.58642341143945,6.46237674974674,2.36999439735738,11.8180254120613,2.59644098171167,15.3499420353629,1.24133120031102,0.120064915481037,0.428472222222222,2019-02-18,15,0.149046665853651,0.833628878863832,0.00199968367968723,0.179673718406652,NA,"15"
2019-03-06,6.17891429837802,6.04671083232015,2.25735307553631,11.2032827633794,2.37092505464813,16.0627324350702,0.576829351370265,0.117624167513471,0.456527777777778,2019-02-19,15,0.144485249139239,0.837858693416487,0.00196196874957378,0.178897469417575,NA,"15"
2019-03-07,6.69343003184617,6.40645588301752,2.53516130661817,12.3401011972363,2.45595040139406,14.3924912707249,1.30716899787224,0.136269165294401,0.459375,2019-02-20,15,0.160617331578275,0.830815016586908,0.00192993686859636,0.179975377773042,NA,"15"
2019-03-08,6.37039951962282,6.15067853457082,2.49073811996375,11.8888291082431,2.26012717179319,16.208194000501,0.450004861087507,0.136169148797964,0.455763888888889,2019-02-21,15,0.143166663636784,0.835699909416661,0.00203614694491043,0.180177842322951,NA,"15"
2019-03-09,6.53481996588854,6.26863128163699,2.37408940127779,11.7754816682338,2.5479995240349,15.5854562978334,0.848263763820715,0.121246755847414,0.489440559440559,2019-02-22,15,0.163903888669661,0.825663179853179,0.00199854233373434,0.178970652766602,NA,"15"
2019-03-10,6.95430057710129,6.55517157096988,2.63872777804978,12.6919168232821,2.62203887563069,19.3030029223663,0.735862126745176,0.13589812740308,0.640138888888889,2019-02-23,15,0.173739288147272,0.830444073291925,0.00178768463303977,0.178152748800755,NA,"15"
2019-03-11,6.39236187944761,6.1990510565596,2.52280884343318,12.0019288468265,2.22965527769173,17.2495280793526,0.856192519155034,0.139911750413453,0.786760563380282,2019-02-24,15,0.13692931814896,0.833399285834177,0.002186903774076,0.180580042615266,NA,"15"
2019-03-12,6.18204104956281,5.88928520640005,2.39606570147257,11.4378250039791,2.24680162142922,15.5993935094471,1.45106091341266,0.127696977926101,0.877202797202797,2019-02-25,15,0.133722037929788,0.832695933339815,0.00222503501170939,0.179572394189179,NA,"15"
2019-03-13,6.75269504465101,6.47394377215792,2.73780007216737,12.957480285477,2.21012746530315,16.3151118681713,0.248032717536745,0.160736853473361,0.935972222222222,2019-02-26,15,0.162588447474825,0.830614543883672,0.00195374583311381,0.179196943793854,NA,"15"
2019-03-14,7.07976229883751,6.98271546196873,2.36777276421569,12.2684883035285,3.04161900786666,16.960521588947,0.96137710201598,0.111261629177829,1.12007042253521,2019-02-27,15,0.176409819661931,0.831110512649983,0.00175972034536757,0.180202823753654,NA,"15"
2019-03-15,7.23258006473191,7.11377052064971,2.61682159358261,12.9965608562973,2.83990172832429,23.205588651908,0.916743495764118,0.132605282034087,1.83006944444444,2019-02-28,15,0.18152257048305,0.83367503536478,0.00164427701508975,0.179930325820216,NA,"15"
2019-03-16,6.20154578147542,5.91882753580708,2.46164832998234,11.8363143932548,2.06284510561916,15.7718429892899,0.513018643595497,0.144670134468925,2.27685314685315,2019-03-01,15,0.170876406184274,0.841784739690178,0.00161527695526778,0.179713318801078,NA,"15"
2019-03-17,5.90176082932737,5.6626765087912,2.65917016211364,12.2745582447644,1.47943458111501,15.7957459547227,0.0349058449231442,0.188611037817645,2.76743055555556,2019-03-02,15,0.291088791789941,0.806665049948645,0.000770298693885785,0.219625269366442,NA,"15"
2019-03-18,5.45334608453882,5.13885759861781,2.65185371005225,11.8544671366981,1.15001349087052,16.2816871357242,0.0358903178976284,0.202856655830938,3.29916666666667,2019-03-03,15,0.22583624226964,0.834053940713019,0.000906106193303972,0.220624130722395,NA,"15"
2019-03-19,5.50046855796632,5.08524203446764,2.57404977120826,11.2842241289965,1.44939446624503,16.7984930158718,0.371106978232099,0.167550721851921,3.37902097902098,2019-03-04,15,0.237292998222861,0.839922317207705,0.000632089531586159,0.22123685908078,NA,"15"
2019-03-20,5.03201915193904,4.75187859801899,2.79930600720225,12.3842488063175,0.558131733201754,14.4010683861394,0.0412747735208261,0.27833639654931,3.5125,2019-03-05,15,0.174892471900527,0.861984552989089,0.00085364606867623,0.221275374741679,NA,"15"
2019-03-21,5.22638708808123,5.01564481512476,2.83933561675287,12.0185779548245,0.852342908864816,17.4797179168823,0.0310482960848353,0.233835374751376,2.65188811188811,2019-03-06,15,0.186915786247152,0.856549639283378,0.000843261529540917,0.219761588593487,NA,"15"
2019-03-22,5.07084380048071,4.86549720816442,2.73628210152146,12.1413229138181,0.665527685076354,15.6551339887605,0.0314769026915825,0.257721912243693,3.15375,2019-03-07,15,0.187544493944546,0.856038262452606,0.000812699384490809,0.220650558323374,NA,"15"
2019-03-23,5.03596115051135,4.71807999584408,3.06701130552625,12.9152926691698,0.417145784817252,20.1199739271305,0.0325718720660288,0.315292707611181,2.85875,2019-03-08,15,0.133278655305425,0.874361731570048,0.00108107180086067,0.220864621374652,NA,"15"
2019-03-24,4.51267674536083,4.18522333926923,2.65249794874712,11.1066439155854,0.501851538310909,13.1858791718352,0.0339688298721683,0.249790458168081,3.62014184397163,2019-03-09,15,0.145347875538452,0.872214054326479,0.000964177319356903,0.219831891874737,NA,"15"
2019-03-25,4.3903278985476,3.9916893636978,2.81236496248632,11.8471980153168,0.23440344147218,18.9494126506611,0.0308242375855511,0.319202250777381,3.7193006993007,2019-03-10,15,0.129560271295792,0.885953824816478,0.000827513487043779,0.218434059538597,NA,"15"
2019-03-26,4.25438587664623,3.96337980644651,2.63891302755711,10.9668566083869,0.341075167346807,14.29291612338,0.0331741532367623,0.270679457211112,3.92748251748252,2019-03-11,15,0.120737821140611,0.884547766606171,0.000960091471413258,0.219299967306184,NA,"15"
2019-03-27,4.30375574640869,4.03336330703222,2.61372633413903,10.8621546411017,0.404125408860437,18.2177129318578,0.030806050135982,0.257103568259116,4.2812676056338,2019-03-12,15,0.117079550515399,0.888643542465995,0.000917379861454065,0.218526741653791,NA,"15"
2019-03-28,4.48794215994213,4.16712381709808,2.70196145294851,11.1359260516891,0.473281063663087,20.0807203370755,0.03314598073855,0.254642956895783,3.77601398601399,2019-03-13,15,0.11496826936774,0.885513832358136,0.00102907815509009,0.217837395964585,NA,"15"
2019-03-29,4.37494813568362,3.89500395728866,2.79311755975659,10.9966424329743,0.422682479372149,31.0010973357503,0.0308154083046331,0.258134400967148,3.56405594405594,2019-03-14,15,0.107643831289741,0.89212922460777,0.000961125667072015,0.216435763498456,NA,"15"
2019-03-30,4.50904517917192,4.1328608195242,2.80527085211887,11.4253298318225,0.410747291637781,16.2860325133286,0.0311743762526552,0.272500007821845,3.46541666666667,2019-03-15,15,0.109057108609988,0.890773570143962,0.000952652604429131,0.216260789690769,NA,"15"
2019-03-31,5.14462938734496,4.78007926635425,2.90665047324592,11.8168396288857,0.84407949017261,23.2337971630344,0.0900108157510983,0.229340134024527,3.40071428571429,2019-03-16,15,0.124443550963777,0.883649086448371,0.000960523559544924,0.214765764839239,NA,"15"
2019-04-01,5.31626566503813,4.88558032045288,2.92379803108204,12.3533518333075,0.821857832396578,19.0159087329755,0.0359944919418421,0.245877615510512,3.50645833333333,2019-03-17,15,0.120065777736703,0.883725625034846,0.00101212618062443,0.215447413205018,NA,"15"
2019-04-02,5.31189344731299,5.01665543412925,2.86836707848361,11.9507659985602,0.962751282896846,16.59467056473,0.223634157810903,0.22141748713841,3.4720979020979,2019-03-18,15,0.119029589888454,0.885315616163498,0.000987940316163947,0.213767841362635,NA,"15"
2019-04-03,5.66618673159802,5.38864536292418,2.95608531171611,12.980273008272,0.94084932701544,16.5848411631879,0.255801477639781,0.250332647628512,3.49971830985915,2019-03-19,15,0.139359929754929,0.883075383868824,0.000778039947475804,0.213547688871692,NA,"15"
2019-04-04,5.34278736116729,5.04829353829183,2.77518904767153,12.3038439313672,0.864822053380786,16.1258790743932,0.034233967963819,0.240115530990448,2.94958041958042,2019-03-20,15,0.13825119140622,0.885524896369425,0.00073753061037711,0.213124598256248,NA,"15"
2019-04-05,5.31873080926938,4.93091941854694,2.88028631559392,12.1972206116232,0.879228736981046,17.6562498546419,0.034134129702521,0.235850708650422,2.88326241134752,2019-03-21,15,0.14278935832069,0.882794869481907,0.000744502394475898,0.212939817707283,NA,"15"
2019-04-06,5.02966996562807,4.69357172536298,2.78821598759223,11.8156652664119,0.734471385967966,15.9508868532953,0.0334192129371086,0.240860650727996,2.80180555555556,2019-03-22,15,0.139765028874529,0.886969366667732,0.000660541431738898,0.212794624522074,NA,"15"
2019-04-07,5.14993105789853,4.89806858473658,2.74738183762895,11.7969213182938,0.856422371071,17.5720707351519,0.0334764848566258,0.227582242452178,3.3625,2019-03-23,15,0.133720355613093,0.884211172106896,0.000792393813043083,0.212717162499558,NA,"15"
2019-04-08,5.6119224005218,5.1519070516499,2.86471230213821,12.4185885879289,1.09584360549323,15.8826611110198,0.0795167052715894,0.221500359783969,2.24570422535211,2019-03-24,15,0.141964260561058,0.882769945016852,0.000756138780657536,0.211547485598205,NA,"15"
2019-04-09,5.33658332415073,5.17725419806525,2.75721592978385,12.0761225477601,0.94115167718887,13.7350866700163,0.0385234456009496,0.226675774662587,2.42409722222222,2019-03-25,15,0.139844318501712,0.882590980547998,0.000759794856725102,0.211698656609794,NA,"15"
2019-04-10,5.36500490531171,5.04390974734982,3.0452630367521,12.767472660864,0.728473572005219,23.1121129146338,0.031364729831806,0.267466726965113,2.49853146853147,2019-03-26,15,0.14084390946454,0.885501840541089,0.000692625879432139,0.210869477791385,NA,"15"
2019-04-11,5.50029897942223,5.17447718877711,2.88432737570163,12.2156367186962,1.05713116709727,18.1809183114577,0.0712768660778451,0.219719386382773,3.25795774647887,2019-03-27,15,0.127305178717242,0.884187188165722,0.00089189500698896,0.210419618144309,NA,"15"
2019-04-12,5.68450536062194,5.49050667515341,2.90832051474545,12.6839494923773,1.0693925955522,17.2335209824523,0.10565871123999,0.23056542497454,4.6872027972028,2019-03-28,15,0.142009895957582,0.883997179075219,0.00073306653781077,0.209861220061229,NA,"15"
2019-04-13,5.32972480264333,5.09407854865151,2.72224564805789,11.8497247670295,1.01967867041303,16.8170266871759,0.0348695448899466,0.213703074834528,4.97839160839161,2019-03-29,15,0.144458682033667,0.884342865938374,0.000678351716284791,0.209743086707539,NA,"15"
2019-04-14,5.23395537524286,4.78646274531701,2.79180000763794,12.0354170824918,0.853761241082294,17.1262196821561,0.105854383571377,0.234137165146725,6.91513890972222,2019-03-30,15,0.135723550449257,0.883830794486655,0.000793161476531923,0.208318301942541,NA,"15"
2019-04-15,5.17720779568871,4.76258805208326,2.87632122757665,11.9602551540111,0.825072602021886,18.5149375795282,0.0511131716287047,0.235069799504707,6.38115645578231,2019-03-31,15,0.130139492674536,0.885881166314323,0.000821727602518751,0.207997571849093,NA,"15"
2019-04-16,5.07636312533989,4.69413239184638,2.71698129207681,11.6774111207019,0.826849551640671,14.5910456392366,0.0673886352067225,0.227393952387837,6.8220833125,2019-04-01,15,0.132044598798872,0.887039638513303,0.000746732096884187,0.207737018589917,NA,"15"
2019-04-17,4.9811831000153,4.45800874755731,2.83646952727202,11.7033159369624,0.726988373900161,15.0365792698274,0.0780091578060381,0.238650217534908,6.41479167361111,2019-04-02,15,0.12644247685547,0.889376179826345,0.000783875092777438,0.206499773256666,NA,"15"
2019-04-18,5.28421036186395,5.02547090727827,2.63263722918564,11.5839888561064,1.07557726592533,15.046403015265,0.0492612668132801,0.202214270289827,6.73302814084507,2019-04-03,15,0.138868314900775,0.8853179396441,0.000710379565673957,0.207476407015517,NA,"15"
2019-04-19,5.15029476406564,4.75242327273152,2.9702028225575,12.4368511753789,0.642677280319692,16.8495021342895,0.0484742468781861,0.268724072402527,8.00744683687943,2019-04-04,15,0.136871020635689,0.884879091270536,0.00076277366148279,0.205450853482173,NA,"15"
2019-04-20,5.16984905984971,4.72569078154371,2.8566836639231,11.8554553653371,0.855061718902256,22.9272492117701,0.0506326606521118,0.229258772389804,8.30187502083333,2019-04-05,15,0.134795178372953,0.884395103436181,0.000782555009892812,0.205057929780793,NA,"15"
2019-04-21,5.12559829784784,4.56362568336694,2.92897836260497,11.9458633377321,0.780556347022178,17.6588198063922,0.0915546029978085,0.239354676707074,6.19721428571429,2019-04-06,15,0.120445231088162,0.888071970254712,0.000884968251928597,0.20500586072236,NA,"15"
2019-04-22,4.90551150009235,4.66859858016852,2.76182477160353,11.5102504420523,0.721269510124363,15.200556779638,0.0351485806952206,0.234062645898656,5.11450704225352,2019-04-07,15,0.116911930606791,0.888852878465481,0.000899264912068962,0.203576703501341,NA,"15"
2019-04-23,5.02783824550916,4.73458285463646,2.77616223263405,11.8112603870582,0.734242623549879,14.7703677821712,0.0365757753278834,0.240766832002921,4.33576388888889,2019-04-08,15,0.130919338117638,0.884659862402867,0.000832934020626201,0.203222739134423,NA,"15"
2019-04-24,4.71557163333488,4.27474004537895,2.63846210434537,11.0445578109273,0.700579824613584,14.3469035971688,0.0811932051630158,0.223763820122494,3.81805555555556,2019-04-09,15,0.130496625283086,0.889254620478144,0.000677899878825681,0.2044224987339,NA,"15"
2019-04-25,4.73124512521987,4.53046531294847,2.71904306927748,11.4020965004814,0.598584062216893,19.3047138179525,0.0667413566416947,0.24544362255555,3.56415492957746,2019-04-10,15,0.115648051695216,0.894007604672003,0.000768967004035479,0.203285466022896,NA,"15"
2019-04-26,4.93837245863434,4.72196635291125,2.68852865163919,11.3226697750218,0.817996089993424,15.2319103000392,0.0474914829330614,0.218921708081007,3.55113475177305,2019-04-11,15,0.122932903917148,0.888735331001105,0.000795673771808471,0.203840671288797,NA,"15"
2019-04-27,5.21298706873226,5.05554087079005,2.51893444039887,11.0915066906346,1.19952199896954,14.9342710227465,0.652217749094738,0.180351230295866,2.37713286713287,2019-04-12,15,0.134992880423517,0.890464765849455,0.000620768355815718,0.203008503838498,NA,"15"
2019-04-28,5.32763594345198,5.00168202441563,2.74952673586513,11.8926419865136,1.00101283917325,17.2624277690498,0.043451649916328,0.216452176382526,1.74868055555556,2019-04-13,15,0.123873202802514,0.890508136265552,0.0007915730588009,0.202845328352198,NA,"15"
2019-04-29,6.02408581775441,5.65445216353152,3.23091600004216,13.463228448755,1.12440037628601,20.6983869239058,0.0495189400603434,0.24556612989705,1.87965034965035,2019-04-14,15,0.132261377135098,0.884041730135597,0.000822807932569354,0.202213854940274,NA,"15"
2019-04-30,5.91843267451322,5.42938849768108,2.98487554570655,12.9132229735683,1.2279571215247,16.7975230807454,0.0342827920553346,0.2228277982353,1.65922535211268,2019-04-15,15,0.123467793452319,0.889861423202523,0.000843644261801495,0.20456940131639,NA,"15"
2019-05-01,6.01319180672626,5.65256004953389,2.83727148612465,12.4241735879217,1.54389834911232,24.0284050854108,0.504431739368142,0.18776173469419,1.46666666666667,2019-04-16,15,0.129070835269506,0.884895257985207,0.000872155094212809,0.202626724456694,NA,"15"
2019-05-02,5.92444004923814,5.63043972497367,2.96807364472371,12.7622444364935,1.29618775186612,17.5102539245516,0.258583491677013,0.213664226258738,1.85640845070423,2019-04-17,15,0.123498808954184,0.887013284025519,0.000878498782674253,0.201106783919,NA,"15"
2019-05-03,5.8104589345462,5.56020265017941,2.79973148109168,12.3283884303031,1.35058347193619,16.8156048124789,0.0874924185686754,0.199014327204316,2.39335664335664,2019-04-18,15,0.131370736598493,0.882591906409524,0.000893858739967429,0.201170362110789,NA,"15"
2019-05-04,6.45842350529174,5.8526108503163,3.14962899669145,13.4510110184774,1.60989678745369,21.8348276257779,0.293087773713992,0.207331202096184,2.88583333333333,2019-04-19,15,0.124964979615254,0.883739432253941,0.000956224528012959,0.200999059812967,NA,"15"
2019-05-05,6.39982662694943,5.89354314509649,3.32293844467773,13.898994499867,1.3531852416907,24.8230176789954,0.378667133683665,0.237159909813376,3.07246478873239,2019-04-20,15,0.118779759895225,0.886735301050672,0.000984878334775448,0.201517474714022,NA,"15"
2019-05-06,5.8598916734816,5.41156195394648,3.00537575101239,12.589583280521,1.29611601421895,21.7688040231855,0.275132781171241,0.209444600669094,2.83895104895105,2019-04-21,15,0.122350251611743,0.886228649544324,0.000933048435400743,0.199318058502435,NA,"15"
2019-05-07,5.86941461016652,5.44466647039584,2.95803877194799,12.7765507626813,1.22986752194746,15.2744412959865,0.0468365816344102,0.219276415846391,3.25486111111111,2019-04-22,15,0.127604664989546,0.880901814516847,0.00100085369460796,0.200638619953449,NA,"15"
2019-05-08,5.55759266364372,5.13490667639347,2.77991886569065,12.03088036445,1.19227349360776,17.1870055689257,0.36119993651853,0.203841071304456,3.00965034965035,2019-04-23,15,0.119118015073075,0.885576043267526,0.000972307759096763,0.200905370035017,NA,"15"
2019-05-09,5.20510596872945,4.78416847725125,2.76961175421613,11.6752640942917,0.956891737149681,16.6962978398531,0.0858974362937022,0.21486251673893,3.76457746478873,2019-04-24,15,0.11971343875936,0.883475837034731,0.00101233400379552,0.200022277303469,NA,"15"
2019-05-10,5.40590990817341,5.01627633095784,2.72847950358611,11.5693140607788,1.21518218920908,16.314144285359,0.771650838615792,0.19075829249856,4.35090277777778,2019-04-25,15,0.116771081574235,0.88267804459713,0.00107737556465827,0.200120788169855,NA,"15"
2019-05-11,5.15468876247061,5.07615758422601,2.65169797193769,11.4474305940918,0.991606574845454,17.4143012566481,0.291946795712558,0.205938607246368,5.14408451408451,2019-04-26,15,0.120021482450448,0.88430203823769,0.000968053350538394,0.198770267019844,NA,"15"
2019-05-12,4.95611567411454,4.6667790523274,2.46937244131895,10.6599961059137,1.09262346697737,15.8376503351267,0.325129122391743,0.177965990409789,5.75923611111111,2019-04-27,15,0.118814169462642,0.882590468356384,0.00105989758874804,0.198386406059678,NA,"15"
2019-05-13,4.70503528895501,4.39698704716089,2.46867929472189,10.6117437475193,0.844168317227827,15.5428125930295,0.056110348775478,0.197833370996089,5.30685314685315,2019-04-28,15,0.108365485162997,0.884940495842377,0.00111748594079369,0.199024986306098,NA,"15"
2019-05-14,4.71429532304822,4.51394745397388,2.34182650224843,10.197514135015,1.0160150294381,15.8876485926677,0.0731842042110144,0.172603990279419,5.18573426573427,2019-04-29,15,0.0959056396871572,0.885688986595126,0.00124507573756252,0.199786375035483,NA,"15"
2019-05-15,4.67172812775877,4.42808676837326,2.37687022813408,10.4406767675403,0.874426034715205,13.2021502866227,0.0308584363049666,0.190658702183718,4.51212765957447,2019-04-30,15,0.0999965467816419,0.887062488292838,0.00115330185975871,0.198561238688243,NA,"15"
2019-05-16,4.44711346478263,4.14103305423308,2.48225887684179,10.354154692437,0.682411656628915,13.6384997180289,0.0322911525926833,0.207164744631738,3.835625,2019-05-01,15,0.0895472101959599,0.891383071662519,0.00120772663287863,0.198702675635819,NA,"15"
2019-05-17,4.50506783559543,4.28216667864303,2.49338547984622,10.7620897569768,0.600575195506817,15.3411429871083,0.0348306746237107,0.227490155556813,3.69597222222222,2019-05-02,15,0.0873431317980674,0.891437018988416,0.00120568031097087,0.197943772424897,NA,"15"
2019-05-18,5.00723147047349,4.68868679643905,2.75241203161024,11.6952828285954,0.754157312636713,16.629252197585,0.0393305582283522,0.23546288944202,3.17638888888889,2019-05-03,15,0.0827337657172846,0.896608870712438,0.00116330564729071,0.196514947842331,NA,"15"
2019-05-19,5.02203330081367,4.78762357616672,2.62171543492047,11.1031508156791,0.985667786331071,18.2870035578973,0.0505196190657574,0.197728017390113,2.9572027972028,2019-05-04,15,0.0916431964099208,0.889016912833579,0.00120229343693133,0.197769840694846,NA,"15"
2019-05-20,4.95522152149047,4.62788189617623,2.8103605955433,11.3926531654971,0.809559389286715,20.6685545003051,0.0321867503503435,0.22161467102076,3.15943262411348,2019-05-05,15,0.0876009410336101,0.892911409620946,0.00117521071567875,0.197597220481152,NA,"15"
2019-05-21,4.77142123221059,4.36505386260669,2.52349066221561,10.5748740339622,0.926944308695739,15.3868126751108,0.288698628499906,0.189433445447805,3.13363636363636,2019-05-06,15,0.102997425816512,0.887933742925666,0.00108860058672546,0.196511926032974,NA,"15"
2019-05-22,4.87390850702121,4.46442406353922,2.68105484400512,11.2428657579623,0.783308712371623,16.1046913772217,0.0416114725621252,0.220317721980052,2.85286713286713,2019-05-07,15,0.0877067304634655,0.891060931459762,0.00121486918940083,0.194896851940075,NA,"15"
2019-05-23,5.04474851261905,4.7484091732131,2.52440246798572,10.9286005644124,1.07990230625717,14.285081989755,0.058507056104324,0.185568333522188,3.12104166666667,2019-05-08,15,0.0902340765364075,0.887257206316347,0.00126253104066436,0.196163517615767,NA,"15"
2019-05-24,4.87662374867615,4.49514552108694,2.49177007177185,10.6419024666251,1.01281902271639,15.6581985612213,0.035337279958656,0.183872999016255,3.73202797202797,2019-05-09,15,0.0900140920612959,0.893584733869523,0.00113388264004393,0.194557298004318,NA,"15"
2019-05-25,5.11530672949817,4.78570105421262,2.7014675028929,11.3048634220962,1.00554509764728,15.9922368267443,0.0312595712427948,0.201116689878419,3.40083333333333,2019-05-10,15,0.0889180748673406,0.890394934334861,0.00123543552662846,0.193726913214921,NA,"15"
2019-05-26,5.27375028169187,4.96349397671714,2.53235247635459,11.1663058393772,1.2366244713243,15.6484783984928,0.129694500763292,0.179420509320974,2.92839160839161,2019-05-11,15,0.0939360989865111,0.891000843418112,0.00113401715815721,0.193955776436008,NA,"15"
2019-05-27,5.03780255989563,4.85877714719246,2.53846175233444,10.9612758554964,1.0590231128194,13.7148586348237,0.223077809977222,0.188052369689582,2.81715277777778,2019-05-12,15,0.0873265529695096,0.888445858741363,0.00128808014584253,0.193695651887313,NA,"15"
2019-05-28,5.27455024025281,4.66873880240418,2.72493899959668,11.3734509766637,1.1504140417186,16.5705908498349,0.424553799984819,0.190960212687677,2.73125,2019-05-13,15,0.0926713344452113,0.889254074892746,0.00122062047401497,0.193370064215907,NA,"15"
2019-05-29,5.47400929764206,5.00010268445326,2.99819180735508,12.3738422359855,0.970020244329479,19.2921890312002,0.0387800049444738,0.231678688307769,2.73069444444444,2019-05-14,15,0.0878430212902545,0.888933344920774,0.00129761119458392,0.193566683561977,NA,"15"
2019-05-30,5.24094659646809,4.95520114134012,2.71216224484485,11.7574880680887,0.962714286316219,16.415419396125,0.0476824240938479,0.216445042098244,2.66713286713287,2019-05-15,15,0.0887240484914558,0.887427675654404,0.00131639755189529,0.192572116879307,NA,"15"
2019-05-31,4.92064302248815,4.55662638729162,2.56506043925419,10.9552585326852,0.936416212377474,15.992070108392,0.0522485280351419,0.198273087626888,2.61451388888889,2019-05-16,15,0.0832060483971825,0.887874729016203,0.00136365133857854,0.192485762969493,NA,"15"
2019-06-01,4.93418748899659,4.65364295301477,2.44901116078054,10.5570145460012,1.11110334413855,15.072993344875,0.104918234094532,0.174035578771423,2.65090277777778,2019-05-17,15,0.0915217698904104,0.887684572805244,0.00124544991810925,0.192453859738965,NA,"15"
2019-06-02,4.88061687404252,4.68008898236085,2.54273647039509,10.9126229627451,0.911104458742825,15.3440945568938,0.119714805463079,0.199443641500408,2.88056338028169,2019-05-18,15,0.0821479285097832,0.888005311173269,0.0013698564481511,0.192478350898662,NA,"15"
2019-06-03,4.63585833702834,4.31725665786985,2.44527795461931,10.3819502897275,0.859647812436711,12.4041353806034,0.146234569040083,0.190488014781442,2.64153846153846,2019-05-19,15,0.0770775646453858,0.889976451711762,0.00137944055939767,0.190880585748313,NA,"15"
2019-06-04,5.00580950893169,4.6529155889194,2.47870688802401,10.6359707618378,1.15846446592463,18.4659278636542,0.0698982457357747,0.172398762533687,3.14097902097902,2019-05-20,15,0.0879327757694188,0.888971273713352,0.00124145998904963,0.190692063810706,NA,"15"
2019-06-05,4.8304979798655,4.61188663553055,2.52842224320084,10.7431542347202,0.923843431699755,14.3755968886086,0.126624117952031,0.193980854534205,3.5056338028169,2019-05-21,15,0.0892726227731763,0.88681468843042,0.00128366797827073,0.189712579367077,NA,"15"
2019-06-06,4.75018176998671,4.44496954397287,2.4465306464511,10.5292393320295,0.922305639870145,15.6492832656731,0.130698157003839,0.188679720587599,3.98368055555556,2019-05-22,15,0.0891411235997596,0.889126330633031,0.00124854668058921,0.191570285069431,NA,"15"
2019-06-07,4.73163852358227,4.41548896418719,2.46058994237541,10.5011937767309,0.91368335252872,15.0174661971312,0.0575899607917715,0.188720204161089,3.70888111888112,2019-05-23,15,0.0770971497286372,0.892510879379804,0.00131536665297325,0.190006271893342,NA,"15"
2019-06-08,4.88404398483433,4.49783821000156,2.74898093129082,11.1191092400631,0.837663045738137,17.8304390077963,0.132827615379138,0.21164630744496,3.34566433566434,2019-05-24,15,0.0831339855770899,0.891720418337705,0.00125780660287896,0.189960339550986,NA,"15"
2019-06-09,4.90278631338256,4.66572491376136,2.57855533972423,10.8292191408102,0.966530573131203,16.7691133745373,0.0313523296612274,0.192450609965864,3.60166666666667,2019-05-25,15,0.0754987876624466,0.891553552902416,0.00137193679307403,0.188811483359753,NA,"15"
2019-06-10,4.62884863483895,4.30354642414234,2.53614959787615,10.6976456255892,0.737459324100827,15.4535777418424,0.0381901544382087,0.210555853980428,3.50567375886525,2019-05-26,15,0.0799288962719257,0.89069294770661,0.00132037169022436,0.188696455107362,NA,"15"
2019-06-11,5.02258366401971,4.85621380819486,2.5580744071225,11.2255929995621,0.938994438992727,14.0026505714825,0.105732927976421,0.20494844186018,2.86401408450704,2019-05-27,15,0.0717186239577762,0.893665949917759,0.00135018330460291,0.188546058473405,NA,"15"
2019-06-12,4.24209126498155,3.75152847659935,2.40368725427357,9.82492240768093,0.669456630536048,12.9013327569429,0.0704014721089032,0.194386492869133,3.40201388888889,2019-05-28,15,0.0774050357610231,0.893093736352219,0.00128690232608059,0.187706397673184,NA,"15"
2019-06-13,4.60317233526043,4.33432228073741,2.41422688567983,10.3962676402906,0.820820785983306,14.3960914093817,0.058585255763593,0.194439411835845,3.73622377622378,2019-05-29,15,0.0840361054384754,0.891098991440794,0.00125142324070967,0.187527257413576,NA,"15"
2019-06-14,4.44082243301794,4.2226589727075,2.30502458295224,9.90222341378139,0.840286860019202,12.1786933226725,0.15589939723634,0.17994613901259,3.23430555555556,2019-05-30,15,0.0778777635332062,0.895460662955615,0.00122078418575915,0.187962593049626,NA,"15"
2019-06-15,4.51860486875135,4.154314080429,2.27185212868265,9.89806808869203,0.924200136947573,13.3491718366721,0.0663783905090997,0.172615591386445,2.90104895104895,2019-05-31,15,0.0720150897773817,0.893722116685101,0.00134335905129661,0.18715704662214,NA,"15"
2019-06-16,4.61902888066608,4.35937216558601,2.40500647962299,10.3734976678796,0.845520565756902,12.1334747595597,0.0374726467698239,0.191559361058736,3.16755244755245,2019-06-01,15,0.0692471774803123,0.89446419897507,0.00135061786766927,0.187193648492699,NA,"15"
2019-06-17,4.65558668929602,4.3759662594217,2.37227531376871,10.2062551697278,0.948679137148233,13.6598083826092,0.07192455744395,0.178292131673025,3.44140845774648,2019-06-02,15,0.068301062837371,0.897661784886585,0.00130051244515419,0.186952532037623,NA,"15"
2019-06-18,4.82525689232809,4.44594647447202,2.50191759763835,10.6245975809205,0.964517974114623,16.0784412669611,0.0509219078625073,0.18746326424634,3.66573426573427,2019-06-03,15,0.0716799802248296,0.894926709439968,0.00130676897312634,0.186692096290669,NA,"15"
2019-06-19,4.75958945945897,4.46201927063076,2.48931181071327,10.5776110187232,0.913459053432284,14.4345736171861,0.4729211980343,0.190682355691915,4.43798611111111,2019-06-04,15,0.0786028615966013,0.894347086911685,0.00123684452618441,0.185619339446284,NA,"15"
2019-06-20,4.90773297439561,4.52465371541796,2.42626748712573,10.3920451348707,1.1511065681457,14.2874001188355,0.34153587602012,0.167067634017295,5.69590278472222,2019-06-05,15,0.0664288293635557,0.893832808196223,0.00140064756099255,0.185575991230441,NA,"15"
2019-06-21,5.15898340258156,4.87446836788826,2.74923673659269,11.6843745780705,0.90644816005912,18.7378691457817,0.031298366823856,0.219785723332062,4.71048951048951,2019-06-06,15,0.0757518187102669,0.894441765915737,0.00125493960703191,0.185907891034545,NA,"15"
2019-06-22,5.08835249007826,4.78080860316161,2.59183269708773,11.08457126013,1.06417201107456,17.0054376193952,0.030853706574916,0.190696583954095,5.19625,2019-06-07,15,0.0780023387959861,0.891800558412277,0.00129757950888081,0.185612854748307,NA,"15"
2019-06-23,4.80424278193478,4.47053014405347,2.45081390314925,10.5496381651951,0.971704038764772,12.991255864663,0.382319870244931,0.184973703865186,4.51097222222222,2019-06-08,15,0.0755414893453542,0.891322878115701,0.00133192001360707,0.185869934084661,NA,"15"
2019-06-24,4.77431917628447,4.51623383416375,2.2991574066624,10.2132231499268,1.07613240166742,14.0738025948565,0.0352936328277721,0.168327777909348,3.89167832167832,2019-06-09,15,0.0647331708027538,0.89748447660838,0.00135502700075075,0.18637780777502,NA,"15"
2019-06-25,4.69859988591159,4.33858219562453,2.38241164080417,10.3059538010018,0.955203210959342,12.8461735747625,0.249003985110939,0.180245119957536,4.70830985915493,2019-06-10,15,0.0744873975972661,0.897417604821649,0.00120637869500217,0.185864826548944,NA,"15"
2019-06-26,4.72807515972388,4.33480085922479,2.62609115544175,10.5904252384903,0.875793816436959,18.3858558266718,0.0609486082972393,0.194374137210671,3.88181818181818,2019-06-11,15,0.0769770807669263,0.892691728035657,0.00128722239784952,0.185663868807106,NA,"15"
2019-06-27,4.82383914561776,4.33330526723412,2.63728388017064,10.8472241297943,0.877358126702817,15.0661795682885,0.0341757659041759,0.200837120239498,3.730625,2019-06-12,15,0.0742196892883363,0.893065314631668,0.00131298077132737,0.186297922612223,NA,"15"
2019-06-28,4.7251552069138,4.50996412048522,2.34288352282248,10.3511303155375,0.965747889775069,11.6458354487103,0.126684000674081,0.180497560909809,4.50622377622378,2019-06-13,15,0.0719274099980782,0.895195280911787,0.00129901027641714,0.186210466431975,NA,"15"
2019-06-29,4.55791361593568,4.29930381256742,2.35738061192236,10.1180124534294,0.879598734230509,12.4208657168288,0.269423269805781,0.181968967710962,4.69594405594406,2019-06-14,15,0.0755345557592201,0.892073379066576,0.00131394886480629,0.18579131568222,NA,"15"
2019-06-30,4.52642868506733,4.12431896136066,2.40359100005561,10.0600909298712,0.868970445492466,13.5427879767917,0.0357235955975249,0.181429385130259,5.78736111111111,2019-06-15,15,0.0693264762395482,0.894245773647384,0.00136007547477699,0.185906047606287,NA,"15"
2019-07-01,4.39733163465298,3.97801155287712,2.24614808894242,9.62849159076436,0.901227908329801,12.2174814070694,0.0428478859701487,0.167780360802753,7.31993006293706,2019-06-16,15,0.0736979375497945,0.894386304827239,0.00127589348004813,0.18621763761758,NA,"15"
2019-07-02,4.73265645726785,4.35567879033848,2.49130081954343,10.3174179171039,0.98735970717315,18.7157487450016,0.387055723735168,0.177876686291606,6.70416666666667,2019-06-17,15,0.0715105220631101,0.894387322388972,0.00131437204574442,0.185395283780532,NA,"15"
2019-07-03,4.69869809076465,4.27285397458672,2.50020180423463,10.5332133134592,0.86716676828299,13.839996275423,0.186008192016561,0.193689031911575,7.79692307692308,2019-06-18,15,0.0755526875388893,0.893583606858757,0.0012695001466081,0.185203250556742,NA,"15"
2019-07-04,4.83111849219747,4.53615748917907,2.4228108410421,10.4343098420217,1.04748272317799,14.9782659378936,0.318810419095034,0.175951468665281,8.82243055555556,2019-06-19,15,0.0635373148967432,0.895075325476932,0.00142043546131721,0.185943200959441,NA,"15"
2019-07-05,5.27059878349449,4.79333496485602,2.82459800281417,11.5924633243663,1.057627340028,18.7825070698169,0.057240356343946,0.203930477123671,10.0494405804196,2019-06-20,15,0.0725499990053289,0.893043539754651,0.00134398515691078,0.185449973484552,NA,"15"
2019-07-06,4.89729325099001,4.36625287115428,2.69706041327487,10.8957866720791,0.934902761082989,17.6489093755629,0.623824674132252,0.196891650287888,9.33388888194444,2019-06-21,15,0.0706071500939754,0.893350909208469,0.00135366528725345,0.185393524157614,NA,"15"
2019-07-07,5.16081506050526,4.90746429739211,2.64558112726849,11.2081789102087,1.09306035718986,16.2289260185825,0.225719931446877,0.191428687512886,9.82493052777778,2019-06-22,15,0.0739121452357924,0.894676668492687,0.00127204407773533,0.186323583063358,NA,"15"
2019-07-08,4.91906012481554,4.75457278554613,2.33980870325373,10.397350458392,1.16175426423279,13.3587952668473,0.351528544408533,0.166419618486985,7.41783218881119,2019-06-23,15,0.0724980472697315,0.894422997432566,0.00130820392707468,0.185734820151715,NA,"15"
2019-07-09,4.5841040591961,4.24434225950899,2.37251158181131,10.0652475174549,0.928030185883975,15.8380983929293,0.224347704759023,0.176484674211312,7.67873242253521,2019-06-24,15,0.0732433950965392,0.894073571844998,0.0012935364862494,0.18570200698544,NA,"15"
2019-07-10,4.70651067179685,4.3787351241093,2.50478989595211,10.516749497708,0.88149045113924,14.5743258390337,0.335977475935577,0.191971123553985,6.1146153986014,2019-06-25,15,0.0764474733990393,0.896009830828309,0.00121393412406024,0.186715576328148,NA,"15"
2019-07-11,4.83563070204947,4.54177244303066,2.54064322070653,10.7471405097767,0.927679032996724,14.4282337609634,0.0340423471813439,0.193744560910938,6.6502098041958,2019-06-26,15,0.0747205779943353,0.893260415686051,0.0013189896070629,0.18560304909863,NA,"15"
2019-07-12,4.50108956976909,4.32761597891057,2.23583534958888,9.93603103575886,0.890497381943255,10.952676019589,0.0309143150650897,0.176415020369657,7.31479166666667,2019-06-27,15,0.0777736515324639,0.895029178384451,0.00121936637940617,0.185765653346322,NA,"15"
2019-07-13,4.79462671232148,4.55494011406774,2.52834508473391,10.6129885026619,0.936581459259015,14.6456556074998,0.353589760634992,0.189563087504227,9.03118055555556,2019-06-28,15,0.0739661815872703,0.893879500770001,0.00131146485341295,0.185164613220149,NA,"15"
2019-07-14,4.95716039244911,4.69072787508945,2.41375439579777,10.6668726007508,1.09093290897048,13.4426512260354,0.0308002040869519,0.17826542273096,9.98426572027972,2019-06-29,15,0.0734555616553649,0.893573986161987,0.0013269711163477,0.184048781411372,NA,"15"
2019-07-15,5.23225098567668,4.80633814192713,2.59222579220472,11.1827003550848,1.18272180927863,13.5124771770302,0.537181839522618,0.183819446519836,12.8384722083333,2019-06-30,15,0.0821714919695833,0.890155119909823,0.00128146999832892,0.185295282618692,NA,"15"
2019-07-16,5.689762888395,5.57636169394741,2.58746092975252,11.6052248335529,1.52981946077288,14.165743304807,0.484142722911383,0.169759069021074,16.5933802887324,2019-07-01,15,0.0767250633214087,0.891179939652568,0.00133001802621102,0.184964662203242,NA,"15"
2019-07-17,5.76804431490949,5.44237130397015,2.7184601377314,11.8776697760508,1.4993159025993,16.4394131181598,0.665983156787237,0.178015193831101,20.4212676056338,2019-07-02,15,0.0757846577043725,0.895072812683482,0.00127426218843679,0.184704353677906,NA,"15"
2019-07-18,6.18021469164122,5.76976021449869,2.72664561955988,12.3178212762368,1.79622048021057,15.0485726811331,0.342136786810813,0.16957474439529,22.5350694444444,2019-07-03,15,0.0707564000925179,0.895738781937505,0.001321615367519,0.184922017023083,NA,"15"
2019-07-19,6.1703010367666,5.86169151574534,2.78771279829399,12.6593989630077,1.62446495306906,18.1912130260109,0.283723068452802,0.18791389436179,25.2224475524476,2019-07-04,15,0.0774825707249791,0.896235575523769,0.00123263321502222,0.184634935530001,NA,"15"
2019-07-20,6.22008484066024,5.89766653851213,2.96721364813366,12.9021440423195,1.57412146027604,20.3148516016465,0.187716638031291,0.196890962758145,28.8984507042254,2019-07-05,15,0.0714540700836045,0.898369779990818,0.00126144934970991,0.183612059866834,NA,"15"
2019-07-21,6.33479442368242,6.01408124652491,2.71814222250702,12.5628981270912,1.87131268890196,16.8356220599891,0.303759991599328,0.170639374963115,30.6618055555556,2019-07-06,15,0.0729139890317754,0.899306434538518,0.0012447045215655,0.184712733715063,NA,"15"
2019-07-22,5.87797905636246,5.27492058976086,2.80681461651364,12.0276006584957,1.56251120941684,17.7639461272916,0.924923849513657,0.177363115690299,35.6965972222222,2019-07-07,15,0.0796119206516047,0.894457193643588,0.00125916423301172,0.184181113667619,NA,"15"
2019-07-23,5.77410556848081,5.42701529647791,2.67493860367888,11.7883286374381,1.54729004066055,16.5446134255684,0.0413182674225305,0.172842745384763,44.877972027972,2019-07-08,15,0.0690644635268022,0.898229463319447,0.00132700707827025,0.184182089582452,NA,"15"
2019-07-24,6.18222722206391,5.92609235473411,3.03395923580359,12.8380720360074,1.55814836918409,22.8672825556976,0.433202136563095,0.196472264219144,48.0683098591549,2019-07-09,15,0.0640305541135874,0.896394091351199,0.00142428147621319,0.1837116590425,NA,"15"
2019-07-25,5.71948374960614,5.40656880869032,2.5645996441177,11.5072218058037,1.61165891763516,15.2220373792257,0.968903171874163,0.162448018709143,53.826875,2019-07-10,15,0.0680427672993996,0.893477182750018,0.00143123412918395,0.183872482655592,NA,"15"
2019-07-26,5.48636312233658,5.10922312192817,2.6314888125952,11.445520197971,1.36044888192077,15.0065392855101,0.23761699861521,0.177275029507019,55.6643356643357,2019-07-11,15,0.074611473180156,0.894560663339668,0.00131193463100127,0.183601367507772,NA,"15"
2019-07-27,5.53179267137423,5.2777875616235,2.51149450649534,11.043507989322,1.59987828968684,17.5550908566183,0.7666757396224,0.152767136033765,51.2647916666667,2019-07-12,15,0.0771827089336317,0.894673029747932,0.00127899873586926,0.184077337059295,NA,"15"
2019-07-28,5.90752421906369,5.57810909304855,2.74134401097318,12.1980913056859,1.52039965045322,14.264184511475,0.521920100743782,0.184063355962993,48.5379020979021,2019-07-13,15,0.0761299489100717,0.89346203946943,0.00131834768282196,0.183069211367795,NA,"15"
2019-07-29,6.47659163928426,6.09423866679593,2.94266865267695,13.0492387377629,1.81516994386771,19.3615595458712,0.803140684481123,0.184815962846513,45.1325531914894,2019-07-14,15,0.0638269240755284,0.896064197480268,0.00145235149252094,0.182978580507848,NA,"15"
2019-07-30,6.65513251067727,6.27487611715925,3.04213005021614,13.4547806842893,1.84350624384074,21.6038358709558,0.400527399847855,0.192242203495211,40.575034965035,2019-07-15,15,0.0811332990166422,0.894321702733581,0.00127933689591831,0.183910399587675,NA,"15"
2019-07-31,7.68597981998808,7.04787196955069,3.66027898243142,15.8465908861737,1.98636358704143,21.2087600357838,0.656340284405268,0.23797880089739,33.1795138888889,2019-07-16,15,0.0594134279433856,0.905022611240462,0.0013323907692786,0.184857745307921,NA,"15"
2019-08-01,9.08103069949683,8.42618698889473,4.31450471281053,18.2375301795779,2.57007408570622,31.1424578915341,1.4679375168634,0.255824640726225,35.7700699300699,2019-07-17,15,0.0524878431783622,0.912868743151185,0.0012746362066988,0.187528887043156,NA,"15"
2019-08-02,11.0517309591089,10.0013310656649,5.29247354225252,22.4189200725461,3.02112732497694,39.973480679253,1.55011707845045,0.322648630030499,31.7451388888889,2019-07-18,15,0.03542178712845,0.922800120236509,0.00129358355081263,0.188408174053645,NA,"15"
2019-08-03,12.1654009052076,11.3665944781683,6.02703432431153,24.911856072164,3.21678114457101,42.0856926832422,1.78196002698884,0.367251610525382,24.7992361111111,2019-07-19,15,0.0338137096496738,0.928286903804127,0.00120407645103238,0.188878827170222,NA,"15"
2019-08-04,14.0712817631899,12.9608049549293,6.47370705676648,28.0576910852503,4.07465702279873,40.1572410646987,2.43016046101569,0.385813142620428,18.5507692307692,2019-07-20,15,0.0273999674465762,0.934026271899257,0.00118033810381309,0.189483582407706,NA,"15"
2019-08-05,17.0054751193693,15.2397036343224,8.46034361793195,35.3743151569861,4.2444737793587,57.1722375970971,1.99824405219361,0.542279370463319,16.6079166666667,2019-07-21,15,0.0048940944694682,0.951825878434891,0.00108334952408692,0.190654176758475,NA,"15"
2019-08-06,21.5243764464628,19.9371699278299,11.3470455455836,45.1513241588777,5.20362987683122,95.8111441456131,4.17855524732037,0.706511433340289,12.3977083333333,2019-07-22,15,-0.00239103496667921,0.957477936555578,0.00106111030600996,0.189839485379834,NA,"15"
2019-08-07,31.4939950898765,28.081291789071,15.6708544705519,64.5729878042352,8.27813118981373,98.0301894520993,7.14208202593456,0.95376696310794,12.0967832307692,2019-07-23,15,-0.0256807233339261,0.970218330000862,0.0010944007646602,0.192572016931432,NA,"15"
2019-08-08,47.1276755557262,42.2906851609282,23.5844928367995,96.6270742304379,12.3835201639101,178.105410918288,8.10651395818271,1.42683562597785,10.103263875,2019-07-24,15,-0.0514875847218342,0.99028018509658,0.00100958084886766,0.194808459625833,NA,"15"
2019-08-09,57.2305180987381,51.1956061304423,30.6191366790879,121.570957798636,13.1631792461149,250.468317444084,7.72821701913351,1.96041379890121,10.8061805555556,2019-07-25,15,-0.053273193788893,0.994758070665121,0.000929444393405471,0.19429592307065,NA,"15"
2019-08-10,72.0225679224454,65.5618325990915,33.1431859010302,142.481037898085,21.3731548132274,219.422226739219,18.3617652828458,1.91554063271842,10.9986713286713,2019-07-26,15,-0.0722823214600069,1.0073582706118,0.00088027684244914,0.194747702100194,NA,"15"
2019-08-11,69.4926264194222,64.62248106359,31.6962937554148,136.67292134088,21.0160256191462,264.184054305889,10.3482420794465,1.80865178552707,12.0787412517483,2019-07-27,15,-0.0767958464767256,1.00981751589774,0.000907977494589154,0.193476357403398,NA,"15"
2019-08-12,56.7967770054402,51.3520202725565,26.6444512663474,113.050745377209,16.5214123525657,236.872459952269,10.7874301590185,1.54513487865897,13.5246853076923,2019-07-28,15,-0.0685328236528281,1.00082645851533,0.00100145912747172,0.193836921580418,NA,"15"
2019-08-13,48.4907546852913,45.6547083228602,20.2477639484397,91.3396465340447,16.7189493491743,143.039417767562,8.96114975428348,1.07115696876309,16.9052777777778,2019-07-29,15,-0.0578579623976014,0.995410330308281,0.000976024505148857,0.194885671576604,NA,"15"
2019-08-14,42.3482772307162,39.2618964039,17.9878956641509,80.696149280504,14.1178303551921,141.545461309011,6.49605578813049,0.978357483169307,13.7586713286713,2019-07-30,15,-0.0514902248987625,0.993996979596922,0.000928903956865406,0.194457351412205,NA,"15"
2019-08-15,31.8115492066428,30.1313296483219,12.7017727593078,59.3673276923272,11.264364706047,93.3103965875625,6.07224246650935,0.677732748570179,13.3546153986014,2019-07-31,15,-0.0566400795843679,0.987873064547742,0.00111995309043389,0.195525074479826,NA,"15"
2019-08-16,29.5379359477766,27.7395259570609,11.6903034323713,54.4098974846811,10.8449694229923,88.7876393189657,5.30757839887319,0.59751032544834,14.6935211267606,2019-08-01,15,-0.0316843942871289,0.979339910235635,0.00097829238419668,0.19544709678517,NA,"15"
2019-08-17,26.5910321864267,24.9490972306634,11.5086115612601,51.7406183045289,8.32214519553589,82.9302177945472,1.37372044550862,0.665365284605,13.4232638888889,2019-08-02,15,-0.0310496951295257,0.981104521994894,0.000926256331763001,0.195544638655635,NA,"15"
2019-08-18,20.9806254818083,19.3598923808019,9.00700705752187,40.5534285230079,6.70376917197942,56.4142297331433,4.20286617767815,0.51211934122158,12.4868531468531,2019-08-03,15,-0.0370387973816713,0.980306002104612,0.00103174927459746,0.196168979345202,NA,"15"
2019-08-19,14.7644226362712,13.6227875525991,6.83144474267941,29.9787963258947,4.02018973863835,51.340637776034,1.30427132239915,0.432263705373309,11.2144755174825,2019-08-04,15,-0.0272211276265423,0.974272665585968,0.00102654055142942,0.197575525412619,NA,"15"
2019-08-20,13.2525358254467,12.4232269294668,6.07927620425199,26.6814096934495,3.71595265455485,50.5466119299245,1.24096310472495,0.376385460193518,10.9590277708333,2019-08-05,15,-0.0281600895532917,0.970622723905997,0.00110927098040671,0.199200980046423,NA,"15"
2019-08-21,11.0177696658587,10.4227200838888,5.25873226658178,23.1981756322048,2.63010936744221,31.2295216341395,0.851057866006225,0.366759431581057,8.98395834722222,2019-08-06,15,-0.0232822509974877,0.970291270849353,0.00105343270152548,0.198904874942064,NA,"15"
2019-08-22,10.7524187919582,10.1932527291968,5.70530660636419,23.9461006661615,2.03111798200972,33.0645122755643,0.0322499897615397,0.432480340247923,8.95392856428571,2019-08-07,15,-0.0122252960252118,0.96909599238223,0.000927299754076854,0.200181661290716,NA,"15"
2019-08-23,9.21610542365264,8.23524621448287,5.13981608143744,21.1550656655223,1.5078437074101,32.9729405648648,0.184537764359919,0.409109579788105,7.63374997916667,2019-08-08,15,-0.0118214219323846,0.96763148436393,0.000942564946721195,0.199244703676586,NA,"15"
2019-08-24,9.85958516932652,8.96415940999081,5.76253900505247,22.988053835903,1.48720474538154,43.6538087614069,0.170464691455883,0.459914893626157,8.65999999264706,2019-08-09,15,-0.00641173151043299,0.966940059734364,0.000892049941665579,0.199094487388227,NA,"15"
2019-08-25,9.62055960926717,9.07699524969687,5.22798245659661,22.1135151533621,1.56275515409744,29.4017674513625,0.0943012455078043,0.42888019254882,7.10468533566434,2019-08-10,15,-0.0119897663710913,0.968425113049786,0.000923980201193503,0.19902728490492,NA,"15"
2019-08-26,11.0372870605774,10.2431085831878,5.98520356868458,24.9167228089092,1.95694014042591,40.7165107107638,0.0362273056615945,0.464073060741574,6.09847222222222,2019-08-11,15,-0.0229620665476111,0.968118121151688,0.00106565301839209,0.199579386907101,NA,"15"
2019-08-27,11.9225487487115,10.9249461624052,6.37605658861373,26.5272759505161,2.26058499753,38.502455971798,0.556452452530056,0.47796643179077,6.08825173426573,2019-08-12,15,-0.0148091983992063,0.969258718696815,0.000943991738118262,0.199402579879001,NA,"15"
2019-08-28,13.8452106077802,12.7935456185568,6.44685087445101,28.3127156977426,3.67775518231706,44.7253226975004,1.83261594979215,0.415815851839863,5.19381944444444,2019-08-13,15,-0.0300676838723918,0.968119827435383,0.00118068451538943,0.199095226178295,NA,"15"
2019-08-29,11.7816984197897,10.9319184258047,6.10969833381437,25.7409097363528,2.42073161923298,34.5951040529083,0.55894794556208,0.444651366745041,4.81145833333333,2019-08-14,15,-0.0241198694160197,0.968722781993299,0.00110211232936255,0.199574194053227,NA,"15"
2019-08-30,12.4116581804779,11.2729309667432,6.2113358664866,26.2060312325438,2.93011583552954,35.0394273947918,1.94687318896065,0.417051781779843,4.8236170212766,2019-08-15,15,-0.0119859280899888,0.968181303460117,0.00095438384554333,0.199999089336226,NA,"15"
2019-08-31,12.0863032359894,11.623052619984,6.10461474717622,25.5251269709698,2.85092105757682,43.4126122437044,1.25278444686588,0.406473824228923,4.47042253521127,2019-08-16,15,-0.0155531658513773,0.966878595628388,0.00103019568443398,0.199606454143748,NA,"15"
2019-09-01,11.694420682474,11.1624028359395,5.81503275219627,25.1061941153599,2.58508529893317,34.6109415684624,0.914485421657195,0.416046809237264,4.73528169014085,2019-08-17,15,-0.0161083529731754,0.967673920681536,0.00101353538711314,0.198692087262021,NA,"15"
2019-09-02,10.5929631699711,9.52395755539441,5.71495790326185,23.9976428323092,1.84734038628694,28.7266152510205,0.0334888672789161,0.450531937052269,4.62034965034965,2019-08-18,15,-0.0164592455494273,0.965850557398628,0.00105493888772653,0.198953702407437,NA,"15"
2019-09-03,10.4709620231804,10.0309761394681,5.18404652951738,22.5791479065716,2.27420484936795,29.0424901931012,0.033368838859755,0.378236110669159,3.88846153846154,2019-08-19,15,-0.026116324717994,0.967746160446764,0.00112779331158156,0.198208874161956,NA,"15"
2019-09-04,10.5615547298423,9.3545196336832,5.8173666553943,23.6517021766593,1.94515427906865,38.4133440603227,0.294132187871133,0.432612426185182,4.54783216783217,2019-08-20,15,-0.0115067528236208,0.965490426241772,0.00101452780228639,0.198065470821455,NA,"15"
2019-09-05,9.1782199161061,8.38734659044677,5.37668548713877,21.9524976633192,1.20140686999409,31.8717528813381,0.0314736800586058,0.463916007256702,4.27125,2019-08-21,15,-0.019651483463507,0.968050455310677,0.00103946711990382,0.198307722114922,NA,"15"
2019-09-06,9.08861493748255,8.33924257910124,4.9629043652891,20.2811906878702,1.70287869124635,33.45308466033,0.239865967013885,0.368122308982848,3.28111888111888,2019-08-22,15,-0.0181924988863702,0.966819683767326,0.00102944218123823,0.198063058077776,NA,"15"
2019-09-07,8.12875650268013,7.43317653174053,4.88660487908756,19.7115406206529,0.981067585082877,32.4360110046664,0.0678712347512087,0.428874788112424,4.71664334965035,2019-08-23,15,-0.0182957039555732,0.967042364532296,0.00102955139610847,0.198326001231623,NA,"15"
2019-09-08,8.51729665158233,8.12159684493093,4.6616948930926,19.485163018861,1.41807609540684,23.4320595138477,0.0645103453279424,0.374098993946827,4.87541667361111,2019-08-24,15,-0.00859140576040287,0.964860768185436,0.000943909965892925,0.198024981168471,NA,"15"
2019-09-09,7.33036161477164,6.44750610066379,4.62437697227747,17.9313591558144,0.838844517983491,33.7109895418256,0.0397544749893032,0.39738776174019,6.33923077622378,2019-08-25,15,-0.0156404472911399,0.965007419517134,0.00105312387730964,0.197648928224354,NA,"15"
2019-09-10,6.75373876685061,6.03909417489417,4.14887418953473,16.8196837077236,0.687369191350802,21.6421760535428,0.0472890582896546,0.386759913793704,5.04404255319149,2019-08-26,15,-0.0258872162394163,0.966094395312368,0.00115395350998702,0.197008947330354,NA,"15"
2019-09-11,6.48395773133224,5.76488411140487,4.0122940530489,16.1429858410821,0.661861597909933,29.1526446891328,0.0309164647198137,0.371032258385334,2.94699300699301,2019-08-27,15,-0.0105936876403045,0.96510725258368,0.000971515558527206,0.198237128925714,NA,"15"
2019-09-12,6.11126851039926,5.47222405106298,3.97220883211478,15.8268931714266,0.464833242340729,24.2527165440014,0.0344346870827714,0.393491607249165,3.07847222222222,2019-08-28,15,-0.0168849793119898,0.967215408934503,0.00100289336382666,0.19675292768084,NA,"15"
2019-09-13,5.91541264017864,5.22528710046564,4.04431080060117,15.6567434350581,0.372946120889114,26.4988170921555,0.0398989149111046,0.406031200041435,3.27381944444444,2019-08-29,15,-0.0209903710252163,0.966583818121527,0.00104513600268194,0.196732136147968,NA,"15"
2019-09-14,5.61183342688368,4.93310675850561,3.73535277985294,14.6957467081021,0.390009862442299,19.4918357647861,0.0388914466282799,0.373465018025702,3.71781690140845,2019-08-30,15,-0.0139739165659653,0.967374268999791,0.000950010115062433,0.196806794431002,NA,"15"
2019-09-15,5.42684551335305,4.77685160534191,3.90786477509087,14.9551548427532,0.227422737058419,25.3012478139821,0.036550304786067,0.418604386004765,3.27611111111111,2019-08-31,15,-0.0187456480349922,0.96634277933091,0.00103612737970228,0.196003360361014,NA,"15"
2019-09-16,5.72592009473889,5.02626960908035,3.98978279117573,15.2846550170353,0.33386808538244,24.6620829455345,0.0351737519545719,0.402919254420396,2.58929577464789,2019-09-01,15,-0.0201944347015049,0.965884478511907,0.00105728552171724,0.195998837751249,NA,"15"
2019-09-17,5.73393498115164,5.08391776481315,4.01084527776773,15.6765536609375,0.261508185628571,19.7974979707056,0.0308168944258653,0.432268646008493,2.19669014084507,2019-09-02,15,-0.0233288266818223,0.968118232303577,0.00105012339855238,0.196323394376373,NA,"15"
2019-09-18,5.06451687208312,4.11376966378371,3.91881833172797,14.7241792411153,0.103822892925454,21.2306336112661,0.0340455058619622,0.454391389926375,2.87493055555556,2019-09-03,15,-0.0170203344802138,0.966153925796356,0.00102034843857569,0.194750146937995,NA,"15"
2019-09-19,5.47342246314908,4.85708361393175,3.91799074471833,14.8260296729166,0.276573759796102,23.8597923467958,0.0330558947583364,0.401862861643658,3.04159722222222,2019-09-04,15,-0.0231133901356675,0.966134307136746,0.00107026701464476,0.195567270435985,NA,"15"
2019-09-20,5.46422884980066,4.99500258392175,3.80533423002912,14.7685626113909,0.282481102174337,26.8569685993295,0.0503860388487415,0.39865507352905,3.95236111111111,2019-09-05,15,-0.0140836601176964,0.96633807653691,0.000971698419440574,0.195022122907557,NA,"15"
2019-09-21,4.6348493490976,3.97906107067169,3.36029395878272,12.9348963015817,0.170144882455008,15.8766623972367,0.0382799410938633,0.370878554267476,4.30152777777778,2019-09-06,15,-0.0249927940875888,0.965438209185605,0.00112239442183631,0.19453401439987,NA,"15"
2019-09-22,5.65449569212753,5.02264606291487,3.80782806024595,15.036253754498,0.342143201535969,22.2057223110593,0.0383844014321296,0.393512511792861,4.25055555555556,2019-09-07,15,-0.0193086235216545,0.965090981346437,0.00106028344142034,0.194504815522349,NA,"15"
2019-09-23,6.7207587770962,5.88379370098988,4.50321403640224,17.2800603163069,0.540273178575194,26.654502864629,0.0970017703600342,0.423432569967743,4.47363636363636,2019-09-08,15,-0.0177749705678264,0.96631226134972,0.00101389483425498,0.194614094806554,NA,"15"
2019-09-24,7.06367342024485,6.50808113210885,4.04472396632127,17.0018705423183,0.893724983152108,19.372530289209,0.031122283521522,0.364390567352242,5.00160839160839,2019-09-09,15,-0.0160832266187522,0.967748961220123,0.000956705534837707,0.194715851580579,NA,"15"
2019-09-25,6.63986654062203,5.90266100434134,4.29515352309253,16.5536210318499,0.671113803781695,35.3389402820359,0.0759531683090268,0.381482632294536,5.3423076993007,2019-09-10,15,-0.0239665817598973,0.965951232432559,0.00114090254623729,0.194531313571149,NA,"15"
2019-09-26,4.80801887226596,4.26157995853414,3.47045594340743,13.4322689031288,0.173476084724896,18.2327429624232,0.0311535460680603,0.385805663983353,5.61711267605634,2019-09-11,15,-0.0110525704763183,0.965461942809923,0.000957143389388655,0.194702488827387,NA,"15"
2019-09-27,4.65617672564229,3.94838842713007,3.28377008378459,12.769456838608,0.208920150693544,15.580250106576,0.0309718776139706,0.354505370696228,4.48828571428571,2019-09-12,15,-0.014605930908721,0.966451522899175,0.000965259697772753,0.195467343691909,NA,"15"
2019-09-28,4.7912541389659,3.95410064239347,3.63469870154338,13.9733627137515,0.0947307910698529,18.9219805690545,0.0309287816565056,0.433757185996729,4.67153846153846,2019-09-13,15,-0.0116230163199874,0.968149306942778,0.000877354387862583,0.19569138989314,NA,"15"
2019-09-29,4.93381686129082,4.08934268556706,3.95387939139311,14.3438195285633,0.101798351569845,29.8378684932494,0.0580427643392914,0.442692185138602,3.21027777777778,2019-09-14,15,-0.0169301384266727,0.966717834129514,0.000976425183527904,0.194565497363633,NA,"15"
2019-09-30,4.7353914872102,4.0443110778136,3.66619204832293,13.8035828863244,0.0946448605699534,23.6689818861002,0.0308384176914019,0.428134989867518,2.91804195804196,2019-09-15,15,-0.017713082682023,0.967778838469836,0.000984492880946017,0.194819938371126,NA,"15"
2019-10-01,3.90045327885042,3.31559902374423,3.00585433745945,11.7439196448717,0.0498616014637808,15.0830498165185,0.0310628717306534,0.386111956718014,2.3348951048951,2019-09-16,15,-0.0134572463262626,0.965804782016878,0.000954230885906341,0.194255137881188,NA,"15"
2019-10-02,3.4456618774731,3.00639583074605,2.88127199623058,10.9584824631596,0.0312755261174744,17.6778849428368,0.0308789265566523,0.396319590545103,1.80854166666667,2019-09-17,15,-0.0168251318703328,0.968395949923821,0.000921939757858061,0.194488784965589,NA,"15"
2019-10-03,4.1138417914362,3.40380814213107,3.34782923070971,12.6062152848901,0.0391714304230612,23.6865549825701,0.0332157337485578,0.427192970899186,2.901,2019-09-18,15,-0.0123256011705939,0.967029748321726,0.000889778264723447,0.19464636553505,NA,"15"
2019-10-04,4.30820892173849,3.40191719899441,3.55299443837529,13.0756269356386,0.0459412720399234,25.2127675915074,0.030887692442962,0.435649139549019,2.49993055555556,2019-09-19,15,-0.0146370519649585,0.968161990308013,0.000908213057878193,0.194209861198063,NA,"15"
2019-10-05,4.86810852356662,4.10049798360043,3.53703285435581,13.7704555637692,0.149615251827615,18.4275589099699,0.0308003626215125,0.404579680339508,3.97291666666667,2019-09-20,15,-0.0153099842226662,0.967467538375967,0.000939760955239587,0.1937575228194,NA,"15"
2019-10-06,5.46303966302831,4.70754390059153,3.9822287146365,14.8744237983844,0.261496703574542,28.7252509484118,0.0311612306454449,0.407092668980186,3.71965277777778,2019-09-21,15,-0.0179716579088119,0.966744414450587,0.00100116073578497,0.194046811865969,NA,"15"
2019-10-07,5.38798405200048,4.62009892777618,3.92937478472757,15.1216187383673,0.18106360094729,22.3510151159834,0.0320271167737647,0.43773437114749,4.55342857142857,2019-09-22,15,-0.0196409180660817,0.967767581599046,0.000998658262860234,0.193491911495078,NA,"15"
2019-10-08,5.66553025243732,4.79243984664247,3.97837390353128,15.6315614533535,0.233294532147109,23.3454817820784,0.0308209780249954,0.438419129297136,4.81409722222222,2019-09-23,15,-0.00711715077545489,0.966570896575769,0.000856454255272224,0.193147627234799,NA,"15"
2019-10-09,5.67780062594822,4.98020177760227,3.81672714160863,14.6588735994771,0.444078773254255,22.5746006997901,0.0542813999166869,0.362369767799993,4.12517482517482,2019-09-24,15,-0.0125222052557495,0.966385488162157,0.000942870976901244,0.193197702324031,NA,"15"
2019-10-10,5.93735566265179,4.98973165453296,4.15347591577173,16.0579319801097,0.303213104385047,19.9774247593886,0.0351594951618197,0.433839239277355,4.42450704225352,2019-09-25,15,-0.0106263399927431,0.966630745331485,0.000907135338241849,0.192062659493499,NA,"15"
2019-10-11,6.16725135499884,5.52571128944301,4.06593110772485,15.5324275520685,0.581256137735354,25.483306570365,0.18810097140742,0.365447722929526,4.90036496350365,2019-09-26,15,-0.0168612176515871,0.967228870268237,0.000977948931415677,0.193064426879512,NA,"15"
2019-10-12,5.39640565838319,4.70115604517314,3.65894357709478,14.1057531247974,0.381660297512025,22.4197965985915,0.0575155290538357,0.357268925149642,3.84260563380282,2019-09-27,15,-0.012944650779628,0.966725565153518,0.000939068624165641,0.191985147301382,NA,"15"
2019-10-13,5.71569430841209,5.13930175818996,4.129931766752,15.5076526264641,0.283076533483626,28.1497900076271,0.0360943910125825,0.421549294270781,4.00979020979021,2019-09-28,15,-0.0193248696806284,0.967598786146801,0.000982412514110977,0.192541287436246,NA,"15"
2019-10-14,4.61938103797437,4.0048357359104,3.50684926083675,13.0688979969598,0.14279872094103,20.4190147619241,0.0315558332418824,0.38418374933811,4.20416666666667,2019-09-29,15,-0.0169531389285554,0.96743228465241,0.000948283505320865,0.192169763573184,NA,"15"
2019-10-15,4.41882506918337,3.72202528671139,3.34078310641578,12.4731103287741,0.141658680963856,20.8999753539024,0.0314015332882979,0.365248316540678,4.65503495804196,2019-09-30,15,-0.016469330843332,0.967023724961036,0.000957300547757987,0.192558158363921,NA,"15"
2019-10-16,4.02564580857736,3.30062043344267,3.37531931650769,12.8259773869237,0.0314942843412443,23.572209263497,0.0327167210616596,0.46475878401938,5.5396478943662,2019-10-01,15,-0.00846305151721792,0.967239884828173,0.00084109935492031,0.191964376260074,NA,"15"
2019-10-17,3.34595933565547,2.66005445036755,3.02507023108264,11.3330303923458,0.0736834280672816,16.2815035366328,0.0309403744948455,0.455921841405672,4.44265734265734,2019-10-02,15,-0.0133547457052784,0.967520360087943,0.000903824410080696,0.19172954683388,NA,"15"
2019-10-18,4.32836846120854,3.3750926251874,3.57358889740195,13.1779897065893,0.0438122192714886,19.5157533642943,0.0308213477807498,0.441442899783891,4.56832167132867,2019-10-03,15,-0.0115258824502554,0.968751237267531,0.000829579109125401,0.191239753030577,NA,"15"
2019-10-19,4.31993435560779,3.65200419442122,3.36904911149556,12.9288096373282,0.0578682251390253,19.2711493131595,0.032890796138787,0.420337505618904,3.564375,2019-10-04,15,-0.000132767759954848,0.967611637586916,0.00072901333792801,0.192353890286908,NA,"15"
2019-10-20,4.91924617381183,4.06785342546961,3.43442338139186,12.9941282200571,0.318844059348502,20.195949747768,0.0361517335962928,0.335983057233521,4.0525,2019-10-05,15,-0.0113135649025484,0.966696668714073,0.000884067114261422,0.192272714754637,NA,"15"
2019-10-21,4.65613180544154,4.02918243995493,3.2927926703887,12.9914036961742,0.171290449771125,18.4168660970811,0.032040096114333,0.372337572308846,4.32090277777778,2019-10-06,15,0.000881501877489755,0.965815278042533,0.000771652983507635,0.192151237865514,NA,"15"
2019-10-22,5.64359797258627,4.93925908346367,3.90910878987883,15.1683018546539,0.308058160319072,22.3858763103537,0.0736594513112659,0.405093187774576,5.4920979020979,2019-10-07,15,0.00116613122466241,0.966747035053976,0.000755203088703495,0.191929500626103,NA,"15"
2019-10-23,6.00414436575682,5.09555493945075,4.06076636196946,15.6192322662807,0.440298648951412,21.6872893235034,0.0313467040036793,0.391756107735248,4.98930555555556,2019-10-08,15,-0.00225620291827542,0.965697242824159,0.000806577344693987,0.192407384579666,NA,"15"
2019-10-24,5.29578829460735,4.321952608707,4.17702218287138,14.9304606018324,0.168126131577858,28.0573043377233,0.0328605515754619,0.435828980728258,4.14140845070423,2019-10-09,15,-0.00705576972524017,0.966535847977136,0.000860217641068478,0.191348074461407,NA,"15"
2019-10-25,5.59421082357871,4.75095312995121,3.84459161350231,14.8061055979472,0.353772696350255,24.752317771812,0.0388904062414142,0.384040826879132,5.16943661971831,2019-10-10,15,-0.00117810608203744,0.967523281338014,0.000751193716337952,0.190719307246758,NA,"15"
2019-10-26,5.66919042041278,4.96701762589781,3.86192022217678,14.7983138005799,0.404839696217947,26.0161787637527,0.037762333649183,0.37372445890056,6.99791666666667,2019-10-11,15,-0.00885224291591833,0.966397573598219,0.00087668939881025,0.191685448720491,NA,"15"
2019-10-27,4.8936603187094,4.2030995195555,3.43826802329521,13.5995361734665,0.187817309024873,20.9098142172994,0.0326800497751211,0.38680415219227,8.06395831944444,2019-10-12,15,-0.00668778668515339,0.965650766809399,0.000865173807380051,0.190670498853595,NA,"15"
2019-10-28,4.99777780361006,4.25253291821525,3.71776386377738,13.7973731530568,0.206776059758395,25.74961788075,0.03214411446232,0.387631979823758,7.5292857,2019-10-13,15,-0.00584624787754537,0.967042256714006,0.000830344025191578,0.190825652253882,NA,"15"
2019-10-29,4.99632577808786,4.2323221238447,3.29037989486234,13.2383870355125,0.314678889493913,17.9311634134316,0.0333733204380727,0.344292938265546,6.7993006993007,2019-10-14,15,-0.0141805695161724,0.967577149768786,0.000918014389837246,0.190961760958916,NA,"15"
2019-10-30,5.77232416607086,5.03844446034937,3.83506034033472,14.906606325138,0.450293620770652,24.7642380271577,0.0629311432498338,0.368645661303302,5.16468531468531,2019-10-15,15,-0.0121012091543821,0.966161247311994,0.000926847216901478,0.190041545595627,NA,"15"
2019-10-31,6.00898128279605,5.22193967947048,3.9502741132348,15.2205658982724,0.543593709322704,22.5876921157057,0.031832571548483,0.362258168095331,4.2894444375,2019-10-16,15,-0.014162294102672,0.967430421708788,0.00091972205017111,0.189169187935601,NA,"15"
2019-11-01,5.29258574960118,4.75785896871008,3.50124675362045,13.7803440413891,0.387258774465594,17.2552598318146,0.153281620188073,0.346421982492397,5.11972028671329,2019-10-17,15,-0.000200819225861583,0.966656272756295,0.000763925728356633,0.189611100954944,NA,"15"
2019-11-02,5.27713753128016,4.8159581282162,3.38486317752663,13.4673693189383,0.453183951752596,18.8255884907074,0.0317539431436279,0.325519924153432,3.61236111111111,2019-10-18,15,-0.0172188225465692,0.966388216865568,0.000984823131181805,0.189529461528586,NA,"15"
2019-11-03,5.19748271951748,4.68727935134538,3.56626049472532,13.9958554692671,0.279852205951047,18.5298155285056,0.0386768059879958,0.375268721203792,3.73902097902098,2019-10-19,15,-0.00457385561683998,0.965298649626521,0.000848734059359258,0.189446999979808,NA,"15"
2019-11-04,5.11934422904436,4.52796981486425,3.39992305718783,13.2513089356596,0.393719710885303,18.9972004565597,0.0350437944828681,0.329393927426695,3.79741258741259,2019-10-20,15,-0.0147864248022635,0.965323392721075,0.000975582660028119,0.189390709275018,NA,"15"
2019-11-05,5.53077965150634,4.95762293733128,3.64082186312547,14.6298477667352,0.351796034747573,21.6371392344051,0.0323993699084979,0.379073127567101,4.635625,2019-10-21,15,-0.0117905913936136,0.96619284620411,0.000916841361544843,0.190050381083766,NA,"15"
2019-11-06,5.86220345980254,5.26678081481846,3.8781547638517,15.2317876874015,0.434609022064565,20.1485955567162,0.0332463452753082,0.381191374589847,4.61070921985816,2019-10-22,15,-0.00791994662176481,0.966032611634753,0.00087358017557167,0.189338613901568,NA,"15"
2019-11-07,6.2541725927092,5.58726409877859,3.74891238994234,15.1087534469898,0.775579542209286,21.9631924503806,0.140999146023312,0.326458844422095,5.34412587412587,2019-10-23,15,-0.0112591800048907,0.966119035419949,0.000939081929133595,0.188836730140191,NA,"15"
2019-11-08,5.43926024699503,4.76118721114934,3.76608997991176,14.5123897721311,0.31955113316903,21.9146117692998,0.0309192163192006,0.382296718473231,5.5144056013986,2019-10-24,15,-0.00849735727897473,0.964914893481875,0.000909813250641441,0.189260857577499,NA,"15"
2019-11-09,6.29850285011526,5.65641665642364,3.71330031602596,15.2227088804489,0.778853250911643,19.4331698028417,0.0617622621160962,0.329221437657992,5.99402777083333,2019-10-25,15,-0.0196238799502581,0.965212690922017,0.00103306996283107,0.188456498970036,NA,"15"
2019-11-10,7.23757877505089,6.70773523945242,4.17736195993949,16.9452291675979,1.07081456774218,26.9878197030275,0.226613316826732,0.342404558146968,5.41160839160839,2019-10-26,15,-0.01179411832229,0.964487383524016,0.000961571277778843,0.188638614414231,NA,"15"
2019-11-11,8.20123965451445,7.20418319702571,4.66873148518337,18.9604736788197,1.2951402692992,33.2344174583233,0.0371634502042455,0.372599059828175,6.32825175524476,2019-10-27,15,-0.0189378586548709,0.964943242237948,0.00107259029285444,0.189022241874237,NA,"15"
2019-11-12,7.5264788459824,7.10137794764375,4.3183192524161,17.7759428985284,1.06121537262314,26.2987509293148,0.0331741458932091,0.36593311941449,7.00352112676056,2019-10-28,15,-0.0192926010639901,0.966888655011087,0.00102926122909811,0.188769649341461,NA,"15"
2019-11-13,7.19448368144603,6.34312976507671,4.63899884467388,17.7040711948835,0.792472736035661,24.0924192844777,0.108878555437528,0.397203656444404,7.51541666666667,2019-10-29,15,-0.0154168696043101,0.965437520859114,0.00100693105520698,0.188563816415611,NA,"15"
2019-11-14,5.90955071154562,5.1977739074486,3.85218084374695,15.1120714576191,0.497720671999678,26.0962383316039,0.0319693493793334,0.366560716312045,6.5165034965035,2019-10-30,15,-0.0178223760140869,0.965806841873086,0.00102237560979553,0.187978442272927,NA,"15"
2019-11-15,5.25891536630629,4.85800460779055,3.37028156516553,13.6872846202523,0.386173572267473,17.3547195639637,0.0403455085540493,0.343830043004564,6.56708333333333,2019-10-31,15,-0.0131258547078743,0.965981646277663,0.000936381788246389,0.188698508375036,NA,"15"
2019-11-16,5.94644553645636,5.44551710979346,3.91095463521335,15.7048655616537,0.382285286924594,18.903235299705,0.033024641023993,0.405585943775179,6.20409722222222,2019-11-01,15,-0.01543225883669,0.965864258366502,0.000986921542835155,0.18829294764244,NA,"15"
2019-11-17,4.53988324335151,3.90233469011944,3.26033676410785,12.3680212436549,0.219274441348363,20.5958222749705,0.0659082861341578,0.339178929370401,7.35145833333333,2019-11-02,15,-0.00226957422554345,0.96616387067894,0.0007923273709927,0.187958685311328,NA,"15"
2019-11-18,5.00742180324391,4.30322797373503,3.48794674409434,13.760719788207,0.218186827626598,19.9309916143086,0.0387189076090966,0.383325860300258,8.16605633802817,2019-11-03,15,-0.00831782964117546,0.96520399388461,0.000897580266892535,0.189435664675437,NA,"15"
2019-11-19,4.84421183669508,4.2443105908198,3.5430006467436,13.4135881691593,0.194209465848472,23.7283719938692,0.0308540323286393,0.379004418480078,6.82272727272727,2019-11-04,15,-0.00117311266206519,0.964868039834318,0.000814024654178543,0.188485808817319,NA,"15"
2019-11-20,4.79193784036033,4.03868929311304,3.44392260573099,13.2629399045007,0.193331049824737,22.6205935999546,0.030804619035328,0.374461567885672,7.00138888194444,2019-11-05,15,-0.0146872063487833,0.965594529149285,0.000967619513549058,0.188451294977638,NA,"15"
2019-11-21,5.33623896870647,4.77168113623637,3.44888947400414,13.7979106065811,0.413280766372881,18.6079356824063,0.0600512561156137,0.342194452721049,6.8328169084507,2019-11-06,15,0.00187209532882648,0.964696507257674,0.000767569027539052,0.18845239673112,NA,"15"
2019-11-22,5.48433084622257,4.73206110089479,3.5482078184113,14.0764524166544,0.45001473085928,18.8065262738557,0.0358141216189937,0.344040655668127,7.24041667361111,2019-11-07,15,-0.00979625991747271,0.965954482471042,0.000894563737706848,0.188084092964681,NA,"15"
2019-11-23,6.06308386990578,5.23753314432305,3.87361977961418,15.2407347080302,0.579637987662723,21.3188071568954,0.0345430639052683,0.35723052068045,7.23098592253521,2019-11-08,15,-0.00757819742498441,0.964767266903266,0.000917432178175528,0.187562612151731,NA,"15"
2019-11-24,6.45689351767694,5.86386586926095,3.94984448985377,15.6156896948553,0.794950410666145,23.667505679847,0.0483933465992593,0.338146545174817,6.76722221527778,2019-11-09,15,-0.0108098915679206,0.964461570297674,0.00095566663497407,0.188073057614696,NA,"15"
2019-11-25,6.48117947291852,5.62293559204871,3.9531650369138,15.9682849348085,0.709624933259591,20.6358322771536,0.185480884917986,0.35929468083523,6.64307693006993,2019-11-10,15,-0.00591908263620087,0.965137795489975,0.000874654176133391,0.188216474123635,NA,"15"
2019-11-26,7.35100112186843,6.82927828666906,4.32482725832641,17.6875052624542,0.931404999209279,26.4958937569057,0.216452579437398,0.378765961123428,6.09755244755245,2019-11-11,15,-0.0120907536204207,0.966254469393163,0.000916656940008205,0.188224638249399,NA,"15"
2019-11-27,6.95854697898663,6.49452980752217,3.96750601551722,16.2286874606025,1.05161439530337,22.0512267141872,0.0824845667064482,0.325223024408086,6.97699300699301,2019-11-12,15,-0.00788245130814403,0.964373994326973,0.000909162514079607,0.187561957875183,NA,"15"
2019-11-28,7.53735245660661,6.71741156054185,4.22651848754046,17.2736753882024,1.24529332352542,26.0381932464063,0.187055858778046,0.333061149773333,6.99153844755245,2019-11-13,15,-0.00803453997396588,0.963918517787985,0.000933699587940756,0.187797508667484,NA,"15"
2019-12-05,7.35129455724483,6.91690759523326,3.89076448509617,16.4516709513233,1.36130020965043,21.821317778189,0.280370590563642,0.300774702879342,7.19291670138889,2019-11-20,15,-0.000561716253454323,0.965478090897,0.00080406265638298,0.187640862839837,NA,"15"
2019-12-06,7.19039467723472,6.54133926532091,3.99210274355498,16.4240946463608,1.20815237962716,20.4164078943119,0.162490089356165,0.314416750244947,7.0372028041958,2019-11-21,15,-0.00317666347867315,0.964235662695778,0.000854253593084202,0.187359147947025,NA,"15"
2019-12-07,7.61152520355928,6.85352741327176,4.39129755357841,17.7509702718741,1.14936316249922,31.5878439317474,0.163938457243575,0.355594166053022,8.78288731690141,2019-11-22,15,-0.00620070869351264,0.965028786832338,0.000880346802183777,0.187781949673446,NA,"15"
2019-12-08,7.22070719752947,6.71189777061495,4.01638421337744,16.6125240716023,1.17037696415975,23.9825950420895,0.103103890442917,0.323122573533643,7.021831,2019-11-23,15,-0.00610553686565249,0.965395233504463,0.000871158885885912,0.188109124245184,NA,"15"
2019-12-09,6.68169219064794,6.05796914498477,3.92945033633022,15.7656894630688,0.948513439558878,21.9874566081699,0.0796171881123919,0.324024968667576,7.15493054861111,2019-11-24,15,-0.0138321593400017,0.96402897748857,0.00100015672063408,0.187663522641527,NA,"15"
2019-12-10,6.81541621274023,6.06140238844928,4.26755596893292,17.0585795965292,0.669748902214744,23.4469548176676,0.0455095453661826,0.396228870140963,8.67388890972222,2019-11-25,15,0.00488576123280839,0.964917327495184,0.000749100892122355,0.187513449701347,NA,"15"
2019-12-11,6.63982014218834,6.17832537869984,3.68334878663561,15.4406521263537,1.01940953694073,21.8683980914182,0.282342572907002,0.307547523416429,7.85770834027778,2019-11-26,15,-0.00834783403802202,0.964197892032712,0.000921679909992905,0.188020852160618,NA,"15"
2019-12-12,7.57600436273996,7.16160259189002,4.04554180892266,17.0850974320643,1.35330269967031,25.3883817487049,0.102701451490369,0.317794850918337,7.7795105034965,2019-11-27,15,-0.00167821358324704,0.965565040328788,0.000812817289699488,0.187738366456571,NA,"15"
2019-12-13,7.22958673198358,6.62557810275102,4.31590142029272,17.0048907787893,1.04316834836033,37.961651313066,0.293034035484622,0.347046119376829,7.55133802816901,2019-11-28,15,-0.00884571169002483,0.964344911808543,0.000922688614766076,0.18777606641554,NA,"15"
2019-12-14,8.74708612942183,7.73434402754925,4.86471727078786,19.957771612309,1.47528178679325,29.10394177585,0.379493111769509,0.380890767414739,8.41833332638889,2019-11-29,15,-0.00496117565272259,0.965257803762909,0.000861048801377206,0.187830412515425,NA,"15"
2019-12-15,7.80988267011507,7.23469510310724,4.54465119623234,18.3222479288261,1.14193766161537,27.5196148743412,0.320224664886736,0.371756376297159,7.52174827272727,2019-11-30,15,-0.0107712072463629,0.965669084127041,0.000923869301198058,0.188005332316767,NA,"15"
2019-12-16,7.29034504310358,6.68856683633794,4.21000233527882,17.4458290079796,0.954178322105167,25.9020900410734,0.0329638612406178,0.369328909459137,7.80608391608392,2019-12-01,15,-0.0120422347031932,0.965468496981648,0.000942857321626113,0.187903302783277,NA,"15"
2019-12-17,7.45096777164075,6.62256806535246,4.31306319514353,17.6970724189032,1.01793627181702,22.7268667117272,0.215533014530649,0.368725103809837,7.89243054166667,2019-12-02,15,-0.0143735108533584,0.965332777867495,0.000977285799133274,0.187606926913172,NA,"15"
2019-12-18,6.85423252475557,5.87122247272673,4.13227146303678,16.5130687103736,0.862821190978462,23.3640706962944,0.209515115307263,0.354640878084953,8.36388889583333,2019-12-03,15,-0.00332269735359694,0.9652575453593,0.000840625096689204,0.188162308892869,NA,"15"
2019-12-19,7.98055941408595,7.5716869145492,4.45927792722406,18.4980459181738,1.24386126089486,23.3543805257177,0.0460148564660292,0.365603156106208,7.33486113194444,2019-12-04,15,-0.00612847559494529,0.964760664123512,0.000882345298744253,0.188299770855795,NA,"15"
2019-12-20,7.93085353557474,7.25225523467321,4.53591465604601,18.557811519951,1.17581167151312,28.9650572813223,0.0913969802340394,0.374415233645587,6.97861111111111,2019-12-05,15,-0.0135188418523177,0.965736174852074,0.000954494099649272,0.187547309504785,NA,"15"
2019-12-21,7.46591550240144,7.03254226460537,4.0280729003053,17.1227144828734,1.2290171173006,25.6448689964129,0.0666752688965803,0.330705222084338,6.40076388194444,2019-12-06,15,-0.0112403326858853,0.965234842117281,0.000935312999796956,0.187833494689188,NA,"15"
2019-12-22,8.00037211578664,7.6558176935769,4.28475587668755,18.2364688159156,1.35670078890694,21.6663350723123,0.373968964938334,0.347388410204035,7.44347223611111,2019-12-07,15,-0.00492790183781283,0.964469321503538,0.00087582502972434,0.188407375417177,NA,"15"
2019-12-23,7.62110644416839,7.03893176421099,4.04106278980954,17.1931314869869,1.35893043009293,23.6165684260172,0.134869349225509,0.320063208737013,8.79729165277778,2019-12-08,15,-0.00308667888534221,0.963579769348735,0.000873563617723859,0.187894488001581,NA,"15"
2019-12-24,7.68180532670171,7.03992104670801,3.93221671873079,16.8994092746795,1.5354484066532,27.2452707126704,0.107254152238232,0.296990337035507,7.71083917482517,2019-12-09,15,-0.00597729427829549,0.96402357728384,0.000901828965721935,0.188355800577409,NA,"15"
2019-12-25,8.99326766675374,8.36469873046874,4.52870276253252,19.7731977899215,1.80036592136242,24.1253828196911,0.292065600200414,0.346866519424851,7.99433567132867,2019-12-10,15,-0.000606525780854349,0.964152397973934,0.000836094593487116,0.188201301140221,NA,"15"
2019-12-26,7.80152947159448,7.10486737559943,4.37068466524873,18.0637363921151,1.22298911785047,33.5762266162315,0.0437162124794758,0.356211455882473,7.70328672027972,2019-12-11,15,-0.0017508882746359,0.964215587235453,0.000834613379933957,0.188002386542648,NA,"15"
2019-12-27,7.34699262030964,6.6617556849108,4.46473036321063,17.8262009249358,0.884847135568799,23.5171055436368,0.0338733432047108,0.388450954912252,9.11839161538462,2019-12-12,15,-0.00741528476744395,0.965809596079398,0.000871206801052967,0.188093404677017,NA,"15"
2019-12-28,7.3871229498561,6.63266121350778,4.08741014482327,16.9589313159436,1.21010127520472,23.5082195749328,0.145919057758821,0.328276701445617,9.80145834027778,2019-12-13,15,-0.0115088423514798,0.965910849382888,0.000927654217823751,0.188518449517346,NA,"15"
2019-12-29,7.34893418668508,6.59672167364165,4.11856491256647,16.9154480045562,1.18813855966533,27.9740832271032,0.103284917335889,0.329333780106537,8.97594406993007,2019-12-14,15,-0.00413793853217244,0.964984215112021,0.000857332608084661,0.188078089486491,NA,"15"
2019-12-30,7.04763664338841,6.41231541480438,4.13023572844528,16.6644615914721,0.988059673523074,24.5129017363036,0.0593748720743794,0.343986747520681,9.12048946853147,2019-12-15,15,-0.00819072868614449,0.965164440327346,0.000894738011343724,0.187347898413004,NA,"15"
2019-12-31,7.51367981741703,6.53583996739186,4.30689606086944,17.5148831242439,1.13746046205461,24.860998382662,0.0647505855905868,0.350536832662273,9.8854166875,2019-12-16,15,-0.00686626080821586,0.96494337262335,0.000877921439107977,0.187843880165754,NA,"15"
2020-01-01,7.42592483931977,6.85657948991186,4.19850183650237,17.5041328127456,1.05863041123052,22.7639891014485,0.0308000706654455,0.358846245357936,9.11340278472222,2019-12-17,15,-0.0136755716107061,0.965301599801011,0.000962847690494486,0.187891686201567,NA,"15"
2020-01-02,7.93434021386388,7.47939354540179,4.33421001572404,18.3435178008568,1.2533427763687,22.7524667189041,0.0311862894922278,0.360515930193661,9.9071831056338,2019-12-18,15,-0.0121392370621935,0.966634096106762,0.000915941864211355,0.188196437258793,NA,"15"
2020-01-03,7.79537819232281,7.16132456629178,4.3617045967016,17.976071428084,1.24789382238633,23.984497385988,0.0830103720417695,0.351332183887922,10.1632639166667,2019-12-19,15,-0.00590318459241198,0.965397661375763,0.000861195884015125,0.187585433504642,NA,"15"
2020-01-04,6.90474213111259,6.30786849751389,4.04805404944064,16.4100864425059,0.940866673687805,26.6108165497318,0.0359047547894718,0.342460902355359,10.6309090839161,2019-12-20,15,-0.00581674988835158,0.965426077653233,0.000864495798852885,0.187614534146556,NA,"15"
2020-01-05,6.78617015428835,6.07366895448133,4.20685002520115,16.7830631717829,0.72399131155498,29.0371851501201,0.0673285749119451,0.38048782083433,11.2458042027972,2019-12-21,15,-0.00975209420590955,0.965309828293561,0.000919660496925821,0.187911768964451,NA,"15"
2020-01-06,7.90867962535727,6.95696521223058,4.68461398768157,18.361073656181,1.22243164489935,27.8165844232614,0.044854277003548,0.364187242071904,8.83510492307692,2019-12-22,15,-0.000305426894391495,0.965569249534085,0.00079295641360538,0.187286971470002,NA,"15"
