"V1","V2","V3","V4","V5","V6"
1.25354716567477,0.194530221279819,0.928657006381669,-0.310044673421301,-0.000481434390190424,0.131897720911943
1.55115026947908,0.194530221279819,0.928657006381669,-0.310044673421301,-0.000481434390190424,0.131897720911943
1.51635264609186,0.194530221279819,0.928657006381669,-0.310044673421301,-0.000481434390190424,0.131897720911943
1.19250055457062,0.194530221279819,0.928657006381669,-0.310044673421301,-0.000481434390190424,0.131897720911943
1.66631695861801,0.194530221279819,0.928657006381669,-0.310044673421301,-0.000481434390190424,0.131897720911943
1.48519326870516,0.194530221279819,0.928657006381669,-0.310044673421301,-0.000481434390190424,0.131897720911943
1.38000922095865,0.194530221279819,0.928657006381669,-0.310044673421301,-0.000481434390190424,0.131897720911943
1.56731407428412,0.194530221279819,0.928657006381669,-0.310044673421301,-0.000481434390190424,0.131897720911943
1.31538943959097,0.194530221279819,0.928657006381669,-0.310044673421301,-0.000481434390190424,0.131897720911943
1.2318251791306,0.194530221279819,0.928657006381669,-0.310044673421301,-0.000481434390190424,0.131897720911943
1.49299966718259,0.194530221279819,0.928657006381669,-0.310044673421301,-0.000481434390190424,0.131897720911943
1.27191358023197,0.194530221279819,0.928657006381669,-0.310044673421301,-0.000481434390190424,0.131897720911943
1.6783528064597,0.194530221279819,0.928657006381669,-0.310044673421301,-0.000481434390190424,0.131897720911943
1.34818886138302,0.194530221279819,0.928657006381669,-0.310044673421301,-0.000481434390190424,0.131897720911943
1.36141826708021,0.194530221279819,0.928657006381669,-0.310044673421301,-0.000481434390190424,0.131897720911943
1.26012009531736,0.194530221279819,0.928657006381669,-0.310044673421301,-0.000481434390190424,0.131897720911943
1.52798977770596,0.194530221279819,0.928657006381669,-0.310044673421301,-0.000481434390190424,0.131897720911943
1.34077965033778,0.194530221279819,0.928657006381669,-0.310044673421301,-0.000481434390190424,0.131897720911943
1.25889719781962,0.194530221279819,0.928657006381669,-0.310044673421301,-0.000481434390190424,0.131897720911943
1.40847617561676,0.194530221279819,0.928657006381669,-0.310044673421301,-0.000481434390190424,0.131897720911943
1.64327543352775,0.194530221279819,0.928657006381669,-0.310044673421301,-0.000481434390190424,0.131897720911943
1.42021124733926,0.194530221279819,0.928657006381669,-0.310044673421301,-0.000481434390190424,0.131897720911943
1.29563804929983,0.194530221279819,0.928657006381669,-0.310044673421301,-0.000481434390190424,0.131897720911943
1.47488615708843,0.194530221279819,0.928657006381669,-0.310044673421301,-0.000481434390190424,0.131897720911943
1.13134522976111,0.194530221279819,0.928657006381669,-0.310044673421301,-0.000481434390190424,0.131897720911943
1.38629233707269,0.194530221279819,0.928657006381669,-0.310044673421301,-0.000481434390190424,0.131897720911943
1.62798197257968,0.194530221279819,0.928657006381669,-0.310044673421301,-0.000481434390190424,0.131897720911943
1.50880065858027,0.194530221279819,0.928657006381669,-0.310044673421301,-0.000481434390190424,0.131897720911943
1.29084584865502,0.194530221279819,0.928657006381669,-0.310044673421301,-0.000481434390190424,0.131897720911943
1.48820760611575,0.194530221279819,0.928657006381669,-0.310044673421301,-0.000481434390190424,0.131897720911943
1.16975725306939,0.194530221279819,0.928657006381669,-0.310044673421301,-0.000481434390190424,0.131897720911943
1.24344601004145,0.194530221279819,0.928657006381669,-0.310044673421301,-0.000481434390190424,0.131897720911943
1.51770111480181,0.194530221279819,0.928657006381669,-0.310044673421301,-0.000481434390190424,0.131897720911943
1.55520163985695,0.194530221279819,0.928657006381669,-0.310044673421301,-0.000481434390190424,0.131897720911943
1.24552803762634,0.194530221279819,0.928657006381669,-0.310044673421301,-0.000481434390190424,0.131897720911943
1.37179136825265,0.194530221279819,0.928657006381669,-0.310044673421301,-0.000481434390190424,0.131897720911943
1.46119088132908,0.194530221279819,0.928657006381669,-0.310044673421301,-0.000481434390190424,0.131897720911943
1.30729945672424,0.194530221279819,0.928657006381669,-0.310044673421301,-0.000481434390190424,0.131897720911943
1.2784064107125,0.194530221279819,0.928657006381669,-0.310044673421301,-0.000481434390190424,0.131897720911943
1.53374449905122,0.194530221279819,0.928657006381669,-0.310044673421301,-0.000481434390190424,0.131897720911943
1.23927404687234,0.194530221279819,0.928657006381669,-0.310044673421301,-0.000481434390190424,0.131897720911943
1.58491413518771,0.194530221279819,0.928657006381669,-0.310044673421301,-0.000481434390190424,0.131897720911943
1.46202709952479,0.194530221279819,0.928657006381669,-0.310044673421301,-0.000481434390190424,0.131897720911943
1.5941570685745,0.194530221279819,0.928657006381669,-0.310044673421301,-0.000481434390190424,0.131897720911943
1.48852125840865,0.194530221279819,0.928657006381669,-0.310044673421301,-0.000481434390190424,0.131897720911943
1.49950142593241,0.194530221279819,0.928657006381669,-0.310044673421301,-0.000481434390190424,0.131897720911943
1.52599127226304,0.194530221279819,0.928657006381669,-0.310044673421301,-0.000481434390190424,0.131897720911943
1.42697413119269,0.194530221279819,0.928657006381669,-0.310044673421301,-0.000481434390190424,0.131897720911943
1.38890672566299,0.194530221279819,0.928657006381669,-0.310044673421301,-0.000481434390190424,0.131897720911943
1.51791915620811,0.194530221279819,0.928657006381669,-0.310044673421301,-0.000481434390190424,0.131897720911943
1.3777808631772,0.194530221279819,0.928657006381669,-0.310044673421301,-0.000481434390190424,0.131897720911943
1.24410420300219,0.194530221279819,0.928657006381669,-0.310044673421301,-0.000481434390190424,0.131897720911943
1.4839759623293,0.194530221279819,0.928657006381669,-0.310044673421301,-0.000481434390190424,0.131897720911943
1.42033903422306,0.194530221279819,0.928657006381669,-0.310044673421301,-0.000481434390190424,0.131897720911943
1.3774062231773,0.194530221279819,0.928657006381669,-0.310044673421301,-0.000481434390190424,0.131897720911943
1.40641914845094,0.194530221279819,0.928657006381669,-0.310044673421301,-0.000481434390190424,0.131897720911943
1.42679850652434,0.194530221279819,0.928657006381669,-0.310044673421301,-0.000481434390190424,0.131897720911943
1.18114295025418,0.194530221279819,0.928657006381669,-0.310044673421301,-0.000481434390190424,0.131897720911943
1.34806879803436,0.194530221279819,0.928657006381669,-0.310044673421301,-0.000481434390190424,0.131897720911943
1.53894857229063,0.194530221279819,0.928657006381669,-0.310044673421301,-0.000481434390190424,0.131897720911943
1.44338098214458,0.194530221279819,0.928657006381669,-0.310044673421301,-0.000481434390190424,0.131897720911943
1.54491411309173,0.194530221279819,0.928657006381669,-0.310044673421301,-0.000481434390190424,0.131897720911943
1.38550927895029,0.194530221279819,0.928657006381669,-0.310044673421301,-0.000481434390190424,0.131897720911943
1.3492459911867,0.194530221279819,0.928657006381669,-0.310044673421301,-0.000481434390190424,0.131897720911943
1.28119567431829,0.194530221279819,0.928657006381669,-0.310044673421301,-0.000481434390190424,0.131897720911943
1.42978089368267,0.194530221279819,0.928657006381669,-0.310044673421301,-0.000481434390190424,0.131897720911943
1.53879903797687,0.194530221279819,0.928657006381669,-0.310044673421301,-0.000481434390190424,0.131897720911943
1.57819143722966,0.194530221279819,0.928657006381669,-0.310044673421301,-0.000481434390190424,0.131897720911943
1.44235951648348,0.194530221279819,0.928657006381669,-0.310044673421301,-0.000481434390190424,0.131897720911943
1.4455986932641,0.194530221279819,0.928657006381669,-0.310044673421301,-0.000481434390190424,0.131897720911943
1.68316738503321,0.194530221279819,0.928657006381669,-0.310044673421301,-0.000481434390190424,0.131897720911943
1.48316091099781,0.194530221279819,0.928657006381669,-0.310044673421301,-0.000481434390190424,0.131897720911943
1.38082332944173,0.194530221279819,0.928657006381669,-0.310044673421301,-0.000481434390190424,0.131897720911943
1.42889386405499,0.194530221279819,0.928657006381669,-0.310044673421301,-0.000481434390190424,0.131897720911943
1.47369749979866,0.194530221279819,0.928657006381669,-0.310044673421301,-0.000481434390190424,0.131897720911943
1.52661126111396,0.194530221279819,0.928657006381669,-0.310044673421301,-0.000481434390190424,0.131897720911943
1.5329887904031,0.194530221279819,0.928657006381669,-0.310044673421301,-0.000481434390190424,0.131897720911943
1.12947919145095,0.194530221279819,0.928657006381669,-0.310044673421301,-0.000481434390190424,0.131897720911943
1.20595734700633,0.194530221279819,0.928657006381669,-0.310044673421301,-0.000481434390190424,0.131897720911943
1.37056082188038,0.194530221279819,0.928657006381669,-0.310044673421301,-0.000481434390190424,0.131897720911943
1.46595866125531,0.194530221279819,0.928657006381669,-0.310044673421301,-0.000481434390190424,0.131897720911943
1.32500478068795,0.194530221279819,0.928657006381669,-0.310044673421301,-0.000481434390190424,0.131897720911943
1.13593722761449,0.194530221279819,0.928657006381669,-0.310044673421301,-0.000481434390190424,0.131897720911943
1.43397911699479,0.194530221279819,0.928657006381669,-0.310044673421301,-0.000481434390190424,0.131897720911943
1.44597610289219,0.194530221279819,0.928657006381669,-0.310044673421301,-0.000481434390190424,0.131897720911943
1.57843192257906,0.194530221279819,0.928657006381669,-0.310044673421301,-0.000481434390190424,0.131897720911943
1.58558308633907,0.194530221279819,0.928657006381669,-0.310044673421301,-0.000481434390190424,0.131897720911943
1.31604516486657,0.194530221279819,0.928657006381669,-0.310044673421301,-0.000481434390190424,0.131897720911943
1.50286869515339,0.194530221279819,0.928657006381669,-0.310044673421301,-0.000481434390190424,0.131897720911943
1.28062164088742,0.194530221279819,0.928657006381669,-0.310044673421301,-0.000481434390190424,0.131897720911943
1.30149281980197,0.194530221279819,0.928657006381669,-0.310044673421301,-0.000481434390190424,0.131897720911943
1.37649905706154,0.194530221279819,0.928657006381669,-0.310044673421301,-0.000481434390190424,0.131897720911943
1.11242230547906,0.194530221279819,0.928657006381669,-0.310044673421301,-0.000481434390190424,0.131897720911943
1.43394372876501,0.194530221279819,0.928657006381669,-0.310044673421301,-0.000481434390190424,0.131897720911943
1.42654664021295,0.194530221279819,0.928657006381669,-0.310044673421301,-0.000481434390190424,0.131897720911943
1.53633352061897,0.194530221279819,0.928657006381669,-0.310044673421301,-0.000481434390190424,0.131897720911943
1.36499514254058,0.194530221279819,0.928657006381669,-0.310044673421301,-0.000481434390190424,0.131897720911943
1.39452251372569,0.194530221279819,0.928657006381669,-0.310044673421301,-0.000481434390190424,0.131897720911943
1.36163615036095,0.194530221279819,0.928657006381669,-0.310044673421301,-0.000481434390190424,0.131897720911943
1.44331148887817,0.194530221279819,0.928657006381669,-0.310044673421301,-0.000481434390190424,0.131897720911943
1.30099190521688,0.194530221279819,0.928657006381669,-0.310044673421301,-0.000481434390190424,0.131897720911943
1.54665035118959,0.194530221279819,0.928657006381669,-0.310044673421301,-0.000481434390190424,0.131897720911943
1.19467377487939,0.194530221279819,0.928657006381669,-0.310044673421301,-0.000481434390190424,0.131897720911943
1.29092647195277,0.194530221279819,0.928657006381669,-0.310044673421301,-0.000481434390190424,0.131897720911943
1.20184471402526,0.194530221279819,0.928657006381669,-0.310044673421301,-0.000481434390190424,0.131897720911943
1.33449263820427,0.194530221279819,0.928657006381669,-0.310044673421301,-0.000481434390190424,0.131897720911943
1.20628235630201,0.194530221279819,0.928657006381669,-0.310044673421301,-0.000481434390190424,0.131897720911943
1.24654883196753,0.194530221279819,0.928657006381669,-0.310044673421301,-0.000481434390190424,0.131897720911943
1.45719815076874,0.194530221279819,0.928657006381669,-0.310044673421301,-0.000481434390190424,0.131897720911943
1.26901352685468,0.194530221279819,0.928657006381669,-0.310044673421301,-0.000481434390190424,0.131897720911943
1.19434297393108,0.194530221279819,0.928657006381669,-0.310044673421301,-0.000481434390190424,0.131897720911943
1.29588005079038,0.194530221279819,0.928657006381669,-0.310044673421301,-0.000481434390190424,0.131897720911943
1.41571115496029,0.194530221279819,0.928657006381669,-0.310044673421301,-0.000481434390190424,0.131897720911943
1.40242780779467,0.194530221279819,0.928657006381669,-0.310044673421301,-0.000481434390190424,0.131897720911943
1.56296913379764,0.194530221279819,0.928657006381669,-0.310044673421301,-0.000481434390190424,0.131897720911943
1.58977315849315,0.194530221279819,0.928657006381669,-0.310044673421301,-0.000481434390190424,0.131897720911943
1.48301638412749,0.194530221279819,0.928657006381669,-0.310044673421301,-0.000481434390190424,0.131897720911943
1.32044432818621,0.194530221279819,0.928657006381669,-0.310044673421301,-0.000481434390190424,0.131897720911943
1.24037421393713,0.194530221279819,0.928657006381669,-0.310044673421301,-0.000481434390190424,0.131897720911943
1.32420878186965,0.194530221279819,0.928657006381669,-0.310044673421301,-0.000481434390190424,0.131897720911943
1.18866235085986,0.194530221279819,0.928657006381669,-0.310044673421301,-0.000481434390190424,0.131897720911943
1.52101430764387,0.194530221279819,0.928657006381669,-0.310044673421301,-0.000481434390190424,0.131897720911943
1.46982779545404,0.194530221279819,0.928657006381669,-0.310044673421301,-0.000481434390190424,0.131897720911943
1.31147564427528,0.194530221279819,0.928657006381669,-0.310044673421301,-0.000481434390190424,0.131897720911943
1.4470479416137,0.194530221279819,0.928657006381669,-0.310044673421301,-0.000481434390190424,0.131897720911943
1.31956689407669,0.194530221279819,0.928657006381669,-0.310044673421301,-0.000481434390190424,0.131897720911943
1.42400792537661,0.194530221279819,0.928657006381669,-0.310044673421301,-0.000481434390190424,0.131897720911943
1.47100714022339,0.194530221279819,0.928657006381669,-0.310044673421301,-0.000481434390190424,0.131897720911943
1.38052469146316,0.194530221279819,0.928657006381669,-0.310044673421301,-0.000481434390190424,0.131897720911943
1.4227788966146,0.194530221279819,0.928657006381669,-0.310044673421301,-0.000481434390190424,0.131897720911943
1.46721686120422,0.194530221279819,0.928657006381669,-0.310044673421301,-0.000481434390190424,0.131897720911943
1.51718638275718,0.194530221279819,0.928657006381669,-0.310044673421301,-0.000481434390190424,0.131897720911943
1.37462846168432,0.194530221279819,0.928657006381669,-0.310044673421301,-0.000481434390190424,0.131897720911943
1.23516966451706,0.194530221279819,0.928657006381669,-0.310044673421301,-0.000481434390190424,0.131897720911943
1.59992327476841,0.194530221279819,0.928657006381669,-0.310044673421301,-0.000481434390190424,0.131897720911943
1.58092672705149,0.194530221279819,0.928657006381669,-0.310044673421301,-0.000481434390190424,0.131897720911943
1.40895289036351,0.194530221279819,0.928657006381669,-0.310044673421301,-0.000481434390190424,0.131897720911943
1.34921570306183,0.194530221279819,0.928657006381669,-0.310044673421301,-0.000481434390190424,0.131897720911943
1.18754552063372,0.194530221279819,0.928657006381669,-0.310044673421301,-0.000481434390190424,0.131897720911943
1.37729884344344,0.194530221279819,0.928657006381669,-0.310044673421301,-0.000481434390190424,0.131897720911943
1.57175661641243,0.194530221279819,0.928657006381669,-0.310044673421301,-0.000481434390190424,0.131897720911943
1.38949724689058,0.194530221279819,0.928657006381669,-0.310044673421301,-0.000481434390190424,0.131897720911943
1.75613450043425,0.194530221279819,0.928657006381669,-0.310044673421301,-0.000481434390190424,0.131897720911943
1.49894418350968,0.194530221279819,0.928657006381669,-0.310044673421301,-0.000481434390190424,0.131897720911943
1.41508951438505,0.194530221279819,0.928657006381669,-0.310044673421301,-0.000481434390190424,0.131897720911943
1.5093318742003,0.194530221279819,0.928657006381669,-0.310044673421301,-0.000481434390190424,0.131897720911943
1.46374066390835,0.194530221279819,0.928657006381669,-0.310044673421301,-0.000481434390190424,0.131897720911943
1.46599207202109,0.194530221279819,0.928657006381669,-0.310044673421301,-0.000481434390190424,0.131897720911943
1.54690055411875,0.194530221279819,0.928657006381669,-0.310044673421301,-0.000481434390190424,0.131897720911943
1.34539519213185,0.194530221279819,0.928657006381669,-0.310044673421301,-0.000481434390190424,0.131897720911943
1.31069899182293,0.194530221279819,0.928657006381669,-0.310044673421301,-0.000481434390190424,0.131897720911943
1.4275056242168,0.194530221279819,0.928657006381669,-0.310044673421301,-0.000481434390190424,0.131897720911943
1.55689696742352,0.194530221279819,0.928657006381669,-0.310044673421301,-0.000481434390190424,0.131897720911943
1.48804784408538,0.194530221279819,0.928657006381669,-0.310044673421301,-0.000481434390190424,0.131897720911943
1.6343383988743,0.194530221279819,0.928657006381669,-0.310044673421301,-0.000481434390190424,0.131897720911943
1.48120115105301,0.194530221279819,0.928657006381669,-0.310044673421301,-0.000481434390190424,0.131897720911943
1.29043217249003,0.194530221279819,0.928657006381669,-0.310044673421301,-0.000481434390190424,0.131897720911943
1.48907613901044,0.194530221279819,0.928657006381669,-0.310044673421301,-0.000481434390190424,0.131897720911943
1.23577321537586,0.194530221279819,0.928657006381669,-0.310044673421301,-0.000481434390190424,0.131897720911943
1.40015126606975,0.194530221279819,0.928657006381669,-0.310044673421301,-0.000481434390190424,0.131897720911943
1.47035915909875,0.194530221279819,0.928657006381669,-0.310044673421301,-0.000481434390190424,0.131897720911943
1.70695872201576,0.194530221279819,0.928657006381669,-0.310044673421301,-0.000481434390190424,0.131897720911943
1.1201516894814,0.194530221279819,0.928657006381669,-0.310044673421301,-0.000481434390190424,0.131897720911943
1.51475743857092,0.194530221279819,0.928657006381669,-0.310044673421301,-0.000481434390190424,0.131897720911943
1.24423830731927,0.194530221279819,0.928657006381669,-0.310044673421301,-0.000481434390190424,0.131897720911943
1.51020499347845,0.194530221279819,0.928657006381669,-0.310044673421301,-0.000481434390190424,0.131897720911943
1.52486650173908,0.194530221279819,0.928657006381669,-0.310044673421301,-0.000481434390190424,0.131897720911943
1.3542879358199,0.194530221279819,0.928657006381669,-0.310044673421301,-0.000481434390190424,0.131897720911943
1.39061095137031,0.194530221279819,0.928657006381669,-0.310044673421301,-0.000481434390190424,0.131897720911943
1.49469512058688,0.194530221279819,0.928657006381669,-0.310044673421301,-0.000481434390190424,0.131897720911943
1.49950142593241,0.194530221279819,0.928657006381669,-0.310044673421301,-0.000481434390190424,0.131897720911943
1.30082627224617,0.194530221279819,0.928657006381669,-0.310044673421301,-0.000481434390190424,0.131897720911943
1.39279030854297,0.194530221279819,0.928657006381669,-0.310044673421301,-0.000481434390190424,0.131897720911943
1.57644773523537,0.194530221279819,0.928657006381669,-0.310044673421301,-0.000481434390190424,0.131897720911943
1.6100527318162,0.194530221279819,0.928657006381669,-0.310044673421301,-0.000481434390190424,0.131897720911943
1.76146388115136,0.194530221279819,0.928657006381669,-0.310044673421301,-0.000481434390190424,0.131897720911943
1.20489319653998,0.194530221279819,0.928657006381669,-0.310044673421301,-0.000481434390190424,0.131897720911943
1.68312708053566,0.194530221279819,0.928657006381669,-0.310044673421301,-0.000481434390190424,0.131897720911943
1.49481122519956,0.194530221279819,0.928657006381669,-0.310044673421301,-0.000481434390190424,0.131897720911943
1.27293931491997,0.194530221279819,0.928657006381669,-0.310044673421301,-0.000481434390190424,0.131897720911943
1.41194172965065,0.194530221279819,0.928657006381669,-0.310044673421301,-0.000481434390190424,0.131897720911943
1.72818555193598,0.194530221279819,0.928657006381669,-0.310044673421301,-0.000481434390190424,0.131897720911943
1.49304811496764,0.194530221279819,0.928657006381669,-0.310044673421301,-0.000481434390190424,0.131897720911943
1.43646049132535,0.194530221279819,0.928657006381669,-0.310044673421301,-0.000481434390190424,0.131897720911943
1.48992587070956,0.194530221279819,0.928657006381669,-0.310044673421301,-0.000481434390190424,0.131897720911943
1.52320448627322,0.194530221279819,0.928657006381669,-0.310044673421301,-0.000481434390190424,0.131897720911943
1.31830456151569,0.194530221279819,0.928657006381669,-0.310044673421301,-0.000481434390190424,0.131897720911943
1.37129677265208,0.194530221279819,0.928657006381669,-0.310044673421301,-0.000481434390190424,0.131897720911943
1.41937723829632,0.194530221279819,0.928657006381669,-0.310044673421301,-0.000481434390190424,0.131897720911943
1.35511476771601,0.194530221279819,0.928657006381669,-0.310044673421301,-0.000481434390190424,0.131897720911943
1.80626893158382,0.194530221279819,0.928657006381669,-0.310044673421301,-0.000481434390190424,0.131897720911943
1.60455539286358,0.194530221279819,0.928657006381669,-0.310044673421301,-0.000481434390190424,0.131897720911943
1.30526330703468,0.194530221279819,0.928657006381669,-0.310044673421301,-0.000481434390190424,0.131897720911943
1.52651607258902,0.194530221279819,0.928657006381669,-0.310044673421301,-0.000481434390190424,0.131897720911943
1.3708603755664,0.194530221279819,0.928657006381669,-0.310044673421301,-0.000481434390190424,0.131897720911943
1.4343925071438,0.194530221279819,0.928657006381669,-0.310044673421301,-0.000481434390190424,0.131897720911943
1.31639403978682,0.194530221279819,0.928657006381669,-0.310044673421301,-0.000481434390190424,0.131897720911943
1.51087562784232,0.194530221279819,0.928657006381669,-0.310044673421301,-0.000481434390190424,0.131897720911943
1.49394069537338,0.194530221279819,0.928657006381669,-0.310044673421301,-0.000481434390190424,0.131897720911943
1.49304527045303,0.194530221279819,0.928657006381669,-0.310044673421301,-0.000481434390190424,0.131897720911943
1.39844080179639,0.194530221279819,0.928657006381669,-0.310044673421301,-0.000481434390190424,0.131897720911943
1.51633856161672,0.194530221279819,0.928657006381669,-0.310044673421301,-0.000481434390190424,0.131897720911943
1.4658698276958,0.194530221279819,0.928657006381669,-0.310044673421301,-0.000481434390190424,0.131897720911943
1.60491826139157,0.194530221279819,0.928657006381669,-0.310044673421301,-0.000481434390190424,0.131897720911943
1.52405330771006,0.194530221279819,0.928657006381669,-0.310044673421301,-0.000481434390190424,0.131897720911943
1.52539757796748,0.194530221279819,0.928657006381669,-0.310044673421301,-0.000481434390190424,0.131897720911943
1.50229402140792,0.194530221279819,0.928657006381669,-0.310044673421301,-0.000481434390190424,0.131897720911943
1.45882030639269,0.194530221279819,0.928657006381669,-0.310044673421301,-0.000481434390190424,0.131897720911943
1.20936781325558,0.194530221279819,0.928657006381669,-0.310044673421301,-0.000481434390190424,0.131897720911943
1.83338802891322,0.194530221279819,0.928657006381669,-0.310044673421301,-0.000481434390190424,0.131897720911943
1.63950092585785,0.194530221279819,0.928657006381669,-0.310044673421301,-0.000481434390190424,0.131897720911943
1.27241126195843,0.194530221279819,0.928657006381669,-0.310044673421301,-0.000481434390190424,0.131897720911943
1.23190053005564,0.194530221279819,0.928657006381669,-0.310044673421301,-0.000481434390190424,0.131897720911943
1.42472640549283,0.194530221279819,0.928657006381669,-0.310044673421301,-0.000481434390190424,0.131897720911943
1.47940119535546,0.194530221279819,0.928657006381669,-0.310044673421301,-0.000481434390190424,0.131897720911943
1.44347241386232,0.194530221279819,0.928657006381669,-0.310044673421301,-0.000481434390190424,0.131897720911943
1.60893750708162,0.194530221279819,0.928657006381669,-0.310044673421301,-0.000481434390190424,0.131897720911943
1.33040361630141,0.194530221279819,0.928657006381669,-0.310044673421301,-0.000481434390190424,0.131897720911943
1.43086495225463,0.194530221279819,0.928657006381669,-0.310044673421301,-0.000481434390190424,0.131897720911943
1.3259549649229,0.194530221279819,0.928657006381669,-0.310044673421301,-0.000481434390190424,0.131897720911943
1.56969355386574,0.194530221279819,0.928657006381669,-0.310044673421301,-0.000481434390190424,0.131897720911943
1.29800342065731,0.194530221279819,0.928657006381669,-0.310044673421301,-0.000481434390190424,0.131897720911943
1.68607560519542,0.194530221279819,0.928657006381669,-0.310044673421301,-0.000481434390190424,0.131897720911943
1.30729945672424,0.194530221279819,0.928657006381669,-0.310044673421301,-0.000481434390190424,0.131897720911943
1.5804819100164,0.194530221279819,0.928657006381669,-0.310044673421301,-0.000481434390190424,0.131897720911943
1.34767292828947,0.194530221279819,0.928657006381669,-0.310044673421301,-0.000481434390190424,0.131897720911943
1.07241303122056,0.194530221279819,0.928657006381669,-0.310044673421301,-0.000481434390190424,0.131897720911943
1.21589964660976,0.194530221279819,0.928657006381669,-0.310044673421301,-0.000481434390190424,0.131897720911943
1.31910187397168,0.194530221279819,0.928657006381669,-0.310044673421301,-0.000481434390190424,0.131897720911943
1.59411614531866,0.194530221279819,0.928657006381669,-0.310044673421301,-0.000481434390190424,0.131897720911943
1.60873224404487,0.194530221279819,0.928657006381669,-0.310044673421301,-0.000481434390190424,0.131897720911943
1.78082482810957,0.194530221279819,0.928657006381669,-0.310044673421301,-0.000481434390190424,0.131897720911943
1.6119327141412,0.194530221279819,0.928657006381669,-0.310044673421301,-0.000481434390190424,0.131897720911943
1.51620789377208,0.194530221279819,0.928657006381669,-0.310044673421301,-0.000481434390190424,0.131897720911943
1.48951386727815,0.194530221279819,0.928657006381669,-0.310044673421301,-0.000481434390190424,0.131897720911943
1.48531898786684,0.194530221279819,0.928657006381669,-0.310044673421301,-0.000481434390190424,0.131897720911943
1.31214740235491,0.194530221279819,0.928657006381669,-0.310044673421301,-0.000481434390190424,0.131897720911943
1.37237471575568,0.194530221279819,0.928657006381669,-0.310044673421301,-0.000481434390190424,0.131897720911943
1.30795110441306,0.194530221279819,0.928657006381669,-0.310044673421301,-0.000481434390190424,0.131897720911943
1.51633856161672,0.194530221279819,0.928657006381669,-0.310044673421301,-0.000481434390190424,0.131897720911943
1.46214755915939,0.194530221279819,0.928657006381669,-0.310044673421301,-0.000481434390190424,0.131897720911943
1.46743467287661,0.194530221279819,0.928657006381669,-0.310044673421301,-0.000481434390190424,0.131897720911943
1.31129022905326,0.194530221279819,0.928657006381669,-0.310044673421301,-0.000481434390190424,0.131897720911943
1.43625871275507,0.194530221279819,0.928657006381669,-0.310044673421301,-0.000481434390190424,0.131897720911943
1.6540114377014,0.194530221279819,0.928657006381669,-0.310044673421301,-0.000481434390190424,0.131897720911943
1.56419226511823,0.194530221279819,0.928657006381669,-0.310044673421301,-0.000481434390190424,0.131897720911943
1.50873485909162,0.194530221279819,0.928657006381669,-0.310044673421301,-0.000481434390190424,0.131897720911943
1.3661818404529,0.194530221279819,0.928657006381669,-0.310044673421301,-0.000481434390190424,0.131897720911943
1.51943058373052,0.194530221279819,0.928657006381669,-0.310044673421301,-0.000481434390190424,0.131897720911943
1.29566772500231,0.194530221279819,0.928657006381669,-0.310044673421301,-0.000481434390190424,0.131897720911943
1.33129696907225,0.194530221279819,0.928657006381669,-0.310044673421301,-0.000481434390190424,0.131897720911943
1.32212006279521,0.194530221279819,0.928657006381669,-0.310044673421301,-0.000481434390190424,0.131897720911943
1.5356497041186,0.194530221279819,0.928657006381669,-0.310044673421301,-0.000481434390190424,0.131897720911943
1.6100527318162,0.194530221279819,0.928657006381669,-0.310044673421301,-0.000481434390190424,0.131897720911943
1.49852795244909,0.194530221279819,0.928657006381669,-0.310044673421301,-0.000481434390190424,0.131897720911943
1.70614261742947,0.194530221279819,0.928657006381669,-0.310044673421301,-0.000481434390190424,0.131897720911943
1.26810210186072,0.194530221279819,0.928657006381669,-0.310044673421301,-0.000481434390190424,0.131897720911943
1.49651292663532,0.194530221279819,0.928657006381669,-0.310044673421301,-0.000481434390190424,0.131897720911943
1.30020389849301,0.194530221279819,0.928657006381669,-0.310044673421301,-0.000481434390190424,0.131897720911943
1.2570933834762,0.194530221279819,0.928657006381669,-0.310044673421301,-0.000481434390190424,0.131897720911943
1.40790063135982,0.194530221279819,0.928657006381669,-0.310044673421301,-0.000481434390190424,0.131897720911943
1.38580957017785,0.194530221279819,0.928657006381669,-0.310044673421301,-0.000481434390190424,0.131897720911943
1.41577578817042,0.194530221279819,0.928657006381669,-0.310044673421301,-0.000481434390190424,0.131897720911943
1.36609467076991,0.194530221279819,0.928657006381669,-0.310044673421301,-0.000481434390190424,0.131897720911943
1.60277157243159,0.194530221279819,0.928657006381669,-0.310044673421301,-0.000481434390190424,0.131897720911943
1.51898740274749,0.194530221279819,0.928657006381669,-0.310044673421301,-0.000481434390190424,0.131897720911943
1.54584777665711,0.194530221279819,0.928657006381669,-0.310044673421301,-0.000481434390190424,0.131897720911943
1.48145256475902,0.194530221279819,0.928657006381669,-0.310044673421301,-0.000481434390190424,0.131897720911943
1.29529511994471,0.194530221279819,0.928657006381669,-0.310044673421301,-0.000481434390190424,0.131897720911943
1.35933182447053,0.194530221279819,0.928657006381669,-0.310044673421301,-0.000481434390190424,0.131897720911943
1.49533972144522,0.194530221279819,0.928657006381669,-0.310044673421301,-0.000481434390190424,0.131897720911943
1.50645770388812,0.194530221279819,0.928657006381669,-0.310044673421301,-0.000481434390190424,0.131897720911943
1.31013925235493,0.194530221279819,0.928657006381669,-0.310044673421301,-0.000481434390190424,0.131897720911943
1.68007771780581,0.194530221279819,0.928657006381669,-0.310044673421301,-0.000481434390190424,0.131897720911943
1.41059049835111,0.194530221279819,0.928657006381669,-0.310044673421301,-0.000481434390190424,0.131897720911943
1.39063193519536,0.194530221279819,0.928657006381669,-0.310044673421301,-0.000481434390190424,0.131897720911943
1.17531689610793,0.194530221279819,0.928657006381669,-0.310044673421301,-0.000481434390190424,0.131897720911943
1.60907119864068,0.194530221279819,0.928657006381669,-0.310044673421301,-0.000481434390190424,0.131897720911943
1.48805509226423,0.194530221279819,0.928657006381669,-0.310044673421301,-0.000481434390190424,0.131897720911943
1.2554260552925,0.194530221279819,0.928657006381669,-0.310044673421301,-0.000481434390190424,0.131897720911943
1.55116368766468,0.194530221279819,0.928657006381669,-0.310044673421301,-0.000481434390190424,0.131897720911943
1.49533972144522,0.194530221279819,0.928657006381669,-0.310044673421301,-0.000481434390190424,0.131897720911943
1.40314691705236,0.194530221279819,0.928657006381669,-0.310044673421301,-0.000481434390190424,0.131897720911943
1.46441766464932,0.194530221279819,0.928657006381669,-0.310044673421301,-0.000481434390190424,0.131897720911943
1.75996414425961,0.194530221279819,0.928657006381669,-0.310044673421301,-0.000481434390190424,0.131897720911943
1.31005557626486,0.194530221279819,0.928657006381669,-0.310044673421301,-0.000481434390190424,0.131897720911943
1.72643634444455,0.194530221279819,0.928657006381669,-0.310044673421301,-0.000481434390190424,0.131897720911943
1.53989525811086,0.194530221279819,0.928657006381669,-0.310044673421301,-0.000481434390190424,0.131897720911943
1.35067905340708,0.194530221279819,0.928657006381669,-0.310044673421301,-0.000481434390190424,0.131897720911943
1.08612084153228,0.194530221279819,0.928657006381669,-0.310044673421301,-0.000481434390190424,0.131897720911943
1.45808086682111,0.194530221279819,0.928657006381669,-0.310044673421301,-0.000481434390190424,0.131897720911943
1.6188486170089,0.194530221279819,0.928657006381669,-0.310044673421301,-0.000481434390190424,0.131897720911943
1.29990095538259,0.194530221279819,0.928657006381669,-0.310044673421301,-0.000481434390190424,0.131897720911943
1.25836012002475,0.194530221279819,0.928657006381669,-0.310044673421301,-0.000481434390190424,0.131897720911943
1.41373352668835,0.194530221279819,0.928657006381669,-0.310044673421301,-0.000481434390190424,0.131897720911943
1.5188571122184,0.194530221279819,0.928657006381669,-0.310044673421301,-0.000481434390190424,0.131897720911943
1.47222739395035,0.194530221279819,0.928657006381669,-0.310044673421301,-0.000481434390190424,0.131897720911943
1.50627860567631,0.194530221279819,0.928657006381669,-0.310044673421301,-0.000481434390190424,0.131897720911943
1.28908253443424,0.194530221279819,0.928657006381669,-0.310044673421301,-0.000481434390190424,0.131897720911943
1.45613493437689,0.194530221279819,0.928657006381669,-0.310044673421301,-0.000481434390190424,0.131897720911943
1.42406931710347,0.194530221279819,0.928657006381669,-0.310044673421301,-0.000481434390190424,0.131897720911943
1.34480323123642,0.194530221279819,0.928657006381669,-0.310044673421301,-0.000481434390190424,0.131897720911943
1.37384239002239,0.194530221279819,0.928657006381669,-0.310044673421301,-0.000481434390190424,0.131897720911943
1.45433770795063,0.194530221279819,0.928657006381669,-0.310044673421301,-0.000481434390190424,0.131897720911943
1.61109222457718,0.194530221279819,0.928657006381669,-0.310044673421301,-0.000481434390190424,0.131897720911943
1.55738457501114,0.194530221279819,0.928657006381669,-0.310044673421301,-0.000481434390190424,0.131897720911943
1.33464461070861,0.194530221279819,0.928657006381669,-0.310044673421301,-0.000481434390190424,0.131897720911943
1.33457375245158,0.194530221279819,0.928657006381669,-0.310044673421301,-0.000481434390190424,0.131897720911943
1.36912024845149,0.194530221279819,0.928657006381669,-0.310044673421301,-0.000481434390190424,0.131897720911943
1.52786968356026,0.194530221279819,0.928657006381669,-0.310044673421301,-0.000481434390190424,0.131897720911943
1.28908253443424,0.194530221279819,0.928657006381669,-0.310044673421301,-0.000481434390190424,0.131897720911943
1.2519491603626,0.194530221279819,0.928657006381669,-0.310044673421301,-0.000481434390190424,0.131897720911943
1.6726978350809,0.194530221279819,0.928657006381669,-0.310044673421301,-0.000481434390190424,0.131897720911943
1.19781091560064,0.194530221279819,0.928657006381669,-0.310044673421301,-0.000481434390190424,0.131897720911943
1.16940263333947,0.194530221279819,0.928657006381669,-0.310044673421301,-0.000481434390190424,0.131897720911943
1.20122732565335,0.194530221279819,0.928657006381669,-0.310044673421301,-0.000481434390190424,0.131897720911943
1.39957673509783,0.194530221279819,0.928657006381669,-0.310044673421301,-0.000481434390190424,0.131897720911943
1.52552918831201,0.194530221279819,0.928657006381669,-0.310044673421301,-0.000481434390190424,0.131897720911943
1.45224566059134,0.194530221279819,0.928657006381669,-0.310044673421301,-0.000481434390190424,0.131897720911943
1.2049728293322,0.194530221279819,0.928657006381669,-0.310044673421301,-0.000481434390190424,0.131897720911943
1.50214191142845,0.194530221279819,0.928657006381669,-0.310044673421301,-0.000481434390190424,0.131897720911943
1.54350523213831,0.194530221279819,0.928657006381669,-0.310044673421301,-0.000481434390190424,0.131897720911943
1.43823509279383,0.194530221279819,0.928657006381669,-0.310044673421301,-0.000481434390190424,0.131897720911943
1.3273818177287,0.194530221279819,0.928657006381669,-0.310044673421301,-0.000481434390190424,0.131897720911943
1.76845543139416,0.194530221279819,0.928657006381669,-0.310044673421301,-0.000481434390190424,0.131897720911943
1.3512739433559,0.194530221279819,0.928657006381669,-0.310044673421301,-0.000481434390190424,0.131897720911943
1.53809925382812,0.194530221279819,0.928657006381669,-0.310044673421301,-0.000481434390190424,0.131897720911943
1.50343104803908,0.194530221279819,0.928657006381669,-0.310044673421301,-0.000481434390190424,0.131897720911943
1.22928626760996,0.194530221279819,0.928657006381669,-0.310044673421301,-0.000481434390190424,0.131897720911943
1.31668442628816,0.194530221279819,0.928657006381669,-0.310044673421301,-0.000481434390190424,0.131897720911943
1.48751033168669,0.194530221279819,0.928657006381669,-0.310044673421301,-0.000481434390190424,0.131897720911943
1.34323333237955,0.194530221279819,0.928657006381669,-0.310044673421301,-0.000481434390190424,0.131897720911943
1.49815188093955,0.194530221279819,0.928657006381669,-0.310044673421301,-0.000481434390190424,0.131897720911943
1.36030364759038,0.194530221279819,0.928657006381669,-0.310044673421301,-0.000481434390190424,0.131897720911943
1.42321012583751,0.194530221279819,0.928657006381669,-0.310044673421301,-0.000481434390190424,0.131897720911943
1.39365843913261,0.194530221279819,0.928657006381669,-0.310044673421301,-0.000481434390190424,0.131897720911943
1.49450424074569,0.194530221279819,0.928657006381669,-0.310044673421301,-0.000481434390190424,0.131897720911943
1.56350998768246,0.194530221279819,0.928657006381669,-0.310044673421301,-0.000481434390190424,0.131897720911943
1.33258441208958,0.194530221279819,0.928657006381669,-0.310044673421301,-0.000481434390190424,0.131897720911943
1.50986829878865,0.194530221279819,0.928657006381669,-0.310044673421301,-0.000481434390190424,0.131897720911943
1.36346500933175,0.194530221279819,0.928657006381669,-0.310044673421301,-0.000481434390190424,0.131897720911943
1.40739151918619,0.194530221279819,0.928657006381669,-0.310044673421301,-0.000481434390190424,0.131897720911943
1.39789095891708,0.194530221279819,0.928657006381669,-0.310044673421301,-0.000481434390190424,0.131897720911943
1.31444402846097,0.194530221279819,0.928657006381669,-0.310044673421301,-0.000481434390190424,0.131897720911943
1.55195008078791,0.194530221279819,0.928657006381669,-0.310044673421301,-0.000481434390190424,0.131897720911943
1.40596776848617,0.194530221279819,0.928657006381669,-0.310044673421301,-0.000481434390190424,0.131897720911943
1.4697278082491,0.194530221279819,0.928657006381669,-0.310044673421301,-0.000481434390190424,0.131897720911943
1.3812154089587,0.194530221279819,0.928657006381669,-0.310044673421301,-0.000481434390190424,0.131897720911943
1.52838620776998,0.194530221279819,0.928657006381669,-0.310044673421301,-0.000481434390190424,0.131897720911943
1.29094710554174,0.194530221279819,0.928657006381669,-0.310044673421301,-0.000481434390190424,0.131897720911943
1.42700276162828,0.194530221279819,0.928657006381669,-0.310044673421301,-0.000481434390190424,0.131897720911943
1.1572347879643,0.194530221279819,0.928657006381669,-0.310044673421301,-0.000481434390190424,0.131897720911943
1.58978022704776,0.194530221279819,0.928657006381669,-0.310044673421301,-0.000481434390190424,0.131897720911943
1.38997020243012,0.194530221279819,0.928657006381669,-0.310044673421301,-0.000481434390190424,0.131897720911943
1.44747605023274,0.194530221279819,0.928657006381669,-0.310044673421301,-0.000481434390190424,0.131897720911943
1.61135923949039,0.194530221279819,0.928657006381669,-0.310044673421301,-0.000481434390190424,0.131897720911943
1.42728519363798,0.194530221279819,0.928657006381669,-0.310044673421301,-0.000481434390190424,0.131897720911943
1.55468640263405,0.194530221279819,0.928657006381669,-0.310044673421301,-0.000481434390190424,0.131897720911943
1.36713169977836,0.194530221279819,0.928657006381669,-0.310044673421301,-0.000481434390190424,0.131897720911943
1.31702075414856,0.194530221279819,0.928657006381669,-0.310044673421301,-0.000481434390190424,0.131897720911943
1.42612487246538,0.194530221279819,0.928657006381669,-0.310044673421301,-0.000481434390190424,0.131897720911943
1.44322227953707,0.194530221279819,0.928657006381669,-0.310044673421301,-0.000481434390190424,0.131897720911943
1.31051558137838,0.194530221279819,0.928657006381669,-0.310044673421301,-0.000481434390190424,0.131897720911943
1.5373549851113,0.194530221279819,0.928657006381669,-0.310044673421301,-0.000481434390190424,0.131897720911943
1.40377271227755,0.194530221279819,0.928657006381669,-0.310044673421301,-0.000481434390190424,0.131897720911943
1.45385123653126,0.194530221279819,0.928657006381669,-0.310044673421301,-0.000481434390190424,0.131897720911943
1.47904289650492,0.194530221279819,0.928657006381669,-0.310044673421301,-0.000481434390190424,0.131897720911943
1.53764602722287,0.194530221279819,0.928657006381669,-0.310044673421301,-0.000481434390190424,0.131897720911943
1.48548026322643,0.194530221279819,0.928657006381669,-0.310044673421301,-0.000481434390190424,0.131897720911943
1.68561493005469,0.194530221279819,0.928657006381669,-0.310044673421301,-0.000481434390190424,0.131897720911943
1.36545609062677,0.194530221279819,0.928657006381669,-0.310044673421301,-0.000481434390190424,0.131897720911943
1.41459048999667,0.194530221279819,0.928657006381669,-0.310044673421301,-0.000481434390190424,0.131897720911943
1.31236691424216,0.194530221279819,0.928657006381669,-0.310044673421301,-0.000481434390190424,0.131897720911943
1.57402810380196,0.194530221279819,0.928657006381669,-0.310044673421301,-0.000481434390190424,0.131897720911943
1.25999481472314,0.194530221279819,0.928657006381669,-0.310044673421301,-0.000481434390190424,0.131897720911943
1.35038584350923,0.194530221279819,0.928657006381669,-0.310044673421301,-0.000481434390190424,0.131897720911943
1.54672992576281,0.194530221279819,0.928657006381669,-0.310044673421301,-0.000481434390190424,0.131897720911943
1.56453518983502,0.194530221279819,0.928657006381669,-0.310044673421301,-0.000481434390190424,0.131897720911943
1.56935418180017,0.194530221279819,0.928657006381669,-0.310044673421301,-0.000481434390190424,0.131897720911943
1.40173832405305,0.194530221279819,0.928657006381669,-0.310044673421301,-0.000481434390190424,0.131897720911943
1.29316979444111,0.194530221279819,0.928657006381669,-0.310044673421301,-0.000481434390190424,0.131897720911943
1.41329859317404,0.194530221279819,0.928657006381669,-0.310044673421301,-0.000481434390190424,0.131897720911943
1.40850544307836,0.194530221279819,0.928657006381669,-0.310044673421301,-0.000481434390190424,0.131897720911943
1.52666788110226,0.194530221279819,0.928657006381669,-0.310044673421301,-0.000481434390190424,0.131897720911943
1.38173383957953,0.194530221279819,0.928657006381669,-0.310044673421301,-0.000481434390190424,0.131897720911943
1.67929303270509,0.194530221279819,0.928657006381669,-0.310044673421301,-0.000481434390190424,0.131897720911943
1.55081159187595,0.194530221279819,0.928657006381669,-0.310044673421301,-0.000481434390190424,0.131897720911943
1.20849207093494,0.194530221279819,0.928657006381669,-0.310044673421301,-0.000481434390190424,0.131897720911943
1.60173333289476,0.194530221279819,0.928657006381669,-0.310044673421301,-0.000481434390190424,0.131897720911943
1.47303123505735,0.194530221279819,0.928657006381669,-0.310044673421301,-0.000481434390190424,0.131897720911943
1.5137155734197,0.194530221279819,0.928657006381669,-0.310044673421301,-0.000481434390190424,0.131897720911943
1.27168714579289,0.194530221279819,0.928657006381669,-0.310044673421301,-0.000481434390190424,0.131897720911943
1.42434662795272,0.194530221279819,0.928657006381669,-0.310044673421301,-0.000481434390190424,0.131897720911943
1.34419958612198,0.194530221279819,0.928657006381669,-0.310044673421301,-0.000481434390190424,0.131897720911943
1.33338290798648,0.194530221279819,0.928657006381669,-0.310044673421301,-0.000481434390190424,0.131897720911943
1.4407010584803,0.194530221279819,0.928657006381669,-0.310044673421301,-0.000481434390190424,0.131897720911943
1.24037421393713,0.194530221279819,0.928657006381669,-0.310044673421301,-0.000481434390190424,0.131897720911943
1.23549837710054,0.194530221279819,0.928657006381669,-0.310044673421301,-0.000481434390190424,0.131897720911943
1.37998600635513,0.194530221279819,0.928657006381669,-0.310044673421301,-0.000481434390190424,0.131897720911943
1.1797251271994,0.194530221279819,0.928657006381669,-0.310044673421301,-0.000481434390190424,0.131897720911943
1.40760198035101,0.194530221279819,0.928657006381669,-0.310044673421301,-0.000481434390190424,0.131897720911943
1.3858676458141,0.194530221279819,0.928657006381669,-0.310044673421301,-0.000481434390190424,0.131897720911943
1.33038109896897,0.194530221279819,0.928657006381669,-0.310044673421301,-0.000481434390190424,0.131897720911943
1.22767584817691,0.194530221279819,0.928657006381669,-0.310044673421301,-0.000481434390190424,0.131897720911943
1.38607852185327,0.194530221279819,0.928657006381669,-0.310044673421301,-0.000481434390190424,0.131897720911943
1.75996414425961,0.194530221279819,0.928657006381669,-0.310044673421301,-0.000481434390190424,0.131897720911943
1.54133373357806,0.194530221279819,0.928657006381669,-0.310044673421301,-0.000481434390190424,0.131897720911943
1.46712157271114,0.194530221279819,0.928657006381669,-0.310044673421301,-0.000481434390190424,0.131897720911943
1.36157925760746,0.194530221279819,0.928657006381669,-0.310044673421301,-0.000481434390190424,0.131897720911943
1.37612286244631,0.194530221279819,0.928657006381669,-0.310044673421301,-0.000481434390190424,0.131897720911943
1.37952559398561,0.194530221279819,0.928657006381669,-0.310044673421301,-0.000481434390190424,0.131897720911943
1.3176907050906,0.194530221279819,0.928657006381669,-0.310044673421301,-0.000481434390190424,0.131897720911943
1.30314746156012,0.194530221279819,0.928657006381669,-0.310044673421301,-0.000481434390190424,0.131897720911943
1.40003297171771,0.194530221279819,0.928657006381669,-0.310044673421301,-0.000481434390190424,0.131897720911943
1.26046025580477,0.194530221279819,0.928657006381669,-0.310044673421301,-0.000481434390190424,0.131897720911943
1.11256581753739,0.194530221279819,0.928657006381669,-0.310044673421301,-0.000481434390190424,0.131897720911943
1.06701867934048,0.194530221279819,0.928657006381669,-0.310044673421301,-0.000481434390190424,0.131897720911943
1.43966404781223,0.194530221279819,0.928657006381669,-0.310044673421301,-0.000481434390190424,0.131897720911943
1.18655643178309,0.194530221279819,0.928657006381669,-0.310044673421301,-0.000481434390190424,0.131897720911943
1.45719815076874,0.194530221279819,0.928657006381669,-0.310044673421301,-0.000481434390190424,0.131897720911943
1.32329452707152,0.194530221279819,0.928657006381669,-0.310044673421301,-0.000481434390190424,0.131897720911943
1.33100098318748,0.194530221279819,0.928657006381669,-0.310044673421301,-0.000481434390190424,0.131897720911943
1.4525256491671,0.194530221279819,0.928657006381669,-0.310044673421301,-0.000481434390190424,0.131897720911943
1.64327543352775,0.194530221279819,0.928657006381669,-0.310044673421301,-0.000481434390190424,0.131897720911943
1.41234366915149,0.194530221279819,0.928657006381669,-0.310044673421301,-0.000481434390190424,0.131897720911943
1.38387136859696,0.194530221279819,0.928657006381669,-0.310044673421301,-0.000481434390190424,0.131897720911943
1.36043881314894,0.194530221279819,0.928657006381669,-0.310044673421301,-0.000481434390190424,0.131897720911943
1.3836258190267,0.194530221279819,0.928657006381669,-0.310044673421301,-0.000481434390190424,0.131897720911943
1.3890412026146,0.194530221279819,0.928657006381669,-0.310044673421301,-0.000481434390190424,0.131897720911943
1.38420787018522,0.194530221279819,0.928657006381669,-0.310044673421301,-0.000481434390190424,0.131897720911943
1.40233948959988,0.194530221279819,0.928657006381669,-0.310044673421301,-0.000481434390190424,0.131897720911943
1.30202079027958,0.194530221279819,0.928657006381669,-0.310044673421301,-0.000481434390190424,0.131897720911943
1.52950875508507,0.194530221279819,0.928657006381669,-0.310044673421301,-0.000481434390190424,0.131897720911943
1.70033583908419,0.194530221279819,0.928657006381669,-0.310044673421301,-0.000481434390190424,0.131897720911943
1.53745564839761,0.194530221279819,0.928657006381669,-0.310044673421301,-0.000481434390190424,0.131897720911943
1.3890412026146,0.194530221279819,0.928657006381669,-0.310044673421301,-0.000481434390190424,0.131897720911943
1.18417025560816,0.194530221279819,0.928657006381669,-0.310044673421301,-0.000481434390190424,0.131897720911943
1.55289694277711,0.194530221279819,0.928657006381669,-0.310044673421301,-0.000481434390190424,0.131897720911943
1.53790451289582,0.194530221279819,0.928657006381669,-0.310044673421301,-0.000481434390190424,0.131897720911943
1.36914457964092,0.194530221279819,0.928657006381669,-0.310044673421301,-0.000481434390190424,0.131897720911943
1.37474059973336,0.194530221279819,0.928657006381669,-0.310044673421301,-0.000481434390190424,0.131897720911943
