"forecast_date","forecast_mean_chl","forecast_median_chl","forecast_sd_chl","forecast_CI95_upper","forecast_CI95_lower","forecast_max","forecast_min","forecast_variance","obs_chl_EXO","forecast_run_day","day_in_future","par1","par2","par3","par4","par5","week","residual","data_minusglobalmean"
2019-01-06,11.836374104957,11.7024642183083,2.0140688822634,16.0257042579894,8.13827325033371,18.0164956697852,6.7121529333707,0.047501993024189,9.57854164583333,2019-01-04,2,0.127543550419673,0.972180123715549,-0.000126721297344924,0.180185692596762,NA,"2",2.25783245912367,2.16901872633494
2019-01-07,10.5948237581953,10.5001440172004,1.77923137776324,14.3161922395932,7.30693664694787,16.081190666662,5.38390895344037,0.0419177542701271,8.06215278472222,2019-01-05,2,0.125695706196654,0.973653144960343,-0.000128580970999797,0.17991982655833,NA,"2",2.53267097347308,0.652629865223827
2019-01-08,10.1456726843839,10.0588793458149,1.78783200493726,13.8736456192784,6.86999975844736,15.5811559524727,5.9875834747862,0.0437375212348734,7.47105633098592,2019-01-06,2,0.12740772157671,0.972747584444366,-0.000128541504600979,0.179613166165165,NA,"2",2.67461635339798,0.0615334114875266
2019-01-09,8.56277768734463,8.44002407392432,1.68650496617467,12.0997858844273,5.5025041099375,13.8584685945978,3.82006833859648,0.046100354053708,7.01000002083333,2019-01-07,2,0.127333897548878,0.973349401335732,-0.000129264207137515,0.180253219831545,NA,"2",1.5527776665113,-0.399522898665063
2019-01-10,7.93113452624237,7.83818935311934,1.60387561203684,11.3067431310325,5.02289007230259,13.0843896044444,3.36562350676395,0.0451942274317633,7.42601396503497,2019-01-08,2,0.12811862121488,0.971649614736634,-0.00012628737031965,0.180056507880245,NA,"2",0.505120561207399,0.0164910455365765
2019-01-11,7.47331995882303,7.39281047199333,1.53275792962566,10.7117180124956,4.69058549041251,12.2320956022129,2.83177631285532,0.0440627798842443,6.60715277777778,2019-01-09,2,0.125299047575253,0.972830691296243,-0.000126536854081852,0.179721106329282,NA,"2",0.86616718104525,-0.802370141720614
2019-01-12,8.07498210489571,8.05835402111871,1.6702344932916,11.5845793308897,5.06038347190392,13.6163863019601,3.51738247698405,0.0478664847310995,7.69055946153846,2019-01-10,2,0.125023489425987,0.973986003632889,-0.000128877370292955,0.180045707585193,NA,"2",0.38442264335725,0.281036542040066
2019-01-13,7.1339436431896,7.08091640236097,1.64090571597197,10.6351242968982,4.18263351792363,12.1934942531239,2.53008438606646,0.0531726142778482,8.87475172340426,2019-01-11,2,0.124058487409711,0.973598838629329,-0.000125806028132653,0.179786277745356,NA,"2",-1.74080808021466,1.46522880390587
2019-01-14,8.2968224145642,8.27414083246789,1.6359441469993,11.7641678575388,5.30174375428447,13.0254210368615,4.47279631817081,0.0456683131274501,8.91666665972222,2019-01-12,2,0.124568447879268,0.973260561141677,-0.000126418795941888,0.1802036081159,NA,"2",-0.619844245158019,1.50714374022383
2019-01-15,9.46464060991976,9.34918841201385,1.79658824186601,13.216158950807,6.20035602468429,15.3159425483941,4.28533573299526,0.0471156230645647,8.1734266013986,2019-01-13,2,0.125488318816121,0.972626390583784,-0.000125093426579664,0.179810098102742,NA,"2",1.29121400852116,0.763903681900206
2019-01-16,9.1930618380025,8.9818427319076,1.85583891365,13.0491349548064,5.86375451479895,15.4834407973552,4.41635099231449,0.0509383807806674,7.53433567832168,2019-01-14,2,0.125657685253034,0.972650523961728,-0.000126306678630011,0.180002904384318,NA,"2",1.65872615968082,0.124812758823286
2019-01-17,8.84548365410639,8.85296182921043,1.7553028354115,12.5265068267966,5.66384453689428,17.1922126323076,3.80640409887114,0.0482905600226499,8.49780141843972,2019-01-15,2,0.124235825689142,0.973691166518456,-0.000126741649493622,0.17971176503902,NA,"2",0.347682235666671,1.08827849894133
2019-01-18,8.0572690183734,8.1253933963483,1.65958456351688,11.559058145515,5.04936721394671,12.4412427406455,3.44053020940378,0.0477590246231516,8.23583335416667,2019-01-16,2,0.12601721944508,0.972858421610059,-0.000127727997405957,0.179908193413416,NA,"2",-0.17856433579327,0.826310434668277
2019-01-19,8.88562934814801,8.79732908298058,1.86082532988205,12.7876480158702,5.53884277946535,15.4807382295161,3.64378555756006,0.0536910794628809,9.82791666666667,2019-01-17,2,0.123783164510936,0.973598159231623,-0.000125849316002987,0.180415530190951,NA,"2",-0.942287318518661,2.41839374716828
2019-01-20,8.88647073627668,8.7701046934495,1.82833558813377,12.729670564215,5.58277863439496,15.314939522402,4.43042209752044,0.0521705287584277,8.95243052083333,2019-01-18,2,0.124194208392737,0.974012367476694,-0.000127398294434832,0.17941087132955,NA,"2",-0.0659597845566502,1.54290760133494
2019-01-21,10.1949688930207,10.0953485066704,1.71419840814798,13.7575089101756,7.04552909778465,14.8882425388968,6.14482255097761,0.0399468922627978,7.74531471328671,2019-01-19,2,0.126064162445583,0.972891538293806,-0.000127221600903814,0.179987835061851,NA,"2",2.44965417973399,0.335791793788316
2019-01-22,9.28201339222652,9.182159789288,1.85008723136409,13.1704417283523,5.92415448410864,15.5799884642025,4.00123006293045,0.0513061931560282,7.48736109027778,2019-01-20,2,0.128439574924215,0.972388264850912,-0.00012863763162077,0.179910322527742,NA,"2",1.79465230194874,0.077838170779386
2019-01-23,8.18898909945089,8.10406400324027,1.6588035980386,11.6514619328388,5.20305922262308,13.1355388251981,3.86732518734129,0.0460818201836745,9.48034724305556,2019-01-21,2,0.125300943449333,0.97297775195823,-0.000126489375086956,0.179928039496192,NA,"2",-1.29135814360467,2.07082432355717
2019-01-24,8.05715866682836,7.95771763314008,1.69907216739574,11.6428744343337,4.98788783408508,13.8077154435359,4.00574005839491,0.0499403512125409,9.14521128169014,2019-01-22,2,0.126459093362265,0.972988411039373,-0.000127660925943737,0.180579248812382,NA,"2",-1.08805261486178,1.73568836219175
2019-01-25,9.83743419918813,9.8000088305869,1.76657328065498,13.4889578067427,6.63302540623803,18.7839897972307,5.2697217549945,0.0432361116756156,7.87972222222222,2019-01-23,2,0.127334604492734,0.972991942361493,-0.000128681554835786,0.179810672124706,NA,"2",1.95771197696591,0.470199302723826
2019-01-26,9.52643123878663,9.51004368850318,1.63333405925346,12.9474165054087,6.51208695039826,14.1474402480617,4.81838415839249,0.0393222818222818,7.82555554861111,2019-01-24,2,0.1274825053409,0.972032855126514,-0.000126753253925508,0.180574792470231,NA,"2",1.70087569017552,0.416032629112716
2019-01-27,8.43830842615887,8.40183726585194,1.6219119756128,11.8615455150971,5.46913297872324,13.6257910566527,3.89223865435035,0.0439078715318009,9.06244754545455,2019-01-25,2,0.131115537252316,0.972230032474966,-0.000131541929702774,0.179817224510693,NA,"2",-0.62413911929568,1.65292462595616
2019-01-28,8.42589825703738,8.3412351937545,1.69010600646065,11.9719850214223,5.36580091574773,15.2674349031365,4.2711522508124,0.046995295802714,8.73293706993007,2019-01-26,2,0.12694576670061,0.97256709961876,-0.000127243167018091,0.179932564878638,NA,"2",-0.30703881289269,1.32341415043168
2019-01-29,9.55524029772637,9.45743756064501,1.74067652346952,13.1794249340742,6.3835418960806,14.5650858897523,5.00820220138647,0.043755529309766,10.3911805486111,2019-01-27,2,0.128436604423011,0.972622049759562,-0.000128956532448515,0.179949304022145,NA,"2",-0.835940250884731,2.98165762911271
2019-01-30,9.38242960982919,9.23889879633312,1.72022066838415,12.9415013657495,6.26778672624827,15.9395119120944,5.5408409400784,0.0429763804031685,9.83583330555556,2019-01-28,2,0.12640159579642,0.972479561198124,-0.000125525574632477,0.180061968244736,NA,"2",-0.453403695726371,2.42631038605717
2019-01-31,10.9570449807133,10.8901929246432,1.83639796598771,14.7709105056927,7.58377702935274,16.1745200629537,6.38045156462883,0.0426058928820002,8.36407141428571,2019-01-29,2,0.126311845330141,0.973394664711524,-0.000128865954931155,0.179602203819776,NA,"2",2.59297356642759,0.954548494787317
2019-02-01,10.1586839848466,10.0812027271051,1.76043786961778,13.8275553873245,6.92808191415213,15.5720145426195,5.46168308444761,0.0423807513283674,9.16000003521127,2019-01-30,2,0.125227858134305,0.973831072132849,-0.000127644898262267,0.180240296178895,NA,"2",0.99868394963533,1.75047711571288
2019-02-02,8.86038310491735,8.81609838349395,1.70703093892579,12.4805868340435,5.72335500257647,14.4425451705317,4.42001465087468,0.0467232010129285,9.58270834722222,2019-01-31,2,0.126855482151236,0.973387156855758,-0.000129311480513194,0.179471903925283,NA,"2",-0.722325242304869,2.17318542772383
2019-02-03,9.48340566075691,9.45656370934529,1.73387033195136,13.1376608386847,6.29190957685845,14.7348547604962,4.45877193839781,0.0447489173134642,7.97790206293706,2019-02-01,2,0.127341722736707,0.97257544053848,-0.000127966721771418,0.179849976682867,NA,"2",1.50550359781985,0.568379143438666
2019-02-04,9.90089968649366,9.88406070428653,1.76724688663248,13.5693888115648,6.68087084748247,15.9172929579708,5.83861668130739,0.0433662190936748,8.72694445833333,2019-02-02,2,0.129363634650631,0.972589522282222,-0.000129433032395733,0.180374055159445,NA,"2",1.17395522816033,1.31742153883494
2019-02-05,8.36909527112528,8.28445784922442,1.65640484537048,11.8156989888271,5.38583115521059,15.2462651452155,4.90683813407568,0.0448050525552968,7.70027972727273,2019-02-03,2,0.125584041073948,0.972551521325068,-0.000125918811878405,0.179609363842122,NA,"2",0.66881554385255,0.290756807774336
2019-02-06,9.29635989836486,9.21808453652737,1.7219276451098,12.8800344932414,6.16670249387601,14.364469640514,5.35575671443952,0.043903573098143,8.66993057638889,2019-02-04,2,0.122952844553444,0.973593918026296,-0.000124399336799121,0.180484768508012,NA,"2",0.626429321975971,1.2604076568905
2019-02-07,8.16058401646746,8.05321088400752,1.53458486282827,11.3667382117078,5.36774957392193,13.5476647280673,4.59223458553598,0.0399681209424035,9.34340277083333,2019-02-05,2,0.124289400241485,0.97305457295099,-0.000124740199762815,0.180061775227875,NA,"2",-1.18281875436587,1.93387985133494
2019-02-08,9.15075396176515,9.12651156306958,1.71273973855312,12.7537995990413,6.01293143720914,14.360723990931,4.78574094463135,0.0449871885221252,7.61013986713287,2019-02-06,2,0.128576183601511,0.972898529595863,-0.000130305509346927,0.179626262343921,NA,"2",1.54061409463228,0.200616947634476
2019-02-09,9.80339086759693,9.68241571357541,1.87069557713894,13.7006077195807,6.41360867663133,15.9440640567831,5.2281829232479,0.0490690555428497,7.52664336363636,2019-02-07,2,0.124982766770587,0.97271079963135,-0.000124737823535208,0.180052633727365,NA,"2",2.27674750396057,0.117120444137966
2019-02-10,7.88113898838118,7.80945539659179,1.67562786069085,11.4293277317116,4.84928080465841,14.6871636657115,3.42007056979945,0.0499292911072006,8.43251752447553,2019-02-08,2,0.126423880612954,0.972914963314295,-0.000128450917352863,0.17988897270087,NA,"2",-0.55137853609435,1.02299460497714
2019-02-11,8.07290325797203,7.98824846371611,1.58721425380619,11.3973444353709,5.19541092230137,14.8536159193814,3.77674332730834,0.043220062057978,9.01076393055556,2019-02-09,2,0.128047633293338,0.971955469851674,-0.000128495744573604,0.180277423201673,NA,"2",-0.937860672583531,1.60124101105717
2019-02-12,8.94902702684444,8.89619914714193,1.76183030389958,12.6825525431739,5.72312852355484,14.7630826790309,3.98015384999577,0.0490876560302885,9.22300696503497,2019-02-10,2,0.127759557070883,0.972262044610876,-0.00012858746166607,0.180110075527873,NA,"2",-0.27397993819053,1.81348404553658
2019-02-13,9.69567038004165,9.74193496452822,1.80762970183013,13.5013052526438,6.37995654288952,14.6432517152727,4.74979710129679,0.0473754836768008,7.45562499305556,2019-02-11,2,0.128816389025126,0.972467300208245,-0.00012880277687056,0.179935660614046,NA,"2",2.24004538698609,0.046102073557166
2019-02-14,9.67919040467219,9.67881530126392,1.75686789337683,13.3762853327419,6.44658485428405,16.0211454502665,5.04489955929629,0.0449162361648489,7.61580418881119,2019-02-12,2,0.129984829880333,0.971808288478907,-0.000128922313450704,0.179635078742118,NA,"2",2.063386215861,0.206281269312796
2019-02-15,7.76849822105912,7.75215194052766,1.63971810578292,11.2327204964843,4.80417474269133,13.352901921508,3.68889456149241,0.0483403356589757,8.48153844055944,2019-02-13,2,0.124805966355097,0.973353201332727,-0.000126185215882527,0.179662194281864,NA,"2",-0.71304021950032,1.07201552106105
2019-02-16,7.96449488574087,7.88595486901194,1.56040628488682,11.2303006448525,5.13610676568709,13.3524603895882,3.81102088353969,0.0422983924339855,7.23437499305556,2019-02-14,2,0.12516111075022,0.972799973803881,-0.000126267656156198,0.180468904725452,NA,"2",0.73011989268531,-0.175147926442834
2019-02-17,8.91630735096989,8.86218251674613,1.70733497319762,12.5399104489023,5.77402255719651,14.0271393860078,4.23825455817838,0.0465435974617513,8.20380283802817,2019-02-15,2,0.125590916897272,0.97244567499008,-0.000125103565339323,0.180104852182205,NA,"2",0.71250451294172,0.794279918529775
2019-02-18,7.79106578752101,7.63863853314567,1.60762682243086,11.1722103816959,4.88623059278048,12.5112808238975,3.45622537122864,0.0460592351526206,7.62657344755245,2019-02-16,2,0.126448338370336,0.973441103955242,-0.000128450691689555,0.180415355730716,NA,"2",0.16449233996856,0.217050528054056
2019-02-19,8.46873039439644,8.38432759636548,1.63201603082249,11.8761527748089,5.50996210098621,14.4914639478141,4.55124081274331,0.0433849596920825,7.04305555555556,2019-02-17,2,0.127109422536328,0.972193130444489,-0.000127423269015874,0.17975877289072,NA,"2",1.42567483884088,-0.366467363942834
2019-02-20,7.90390101475468,7.9346555945975,1.67802091558631,11.4530567295494,4.870021226998,13.900580621269,3.81421581789051,0.0498273078803736,9.19312502083333,2019-02-18,2,0.130427087510527,0.971222072455146,-0.000127242774217501,0.179421667190103,NA,"2",-1.28922400607865,1.78360210133494
2019-02-21,7.66940380271618,7.5714600392656,1.58916066692754,11.019893732194,4.79371242009854,13.1790369442954,3.06105333358069,0.0459131353400264,7.73167833566434,2019-02-19,2,0.125193769490682,0.97326275071615,-0.000128139263474069,0.180168257029,NA,"2",-0.0622745329481607,0.322155416165947
2019-02-22,9.49511220393742,9.45663407608246,1.82953872703567,13.3202155297827,6.17403564722075,14.9257878096432,4.69436274022987,0.0487395115655494,8.26624997916667,2019-02-20,2,0.126888951242757,0.972635931073367,-0.000126432150168425,0.180092758660419,NA,"2",1.22886222477075,0.856727059668276
2019-02-23,8.18000543755126,8.04374034229109,1.68127484626508,11.7249098680028,5.13376891030768,12.7745143035128,3.7400174707641,0.048221307923379,11.091048979021,2019-02-21,2,0.129115571530844,0.972323217142629,-0.000129478023106206,0.180749659360202,NA,"2",-2.91104354146974,3.68152605952261
2019-02-24,8.84323142100219,8.69361095278241,1.78411020529926,12.5673306146923,5.62972906957626,15.5477107681296,4.63628597182678,0.0493748392409687,8.86209790909091,2019-02-22,2,0.125726752098073,0.97309158674753,-0.000126252614342212,0.17959135884304,NA,"2",-0.0188664880887188,1.45257498959252
2019-02-25,11.5269902923518,11.4927362156163,1.86769639574748,15.3873995880065,8.09721196126641,19.7672723578509,6.7263853694003,0.0416421193548929,7.8144444375,2019-02-23,2,0.125407640415177,0.973674739275522,-0.000129097670666704,0.180045525746833,NA,"2",3.7125458548518,0.404921518001606
2019-02-26,9.23037920791738,9.21819852879318,1.77135351240406,12.9410906287821,6.00775345017883,15.0270140484503,4.81028423239085,0.0471980027252211,9.38749998611111,2019-02-24,2,0.129254443794193,0.970911157553723,-0.000126293587725545,0.179869582459966,NA,"2",-0.157120778193729,1.97797706661272
2019-02-27,8.13686462493648,7.99807592034977,1.67551290743738,11.6331033014799,5.12874840640345,13.5759798714136,4.30533389436623,0.0472015607995073,8.57861108333333,2019-02-25,2,0.125755115196677,0.972507535382902,-0.000126598540363429,0.180144101187022,NA,"2",-0.44174645839685,1.16908816383494
2019-02-28,9.84524236008837,9.77264665998231,1.6818391214653,13.3313172186943,6.76828617487598,14.6826579009514,5.88340375957801,0.0395618755488333,9.27314686013986,2019-02-26,2,0.130748090319991,0.972115715418279,-0.000131003279516403,0.179535514539501,NA,"2",0.57209549994851,1.86362394064147
2019-03-01,8.98671679486688,9.04586143593429,1.72271997331801,12.5952962227841,5.85233791306128,15.5433594302036,4.67340357260604,0.0458553085217177,0.848125,2019-02-27,2,0.129867471228943,0.972043306827579,-0.00012917668316208,0.180202993164976,NA,"2",8.13859179486688,-6.56139791949839
2019-03-02,10.1248977355958,9.98232573617459,1.79349883197456,13.8606387134018,6.84408782295781,15.7623523187287,5.76480081983098,0.0439919450123944,0.442307692307692,2019-02-28,2,0.128700435108866,0.97233008572601,-0.000129944318686433,0.179747678601938,NA,"2",9.68259004328811,-6.9672152271907
2019-03-03,1.39183337274443,1.16544987859755,0.969718334614786,3.67204633917895,0.104101100014745,6.30378438948619,0.0313407934640797,0.0959731252628578,0.494652777777778,2019-03-01,2,0.124089103540923,0.973528687281824,-0.000126599333090796,0.1797921368632,NA,"2",0.897180594966652,-6.91487014172062
2019-03-04,1.2408562158913,1.10159237638317,0.829825839223481,3.34617753987286,0.0805316019380095,3.84235536359871,0.0312271635524934,0.0913814124544603,0.466573426573427,2019-03-02,2,0.127120672521939,0.97224931411209,-0.000126510162037634,0.180250213843679,NA,"2",0.774282789317873,-6.94294949292497
2019-03-05,1.14950112512308,1.01376216558456,0.840164846090112,3.25477568996576,0.0519789711785064,4.63713008720131,0.0314500642194285,0.0974499040419966,0.428472222222222,2019-03-03,2,0.123945608986963,0.973449204331148,-0.000126077607219048,0.179656960571354,NA,"2",0.721028902900858,-6.98105069727617
2019-03-06,1.23063890416302,1.10262367522022,0.881686211017505,3.51447451194719,0.0503460663999845,5.12334483982512,0.030810973342043,0.106712855143615,0.456527777777778,2019-03-04,2,0.128651197819241,0.972281675721183,-0.000130111212397289,0.179752965651383,NA,"2",0.774111126385242,-6.95299514172062
2019-03-07,1.17122938315116,0.966943289737042,0.867775408941231,3.29790003506831,0.0549344322178359,5.05610313205779,0.0308589217501496,0.0977035768334109,0.459375,2019-03-05,2,0.131438461801096,0.971770420381463,-0.000130134625790146,0.179488545414951,NA,"2",0.71185438315116,-6.95014791949839
2019-03-08,1.14413707863202,0.998414001645662,0.837020526168221,3.22241894804151,0.054076049960933,5.3538724374044,0.0308085787823027,0.0955611964415279,0.455763888888889,2019-03-06,2,0.127663663813146,0.972552834953807,-0.000128681248629484,0.179601188809859,NA,"2",0.688373189743131,-6.9537590306095
2019-03-09,1.25121442105539,1.15537409083836,0.856945393434293,3.37235904097656,0.0813645500120937,4.39924006887445,0.0318476059687778,0.091990434348043,0.489440559440559,2019-03-07,2,0.125393509055965,0.973395665924805,-0.000126964247768606,0.1800616203352,NA,"2",0.761773861614831,-6.92008236005783
2019-03-10,1.30459218621375,1.10864230693746,0.988007777668556,3.66263079320614,0.0601276430045262,6.73037317386635,0.030801370331342,0.107682883698203,0.640138888888889,2019-03-08,2,0.128499516438286,0.972326548372611,-0.000128034685400259,0.179804548938859,NA,"2",0.664453297324861,-6.7693840306095
2019-03-11,1.21630703502047,1.01998296138068,0.876653704841276,3.34551222265656,0.0679654472636194,4.54020844770092,0.0372974471595433,0.0948497494551611,0.786760563380282,2019-03-09,2,0.124513837838138,0.972984234044109,-0.000125182608708084,0.179870088581264,NA,"2",0.429546471640188,-6.62276235611811
2019-03-12,1.299417443113,1.22651897349712,0.879651175583496,3.49809831149675,0.0845266160979528,4.49648549223574,0.0310504490710914,0.095132737061292,0.877202797202797,2019-03-10,2,0.123599074623507,0.973774240721107,-0.000126657595840361,0.179677515794758,NA,"2",0.422214645910203,-6.5323201222956
2019-03-13,1.36788099834952,1.16102706734613,0.936597844534403,3.69487183129956,0.0856292809827791,4.71639513323188,0.0310124240883587,0.101026527410419,0.935972222222222,2019-03-11,2,0.12299337921421,0.974179659723536,-0.000126178419420395,0.18028152589935,NA,"2",0.431908776127298,-6.47355069727617
2019-03-14,1.4730838242182,1.32644271573248,0.953265788900614,3.85074314003154,0.116832312948008,4.65090851059484,0.0309727997874115,0.0987703839396122,1.12007042253521,2019-03-12,2,0.12988183423518,0.971936815023426,-0.000129454053818465,0.1801496996356,NA,"2",0.35301340168299,-6.28945249696318
2019-03-15,1.45597824501628,1.28720966672965,0.926733078357276,3.75161618022237,0.128129040799525,4.60088065746941,0.0336560875461591,0.0935854064430245,1.83006944444444,2019-03-13,2,0.129912638910368,0.97126839095537,-0.000128042103666416,0.180340915869702,NA,"2",-0.37409119942816,-5.57945347505395
2019-03-16,1.54736088574985,1.36920176721485,1.01137681775157,4.04840714757212,0.12105533455363,5.63713818111524,0.0308483022009505,0.103927688971934,2.27685314685315,2019-03-14,2,0.125430580565453,0.973407710894364,-0.000127184035123379,0.179910526913142,NA,"2",-0.7294922611033,-5.13266977264524
2019-03-17,2.09504789897364,2.00918996288075,1.04469150185486,4.62133258580494,0.421311049582775,6.2683807515213,0.0308642637711408,0.0824415839161722,2.76743055555556,2019-03-15,2,0.126361303523718,0.973098754349045,-0.000128860401904759,0.179936677061853,NA,"2",-0.67238265658192,-4.64209236394283
2019-03-18,2.64819630766174,2.50643757075724,1.24583511821126,5.55062167194391,0.649713722542122,7.2528287159275,0.250485122249078,0.0874114873219115,3.29916666666667,2019-03-16,2,0.127901375845094,0.973042263224615,-0.0001308805435329,0.179709405280354,NA,"2",-0.65097035900493,-4.11035625283172
2019-03-19,3.09738719258321,3.00016070271878,1.31501992048785,6.14779330083771,0.916120854181982,7.27399439464624,0.050741151893577,0.0840460278291992,3.37902097902098,2019-03-17,2,0.123559927546196,0.974286255419973,-0.000127647592335125,0.180216002089743,NA,"2",-0.28163378643777,-4.03050194047741
2019-03-20,3.7154270353733,3.57494637089414,1.33059477404947,6.67075388107636,1.46445964889519,8.59654215218085,0.60955313060703,0.0681117315823359,3.5125,2019-03-18,2,0.128547711177033,0.972956791601675,-0.000130357911135085,0.179696008613568,NA,"2",0.2029270353733,-3.89702291949839
2019-03-21,3.72891255079338,3.69443626707475,1.36473720796926,6.78413854406623,1.42009562932122,8.82839999585754,0.256037348580077,0.0721779393792065,2.65188811188811,2019-03-19,2,0.127712021200863,0.972024446177112,-0.000127312852386038,0.180200977410723,NA,"2",1.07702443890527,-4.75763480761028
2019-03-22,3.8109575866856,3.681229067738,1.28363990711222,6.64105020755106,1.61745488940017,8.7736409663982,0.473916795176225,0.0615584009485933,3.15375,2019-03-20,2,0.126887924099488,0.972395865727146,-0.000126323784717952,0.179702723877133,NA,"2",0.6572075866856,-4.25577291949839
2019-03-23,2.88200717965114,2.73844560002874,1.28097153568731,5.81580402218676,0.807682178470489,7.01506096966139,0.263356686959885,0.0831111367842783,2.85875,2019-03-21,2,0.124822485565901,0.973630421656497,-0.000127072823921605,0.180335340552208,NA,"2",0.0232571796511398,-4.55077291949839
2019-03-24,3.49577496080099,3.38491410918349,1.19644517012121,6.17676439970082,1.43477991720454,6.788773559465,0.784122403669449,0.0599536093146578,3.62014184397163,2019-03-22,2,0.12582356773221,0.972913456209737,-0.000126785480137887,0.180211528302213,NA,"2",-0.12436688317064,-3.78938107552676
2019-03-25,3.27005476377986,3.14932224071041,1.30620831086571,6.19163759891131,1.11627515569039,8.47235756799405,0.697070477594503,0.0742467594115649,3.7193006993007,2019-03-23,2,0.129087525116919,0.972788030453706,-0.000131700312860728,0.179824477966241,NA,"2",-0.44924593552084,-3.69022222019769
2019-03-26,4.11550949431408,3.93705014084303,1.35730754322035,7.10294393782925,1.78693529496214,9.22536671680643,1.12643870529669,0.0637119463833106,3.92748251748252,2019-03-24,2,0.123812964585902,0.973755284220892,-0.00012629989711184,0.180026910501353,NA,"2",0.18802697683156,-3.48204040201587
2019-03-27,3.92549695748977,3.87506188321242,1.3144879768794,6.82317070676664,1.67618957071377,8.04037611095952,1.09646512646822,0.0626971854658828,4.2812676056338,2019-03-25,2,0.124431775444446,0.973814480228129,-0.000127212653918614,0.180439237664107,NA,"2",-0.35577064814403,-3.12825531386459
2019-03-28,4.27994931982797,4.21570731497261,1.39745834455928,7.36251276285199,1.87257816994145,9.40425463156186,1.02680190908767,0.065291259504413,3.77601398601399,2019-03-26,2,0.129056883099783,0.971986534782074,-0.000127426983833593,0.179891006644423,NA,"2",0.50393533381398,-3.6335089334844
2019-03-29,4.56006955584619,4.50667076507423,1.40611301736401,7.58328674165746,2.1538733489638,9.51525147614248,1.42971273922476,0.0596660792256814,3.56405594405594,2019-03-27,2,0.129528137514357,0.972770777900376,-0.000130040048614133,0.179502692643531,NA,"2",0.99601361179025,-3.84546697544245
2019-03-30,3.91012815380817,3.72829868233118,1.42488298462342,7.04518350935449,1.52700102874304,9.01569322726146,0.483004893849103,0.0727116433703754,3.46541666666667,2019-03-28,2,0.125069444617966,0.972615082460209,-0.000125070176243044,0.17971818205145,NA,"2",0.4447114871415,-3.94410625283172
2019-03-31,3.88393137817012,3.8217306489773,1.40021350726483,7.03676166838291,1.4951927271512,7.94028309028879,0.392387271138613,0.0738878479609648,3.40071428571429,2019-03-29,2,0.127566700239555,0.973171676315075,-0.000129791952563395,0.180219546562511,NA,"2",0.48321709245583,-4.0088086337841
2019-04-01,3.82753598640644,3.75060254677135,1.28190541801259,6.70053806424924,1.60660979467195,7.624894968137,0.767588824838269,0.0630558973039056,3.50645833333333,2019-03-30,2,0.124716330462625,0.973497507031232,-0.000125836357744517,0.179631556940586,NA,"2",0.32107765307311,-3.90306458616506
2019-04-02,3.63843534072889,3.60710481310679,1.2644640824675,6.48965892424011,1.45841736923185,8.6770380169102,0.62618102665605,0.0649057464669701,3.4720979020979,2019-03-31,2,0.127785939854715,0.973412365462526,-0.000131594863176577,0.179735700447069,NA,"2",0.16633743863099,-3.93742501740049
2019-04-03,3.94602189016629,3.88276734137198,1.29370641771137,6.83198940799802,1.7007539356301,8.66504059498639,0.124953772514808,0.0619558041119006,3.49971830985915,2019-04-01,2,0.125368327263029,0.972896962302688,-0.000124776823173776,0.179832514674455,NA,"2",0.44630358030714,-3.90980460963924
2019-04-04,3.66681674529786,3.5553163797037,1.33641328454991,6.638318875753,1.41471793214459,8.18046690010728,0.748845785328161,0.0695664763293234,2.94958041958042,2019-04-02,2,0.130088943297614,0.971536622457417,-0.000129989551746435,0.179716741613974,NA,"2",0.71723632571744,-4.45994249991797
2019-04-05,3.76702288240956,3.63217562972064,1.34881221703653,6.75093697863451,1.49173782148406,8.43477326041381,0.665312425730655,0.0685246006305876,2.88326241134752,2019-04-03,2,0.12553939927239,0.972937348456849,-0.000125963854490492,0.179524981635816,NA,"2",0.88376047106204,-4.52626050815087
2019-04-06,3.3065371303616,3.24313075383289,1.17160225668358,5.99440203769468,1.27159933731071,7.64341012693834,0.398900365698866,0.0631382112760336,2.80180555555556,2019-04-04,2,0.126878421764771,0.971518922970036,-0.000125463647148512,0.180178477674865,NA,"2",0.50473157480604,-4.60771736394283
2019-04-07,3.12589799592521,3.00804200232831,1.24532540058323,5.98763585684292,1.03185165982016,6.94868669134281,0.351259604798139,0.0742359577787325,3.3625,2019-04-05,2,0.129607899071156,0.971966277657385,-0.000128593204806288,0.18065899579011,NA,"2",-0.23660200407479,-4.04702291949839
2019-04-08,3.27175942519762,3.22059400185169,1.265738733106,6.15351645193098,1.13844313915297,7.97665787713955,0.620468782090141,0.0723744022564392,2.24570422535211,2019-04-06,2,0.124235156417042,0.973381733413736,-0.000126781887510107,0.180004046947581,NA,"2",1.02605519984551,-5.16381869414628
2019-04-09,3.69492714544671,3.62924970767385,1.27401286357983,6.56935737495344,1.49296164161821,7.45908085167693,0.501048227367499,0.0650275030655295,2.42409722222222,2019-04-07,2,0.122427786905891,0.974306969567363,-0.000126042848188526,0.180153356336867,NA,"2",1.27082992322449,-4.98542569727617
2019-04-10,2.52250958409571,2.42525992690338,1.1783705921407,5.33958416594455,0.59676157020277,6.57570598798236,0.0339600915968506,0.0861914966196669,2.49853146853147,2019-04-08,2,0.126220671119108,0.972770584506085,-0.000126216633858293,0.179571429497432,NA,"2",0.02397811556424,-4.91099145096692
2019-04-11,2.72950105701644,2.67839756916655,1.21341240947173,5.61355019944278,0.716966499143805,7.12881909822261,0.113907110466821,0.0842756729902244,3.25795774647887,2019-04-09,2,0.127178302715711,0.972464748256218,-0.000128081683830208,0.179328221013186,NA,"2",-0.52845668946243,-4.15156517301952
2019-04-12,2.80363744821013,2.65873069233102,1.21327630974414,5.63311791586197,0.797421597317121,6.60437826086375,0.239210821059593,0.0796098893306749,4.6872027972028,2019-04-10,2,0.129305034138927,0.972119548847793,-0.000129340275424028,0.180082059359695,NA,"2",-1.88356534899267,-2.72232012229559
2019-04-13,3.78352097967451,3.80603950307437,1.31961516098434,6.7756377494084,1.50099345739335,8.24301576075884,0.730224266717639,0.0686174533801165,4.97839160839161,2019-04-11,2,0.127803528381755,0.972389302010504,-0.000128498762006618,0.179872373671238,NA,"2",-1.1948706287171,-2.43113131110678
2019-04-14,4.97816218434682,4.92161770316156,1.43404684298891,8.02840983817034,2.50959755799038,10.2614758129198,2.04987186736913,0.0562488906962853,6.91513890972222,2019-04-12,2,0.126639901607498,0.973112954524714,-0.000128098993909625,0.179966884685963,NA,"2",-1.9369767253754,-0.494384009776174
2019-04-15,5.49219928794218,5.38168576915118,1.53972183896681,8.78619260760181,2.81462465721112,12.4323138192711,1.99640346798842,0.0596078376356824,6.36516777852349,2019-04-13,2,0.124816778153849,0.973836587629103,-0.000127828985650767,0.180033387643209,NA,"2",-0.87296849058131,-1.0443551409749
2019-04-16,7.05474147307189,6.98430297816019,1.56036116225836,10.3302840663884,4.26918870824498,12.3217940664031,3.25844135443305,0.0473821359805179,6.8220833125,2019-04-14,2,0.127294301066056,0.972443614493362,-0.000128312312028417,0.180060161344536,NA,"2",0.23265816057189,-0.587439606998394
2019-04-17,6.64963768804574,6.57152968427367,1.55821615230582,9.9908793698322,3.84422455459959,11.2758232113846,2.10738187728851,0.0518147513754805,6.41479167361111,2019-04-15,2,0.129022226076899,0.972673076544373,-0.000130385420223366,0.179718758858261,NA,"2",0.23484601443463,-0.994731245887284
2019-04-18,7.16881180095314,7.06770302588794,1.68661063928376,10.7621337463475,4.15034462871737,12.6858589206006,3.03064910970212,0.0555885968384456,6.73302814084507,2019-04-16,2,0.124756482477374,0.972142356807152,-0.000122960645844701,0.180180161978684,NA,"2",0.43578366010807,-0.676494778653324
2019-04-19,6.77265785679229,6.68806808004048,1.56170633904983,10.1003125574551,3.96824853965815,11.8312538610814,3.18937296065141,0.0505979562676944,8.00744683687943,2019-04-17,2,0.128295420828263,0.972971190365432,-0.000131226347841279,0.179647451437265,NA,"2",-1.23478898008714,0.597923917381036
2019-04-20,7.30672079263791,7.23841611901665,1.60617922738242,10.7188618339882,4.40753163324542,12.3143854599478,3.07666579545251,0.0496025721540087,8.30187502083333,2019-04-18,2,0.125201483644149,0.973262502324292,-0.000125881311403017,0.179617518621961,NA,"2",-0.99515422819542,0.892352101334937
2019-04-21,8.46913018201174,8.38895141159802,1.63165426277137,11.8636865921479,5.52000889846048,14.003274951168,3.94173805212224,0.0430736854342531,6.19721428571429,2019-04-19,2,0.128888151882563,0.972349812367076,-0.000129312989290813,0.179887412207805,NA,"2",2.27191589629745,-1.2123086337841
2019-04-22,8.67057273778485,8.49610465207868,1.68229075610487,12.1501054185439,5.64808767650606,15.705778921926,4.35826255143377,0.0441966163308739,5.11450704225352,2019-04-20,2,0.128331472625832,0.971841302068766,-0.000128228082810446,0.179924872836168,NA,"2",3.55606569553133,-2.29501587724487
2019-04-23,6.56655164145135,6.38593770616584,1.62938463373508,10.0372476202268,3.67758986090833,11.4298147352047,2.90728691750509,0.0562538389217817,4.33576388888889,2019-04-21,2,0.123866518504594,0.973546085646133,-0.000125182269290039,0.17977955524996,NA,"2",2.23078775256246,-3.0737590306095
2019-04-24,5.33873595728094,5.22936078263986,1.41009945657269,8.37586391260291,2.84471883284583,10.9729778274458,2.12407222148191,0.0525189498747281,3.81805555555556,2019-04-22,2,0.128344282384988,0.972104163228585,-0.00012745002138949,0.179963428207334,NA,"2",1.52068040172538,-3.59146736394283
2019-04-25,4.59465013099139,4.57421424606873,1.36921531195391,7.62637511368866,2.17915966153677,9.68052187330425,1.06346275281586,0.0595900278019118,3.56415492957746,2019-04-23,2,0.125176119037505,0.973601867153279,-0.000128949286248486,0.179758100101576,NA,"2",1.03049520141393,-3.84536798992093
2019-04-26,4.20766507350296,4.12743298697438,1.4120794038127,7.32995707279837,1.78677998465364,9.68927379240345,0.956814031475759,0.0678262193949505,3.55113475177305,2019-04-24,2,0.128057372762196,0.971902557010565,-0.000126463224058139,0.180723406478847,NA,"2",0.65653032172991,-3.85838816772534
2019-04-27,3.91259662171343,3.80235871624935,1.32567913465487,6.86639345284553,1.63236735091008,8.31943806622132,0.682088987619731,0.0651341474453446,2.37713286713287,2019-04-25,2,0.129808953732174,0.972369493059816,-0.000131041326182074,0.179928402430882,NA,"2",1.53546375458056,-5.03239005236552
2019-04-28,3.76699112867358,3.65853541508003,1.38578775993319,6.89112884527578,1.41381875611987,8.50894385372304,0.198663978544901,0.074552536897702,1.74868055555556,2019-04-26,2,0.126389864797243,0.972277612839845,-0.00012629107273253,0.179262639017949,NA,"2",2.01831057311802,-5.66084236394283
2019-04-29,2.56373476033126,2.45525471774564,1.24236492494249,5.46668233895033,0.589532750386741,6.94757584937992,0.0724984785525001,0.0898099231200104,1.87965034965035,2019-04-27,2,0.126280416827133,0.973174991551102,-0.000127988452810728,0.179972369877688,NA,"2",0.68408441068091,-5.52987256984804
2019-04-30,2.07049295150833,1.94465123095103,1.10693119280178,4.75663949492024,0.346370622422581,6.02572664671494,0.0331053028210092,0.0930279762750588,1.65922535211268,2019-04-28,2,0.128175945696565,0.972836098418726,-0.000129302641198493,0.179577304839911,NA,"2",0.41126759939565,-5.75029756738571
2019-05-01,2.20996307929118,2.11419566083323,1.15217598463982,4.9352915181022,0.420666964859047,6.77297804583899,0.061342904930029,0.0905145541747082,1.46666666666667,2019-04-29,2,0.128113959232983,0.97304428251899,-0.000129689955479967,0.179979809626073,NA,"2",0.74329641262451,-5.94285625283172
2019-05-02,1.90834757720139,1.72582824105362,1.13192480634154,4.65395642238734,0.233036266868573,6.45630491703105,0.0340472258510819,0.103498032790484,1.85640845070423,2019-04-30,2,0.126679303913394,0.972135589526977,-0.000126106315886429,0.179777288377696,NA,"2",0.05193912649716,-5.55311446879416
2019-05-03,1.7744021966589,1.59978474053725,1.08615446962682,4.37840702813461,0.202944591556896,5.94571812603187,0.0309809557232525,0.0998475687488287,2.39335664335664,2019-05-01,2,0.129249689343498,0.972308156581001,-0.000130457701720788,0.180139625054941,NA,"2",-0.61895444669774,-5.01616627614175
2019-05-04,2.1255024230082,1.96906563284499,1.12323776893828,4.84027853481663,0.370475465441935,6.19187948861436,0.0308363350580181,0.0928079774097831,2.88583333333333,2019-05-02,2,0.125018396475586,0.973589765204621,-0.000126886865244053,0.180288001424182,NA,"2",-0.76033091032513,-4.52368958616506
2019-05-05,2.60956100965461,2.4838162154911,1.13730990225527,5.18936021148456,0.768261255840534,7.93723841131907,0.190788476204996,0.0714130768291367,3.07246478873239,2019-05-03,2,0.124897820203975,0.973449254742988,-0.000126912695476955,0.179799553248534,NA,"2",-0.46290377907778,-4.337058130766
2019-05-06,3.22673524265577,3.14400577875348,1.27101655001567,6.1603247354987,1.07539892400264,7.27324825422962,0.227240843267929,0.0756440728267842,2.83895104895105,2019-05-04,2,0.129941164122135,0.970897313028007,-0.000127104927926142,0.17971237406949,NA,"2",0.38778419370472,-4.57057187054734
2019-05-07,3.40695924979635,3.25597359848456,1.30072473629729,6.37486922170588,1.20259882160034,8.61143003781168,0.168617876117088,0.0738354271957344,3.25486111111111,2019-05-05,2,0.129440926768774,0.97251662032465,-0.000130030278920326,0.180189078614899,NA,"2",0.15209813868524,-4.15466180838728
2019-05-08,3.16392320679846,3.07349046138025,1.19155834255321,5.84003655326912,1.16000762781322,7.25849437487479,0.586883886745178,0.0650016881431413,3.00965034965035,2019-05-06,2,0.128462720498123,0.972619750191958,-0.00013011188729967,0.179867346990006,NA,"2",0.15427285714811,-4.39987256984804
2019-05-09,3.38016899737807,3.27701855255676,1.21548994432607,6.10453271584601,1.3127810536015,7.82594084175648,0.412572165277737,0.0635297177255418,3.76457746478873,2019-05-07,2,0.128359838373361,0.972590472501233,-0.000129640779134825,0.179705758843341,NA,"2",-0.38440846741066,-3.64494545470966
2019-05-10,3.35846780283226,3.33739213299912,1.28279026551595,6.25592057864252,1.20054198290675,8.2382167800036,0.41651086666307,0.0715124370907871,4.35090277777778,2019-05-08,2,0.124281193467644,0.973725201394614,-0.000126782195939905,0.180055976641153,NA,"2",-0.99243497494552,-3.05862014172061
2019-05-11,4.07195096695415,3.96552331580487,1.36081584832397,7.09126565804533,1.73062069201026,7.90354153199986,0.770511687724686,0.0655612584807822,5.14408451408451,2019-05-09,2,0.12581871024731,0.972886990236671,-0.000126625711412847,0.180616893457645,NA,"2",-1.07213354713036,-2.26543840541388
2019-05-12,4.7296478369458,4.66145891344275,1.40254667836029,7.78118961362236,2.28650667305127,8.96129032025538,1.5132845979226,0.0588324877157696,5.75923611111111,2019-05-10,2,0.129828916868056,0.971735929301109,-0.000129140730728899,0.179846730375185,NA,"2",-1.02958827416531,-1.65028680838728
2019-05-13,5.58791035859972,5.60513750834931,1.44506720670313,8.7386449983472,2.99616095322597,11.4190909043818,1.74927541588905,0.0540540085655241,5.30685314685315,2019-05-11,2,0.125041408449472,0.973028543571823,-0.000127045301188537,0.179936417769171,NA,"2",0.281057211746569,-2.10266977264524
2019-05-14,6.13820356112394,6.01577695079263,1.5999014835057,9.54012645802799,3.33064213049563,11.7787055764637,2.10787160655807,0.0574748988228293,5.18573426573427,2019-05-12,2,0.12970081877831,0.971671599334488,-0.000129107536201248,0.180456509476001,NA,"2",0.95246929538967,-2.22378865376412
2019-05-15,5.68606196774869,5.52920814999592,1.5139633807673,8.93427857290345,3.02061971121294,11.8464812252586,1.2752904647986,0.0563544217179777,4.51212765957447,2019-05-13,2,0.126951722644559,0.973320398090071,-0.000129798126994092,0.180147551498048,NA,"2",1.17393430817422,-2.89739525992392
2019-05-16,5.4885904409691,5.44341138692458,1.42462228537852,8.58975652453325,2.93865235068141,9.71985463581231,1.96658014433035,0.0533038814585226,3.835625,2019-05-14,2,0.126951814203343,0.972784211400001,-0.000129115661616407,0.18052352861142,NA,"2",1.6529654409691,-3.57389791949839
2019-05-17,4.85217371423041,4.7408248056644,1.357032783487,7.75691566347627,2.49048958290814,10.3012759821878,1.69394309056466,0.0525138235082432,3.69597222222222,2019-05-15,2,0.128426796902679,0.973101632842859,-0.000130521564166175,0.179903896186925,NA,"2",1.15620149200819,-3.71355069727617
2019-05-18,3.96842016463689,3.91383071876469,1.3113945392825,6.98666956467829,1.64267829996459,7.76227892728695,0.138616827338043,0.0669656476534124,3.17638888888889,2019-05-16,2,0.124591025888526,0.973611535463623,-0.000127011483491329,0.179908067388454,NA,"2",0.792031275748,-4.2331340306095
2019-05-19,3.98302972577379,3.831762348287,1.3251800373063,6.89187667778903,1.71913863802659,8.70761636928243,0.986559846935446,0.0623673894545503,2.9572027972028,2019-05-17,2,0.127355407019279,0.973347443786278,-0.000129586753468406,0.180130404921682,NA,"2",1.02582692857099,-4.45232012229559
2019-05-20,3.34582206469017,3.23963537218595,1.34641054240833,6.41679516515473,1.09997941229406,7.35005437950762,0.314759118327117,0.0797903156736088,3.15943262411348,2019-05-18,2,0.125321550709018,0.973717730484968,-0.00012870519680111,0.179770230845237,NA,"2",0.18638944057669,-4.25009029538491
2019-05-21,3.25765644829301,3.22740272957183,1.28162567520724,6.14426129701211,1.12451764969555,7.39045815367636,0.326930055596839,0.0728603509048619,3.13363636363636,2019-05-19,2,0.127642192147486,0.972163365618959,-0.000127708773367001,0.180028712861522,NA,"2",0.12402008465665,-4.27588655586203
2019-05-22,3.24755072012724,3.20310541350729,1.17903607752594,5.9406073468102,1.21975147050247,7.20020455823452,0.436227587791799,0.0643305506952598,2.85286713286713,2019-05-20,2,0.128897383144587,0.971642120204099,-0.000126965886878564,0.180156195273432,NA,"2",0.39468358726011,-4.55665578663126
2019-05-23,3.49921307528789,3.3509143969358,1.2895590446269,6.43402739501533,1.29583667893536,8.04944181244939,0.411490388345324,0.0707302256732264,3.12104166666667,2019-05-21,2,0.12967063299547,0.973501148233879,-0.000133152224207138,0.180027334185066,NA,"2",0.37817140862122,-4.28848125283172
2019-05-24,3.17539872387882,3.01240738285575,1.29340105788898,6.11768620110212,1.03020685400879,7.75804294157102,0.111948351681814,0.0770793397354887,3.73202797202797,2019-05-22,2,0.124485196206595,0.973351536939597,-0.000125781158318867,0.179839728063781,NA,"2",-0.55662924814915,-3.67749494747042
2019-05-25,3.42796308979232,3.40870637281007,1.26970805724401,6.31356091519002,1.26384395385881,7.88896026405441,0.408234225273909,0.0697671653238442,3.40083333333333,2019-05-23,2,0.127140250723489,0.972860835280748,-0.000127528576811372,0.179745670900226,NA,"2",0.0271297564589901,-4.00868958616506
2019-05-26,4.02837675587801,3.92304700603005,1.34996838003568,6.99970201984871,1.72135270080842,8.94419891456916,0.910737380511388,0.0642380890011505,2.92839160839161,2019-05-24,2,0.129743248456622,0.971767082735569,-0.000129443835045016,0.179671746171362,NA,"2",1.0999851474864,-4.48113131110678
2019-05-27,3.61015478929363,3.54012399565252,1.24419911350215,6.38733029698478,1.47671384475343,7.67647891523102,0.211225583097672,0.0622492893385086,2.81715277777778,2019-05-25,2,0.127723025118333,0.972026302619207,-0.000126517440352536,0.179959540537873,NA,"2",0.79300201151585,-4.59237014172061
2019-05-28,3.16085463607295,3.06036818577077,1.26571269787679,6.03260713420112,1.05456534249678,7.71621482148991,0.298762828856937,0.0740204786657802,2.73125,2019-05-26,2,0.124697118819576,0.972441994078179,-0.000124935988817614,0.180102001298202,NA,"2",0.42960463607295,-4.67827291949839
2019-05-29,3.06365261709329,2.9520877533653,1.33794905807434,6.16442153239765,0.866508150402617,7.27893673520462,0.370802049138206,0.0873807046801596,2.73069444444444,2019-05-27,2,0.128519290586889,0.972642680752636,-0.000132247833829486,0.179968962225494,NA,"2",0.33295817264885,-4.67882847505395
2019-05-30,2.98907321234438,2.93111477883277,1.24590582901994,5.89614888833259,0.90205031730586,7.84612020368311,0.070212753039409,0.07929930402419,2.66713286713287,2019-05-28,2,0.126706265610729,0.972650960381686,-0.000126931073723295,0.180054022664945,NA,"2",0.32194034521151,-4.74239005236552
2019-05-31,2.99379461333798,2.92844160167432,1.24729191538786,5.97772383146576,0.868723333650989,6.98680571998066,0.13969309271137,0.083051772222676,2.61451388888889,2019-05-29,2,0.126934061255939,0.973064506928415,-0.000128418433794629,0.180070898912183,NA,"2",0.37928072444909,-4.7950090306095
2019-06-01,2.99518193740208,2.90554154995438,1.3051649226652,6.07913492354057,0.82286546636162,7.63668091241677,0.213806894991019,0.0881554734642703,2.65090277777778,2019-05-30,2,0.127999614072442,0.973726769812451,-0.000131811567912816,0.180541013429645,NA,"2",0.3442791596243,-4.75862014172061
2019-06-02,2.90162966283298,2.81656795281004,1.26471331433896,5.86529693671765,0.808517186798425,7.51418778801762,0.0402288399500622,0.0841828613817844,2.88056338028169,2019-05-31,2,0.126138544129832,0.972907166916333,-0.000126721743787341,0.180247830462516,NA,"2",0.0210662825512897,-4.5289595392167
2019-06-03,2.99831041179837,2.87157278021365,1.28809872209171,6.01484760842113,0.856705074118457,7.754023088953,0.0885999018777934,0.0846061242575256,2.64153846153846,2019-06-01,2,0.125615372952222,0.973067151057635,-0.000126730916998934,0.179992341037455,NA,"2",0.35677195025991,-4.76798445795993
2019-06-04,3.14161185070638,2.99585873275702,1.18443063821613,5.81239035051495,1.14457347636195,7.38237473112523,0.112675859006562,0.0651508345360455,3.14097902097902,2019-06-02,2,0.125811960290502,0.973503356975754,-0.000128533354182401,0.179481996684618,NA,"2",0.000632829727360118,-4.26854389851937
2019-06-05,2.8518090849116,2.71564485939736,1.30483905337365,5.86957680678442,0.746708374323034,6.28631702278717,0.116160869896328,0.088255122696937,3.5056338028169,2019-06-03,2,0.124994798655636,0.97359014514087,-0.000127462189832336,0.179920385980112,NA,"2",-0.6538247179053,-3.90388911668149
2019-06-06,3.44511664662238,3.34518378150031,1.32533038301011,6.4869596965908,1.19457392512921,8.29062422474864,0.449104473740033,0.0765189348538403,3.98368055555556,2019-06-04,2,0.128767181583883,0.971659464964625,-0.000127137314847028,0.179927700063905,NA,"2",-0.53856390893318,-3.42584236394283
2019-06-07,3.6769513094515,3.61983951979386,1.40821800934976,6.85041379271561,1.31318726595497,8.30901596552478,0.206757879399808,0.0782980367052522,3.70888111888112,2019-06-05,2,0.124506253209189,0.973347725740148,-0.000126007737728873,0.180377113068824,NA,"2",-0.0319298094296201,-3.70064180061727
2019-06-08,4.39875254285943,4.20060922613728,1.41834855714406,7.50280677482004,1.96283755312012,9.58000612186062,0.87045446689294,0.0646092277597554,3.34566433566434,2019-06-06,2,0.128492841035704,0.972709617966985,-0.000129556908658653,0.18023918752213,NA,"2",1.05308820719509,-4.06385858383405
2019-06-09,4.17034264660396,4.07630221774872,1.34332793340115,7.04862085823791,1.90025996099139,9.49813095109547,1.32243678392535,0.0588126557759707,3.60166666666667,2019-06-07,2,0.12457207345523,0.972860224106354,-0.000125665603300518,0.179577757219583,NA,"2",0.56867597993729,-3.80785625283172
2019-06-10,3.76573422609897,3.65483191745149,1.35829920832087,6.74307468310997,1.49436067367486,9.30444639378388,0.793946024721301,0.0682671719410783,3.50567375886525,2019-06-08,2,0.130563510071046,0.972331950744123,-0.000131911411935601,0.179398354356234,NA,"2",0.26006046723372,-3.90384916063314
2019-06-11,3.84682347628506,3.78937152624244,1.25323164087974,6.67137772288637,1.65153575934757,7.9399119477028,0.337834686833717,0.0608502269698661,2.86401408450704,2019-06-09,2,0.122956952339136,0.974254749709198,-0.000126788633427834,0.179973392508035,NA,"2",0.98280939177802,-4.54550883499135
2019-06-12,3.65542163358434,3.55919228446767,1.34826362562044,6.64176082428341,1.39699912001214,10.2794536031339,0.575562814896406,0.0703897203017995,3.40201388888889,2019-06-10,2,0.128236623139941,0.971915038057075,-0.000127930301071946,0.180154927214834,NA,"2",0.25340774469545,-4.0075090306095
2019-06-13,3.15011249838818,3.04160952849969,1.2200724776209,5.92667598279372,1.09530996889708,6.54241735023811,0.402813577624689,0.0697944604617608,3.73622377622378,2019-06-11,2,0.128156194419149,0.972174376729335,-0.000128851843704881,0.180188283418712,NA,"2",-0.5861112778356,-3.67329914327461
2019-06-14,3.60433660351629,3.53704293413044,1.221849347937,6.36549642108627,1.48096834494933,7.36811828641837,0.208979640098427,0.061674599387213,3.23430555555556,2019-06-12,2,0.121858232468722,0.9742439714752,-0.000124323545774342,0.17942994632419,NA,"2",0.37003104796073,-4.17521736394283
2019-06-15,4.09814153955869,3.96289792182777,1.33359612392645,7.07060284472151,1.78081565799904,8.2883079845261,0.515435967895809,0.063351755326236,2.90104895104895,2019-06-13,2,0.128444292936269,0.972206361620905,-0.000128319572783036,0.179805894197136,NA,"2",1.19709258850974,-4.50847396844944
2019-06-16,3.46002000335166,3.39656801108424,1.15979286987149,5.99822962094873,1.48727640101257,7.76521921738054,0.737298837586151,0.0546807016584464,3.16755244755245,2019-06-14,2,0.126722442994413,0.973073455968455,-0.000129058777160129,0.179889080700955,NA,"2",0.29246755579921,-4.24197047194594
2019-06-17,3.18197027001842,3.14553033257311,1.26953387885073,6.25557029997269,0.970085336577119,8.1540802046934,0.0582734820646779,0.0833280601054496,3.39631945138889,2019-06-15,2,0.125053127804567,0.973697270156465,-0.000128544070655181,0.179615093676054,NA,"2",-0.21434918137047,-4.0132034681095
2019-06-18,3.45715700912968,3.32384919445837,1.35911500377846,6.50042315030991,1.20355917467536,8.20842089884084,0.567867603517926,0.0763611179524381,3.66573426573427,2019-06-16,2,0.125931177151722,0.9725798748763,-0.000126875112673193,0.179833243238759,NA,"2",-0.20857725660459,-3.74378865376412
2019-06-19,3.69387547761497,3.65231690924337,1.28654122949869,6.54706320652621,1.50420060765618,8.43279934447335,0.864497245436271,0.0641618553687439,4.43798611111111,2019-06-17,2,0.128650803437894,0.972787575963104,-0.000129751670653622,0.180405845822714,NA,"2",-0.74411063349614,-2.97153680838728
2019-06-20,3.96164197333923,3.89946290771245,1.28494846840198,6.78782725570582,1.74981717819424,9.24886559020257,1.15059733007002,0.059408809028384,5.69590278472222,2019-06-18,2,0.124781811145441,0.973665260426381,-0.000127363476141407,0.179741017461984,NA,"2",-1.73426081138299,-1.71362013477617
2019-06-21,4.80938137869121,4.68424505166912,1.46084507843054,7.93420963404749,2.31124906900139,12.2707652984401,1.55358840488792,0.060601650870056,4.71048951048951,2019-06-19,2,0.126824578483555,0.973546019378199,-0.000129717381815725,0.179482177889644,NA,"2",0.0988918682016999,-2.69903340900888
2019-06-22,5.95874716836694,5.804081010369,1.49442924603008,9.14944350522331,3.30916769382851,10.4125083228476,2.10156866643221,0.0523261326275527,5.19625,2019-06-20,2,0.130483985189838,0.971739125700327,-0.00013006825033282,0.180115966097798,NA,"2",0.76249716836694,-2.21327291949839
2019-06-23,5.00150708833655,4.98455491886722,1.44893708433924,8.15638539113668,2.4634155916291,9.22453441688686,1.72789314486982,0.05964343465528,4.51097222222222,2019-06-21,2,0.128331115312818,0.972505023168355,-0.00012893857195163,0.179688493838235,NA,"2",0.49053486611433,-2.89855069727617
2019-06-24,5.47937649210842,5.39772137456034,1.4402756858488,8.57411664532254,2.93453917549915,10.2620955337163,2.10448929341858,0.0531757384850175,3.89167832167832,2019-06-22,2,0.125597927278464,0.973199450341296,-0.00012654619529708,0.179735123204522,NA,"2",1.5876981704301,-3.51784459782007
2019-06-25,4.91405690446402,4.8082392430701,1.43701382313954,8.05537852601863,2.39397384785129,9.88613111001534,1.65616631070328,0.0600739208222985,4.70830985915493,2019-06-23,2,0.125657759645865,0.973262229982176,-0.000127604693083769,0.179382095376448,NA,"2",0.205747045309089,-2.70121306034346
2019-06-26,4.10104433338299,3.97926074755422,1.34872693920954,7.09968338182849,1.76781934329259,8.16045423236049,0.826029582110211,0.0643457018149029,3.88181818181818,2019-06-24,2,0.12892726528536,0.97188735678717,-0.000128108548829734,0.179681825023538,NA,"2",0.21922615156481,-3.52770473768021
2019-06-27,5.01162857425235,4.90440510264937,1.41140739720522,8.11467916639045,2.50564404493689,10.0412668675825,1.62908797226083,0.05773643396888,3.730625,2019-06-25,2,0.128154964473073,0.972680771894378,-0.000128642973211083,0.180207933395297,NA,"2",1.28100357425235,-3.67889791949839
2019-06-28,4.23980583303285,4.16781699635881,1.38301572965263,7.31773741200696,1.84061683427856,8.97024270242527,1.1654082134213,0.0656345731316003,4.50622377622378,2019-06-26,2,0.127416725523438,0.973258762967489,-0.000130615090361828,0.180298139602007,NA,"2",-0.266417943190929,-2.90329914327461
2019-06-29,4.01172965730415,3.9033502208171,1.36556803210627,7.04800871173989,1.66918185884135,8.80137550680893,0.944049634354455,0.0670839817344106,4.69594405594406,2019-06-27,2,0.12492404196819,0.973277494962406,-0.000126006029888293,0.179719612928887,NA,"2",-0.68421439863991,-2.71357886355433
2019-06-30,4.68422786529332,4.62134875457605,1.38010793437807,7.70704300244625,2.26421712803344,9.3454677506897,1.42317916636964,0.0582913325638393,5.78736111111111,2019-06-28,2,0.127440807644991,0.972508065600509,-0.000128644189266901,0.179920327437872,NA,"2",-1.10313324581779,-1.62216180838728
2019-07-01,4.88725440882812,4.7620562385796,1.3707299061788,7.86662669751969,2.47363316556269,9.27608201045125,0.663863970246557,0.0547082641452605,7.31993006293706,2019-06-29,2,0.12777043232217,0.972128031992829,-0.000127168339353768,0.179853096265673,NA,"2",-2.43267565410894,-0.0895928565613335
2019-07-02,6.20627273617812,6.21981920638482,1.41039376507338,9.22045167318363,3.661420350086,11.8715892079093,2.62375058387512,0.0453839919967166,6.70416666666667,2019-06-30,2,0.126089034089958,0.972702452507344,-0.000127023503324473,0.180072115509978,NA,"2",-0.497893930488551,-0.705356252831724
2019-07-03,7.65657324915551,7.60218960535064,1.65033770916235,11.1230753026274,4.69707464252339,13.6633184621807,3.53475474774928,0.0490273570265814,7.79692307692308,2019-07-01,2,0.12728611015155,0.972528428705397,-0.000128081936140018,0.1801821411696,NA,"2",-0.14034982776757,0.387400157424686
2019-07-04,6.971627875314,6.8425025158936,1.60314445648448,10.341903809301,4.12375054237823,12.4103516934247,3.38886357062216,0.0505160721954921,8.82243055555556,2019-07-02,2,0.126371495062042,0.973088045802459,-0.000128634218408065,0.179941154641506,NA,"2",-1.85080268024156,1.41290763605717
2019-07-05,8.01101191643805,7.89596667411169,1.65916259925416,11.4674781405318,5.03891899742303,14.4805331204395,4.3156607317304,0.0468390167961583,10.0494405804196,2019-07-03,2,0.128527830275413,0.9722321611807,-0.000128449004826177,0.180445162750118,NA,"2",-2.03842866398155,2.63991766092121
2019-07-06,9.11773719738629,9.06144751484719,1.74749942486385,12.8032026609923,5.91941764516241,15.4183796774554,4.18251220187577,0.0471071285022587,9.33388888194444,2019-07-04,2,0.125666416560917,0.973174796226182,-0.000127189704204578,0.180074308237337,NA,"2",-0.216151684558149,1.92436596244605
2019-07-07,10.1900750317378,10.126323109761,1.81514420932843,13.966732048201,6.87517702787112,17.551311384254,5.25776451560706,0.0446522091948639,9.82493052777778,2019-07-05,2,0.127517112565958,0.97275172755762,-0.00012796016564363,0.179111929288424,NA,"2",0.365144503960019,2.41540760827939
2019-07-08,9.57133204533771,9.48226346560183,1.7362707580791,13.2012395334144,6.39458049885004,15.5896808573904,4.10054447136951,0.0438202901291542,7.41783218881119,2019-07-06,2,0.121404815380225,0.973727052186015,-0.000122408641295243,0.17964391290939,NA,"2",2.15349985652652,0.00830926931279663
2019-07-09,10.0016726606987,9.90883168006279,1.72457750243561,13.5900310745307,6.83943945112606,15.634696379182,5.53988601545804,0.0412064112334321,7.67873242253521,2019-07-07,2,0.126943342269091,0.972798944028807,-0.00012837000143958,0.179697688100009,NA,"2",2.32294023816349,0.269209503036816
2019-07-10,7.78636779246288,7.7015598582984,1.60681119943103,11.1378545877609,4.90359071908878,13.3010623705146,3.9651954696506,0.0453243444829179,6.1146153986014,2019-07-08,2,0.129036338414503,0.971434402721196,-0.000127433796747549,0.180598839688684,NA,"2",1.67175239386148,-1.29490752089699
2019-07-11,8.17425735646034,8.13139697433952,1.68588861916148,11.7277305207099,5.12204149921414,14.5438725747315,3.92645104181143,0.0484717039022409,6.6502098041958,2019-07-09,2,0.130137813499413,0.972481053370328,-0.000131930652436253,0.180345826422667,NA,"2",1.52404755226454,-0.759313115302594
2019-07-12,6.31589017772866,6.13367531303855,1.54219298285298,9.57916920351159,3.5889533741321,10.785577149246,3.04265678077637,0.0518644237617393,7.31479166666667,2019-07-10,2,0.129477224668112,0.972359713349785,-0.000131307162430803,0.180206752567391,NA,"2",-0.99890148893801,-0.0947312528317239
2019-07-13,7.05103229790326,7.03351289302155,1.60650020531158,10.4691679826733,4.16398222006862,11.8598848905868,2.70433612604583,0.0513561077842652,9.03118055555556,2019-07-11,2,0.126288141255209,0.972929946467425,-0.000128104319614702,0.180424145055798,NA,"2",-1.9801482576523,1.62165763605717
2019-07-14,7.4951118324744,7.47509969083751,1.61295510421716,10.9274979413067,4.56986439832882,13.8098069763017,3.4210403867241,0.0490404335923768,9.98426572027972,2019-07-12,2,0.126103715512571,0.972167444793539,-0.00012495520301862,0.17984497774607,NA,"2",-2.48915388780532,2.57474280078133
2019-07-15,9.04364093102645,9.03259831107733,1.63682606114522,12.4821311498599,6.03545981484451,14.1851240623341,5.17941646091786,0.0416109952288934,12.8384722083333,2019-07-13,2,0.128250693797369,0.972927857657965,-0.000131590558309875,0.179543226260715,NA,"2",-3.79483127730685,5.42894928883491
2019-07-16,10.2959823492432,10.2660956745162,1.79802423000953,14.032480519349,7.00776407074053,16.6473824928595,5.35248694485203,0.0433487749056923,16.5933802887324,2019-07-14,2,0.12531318831968,0.97337549112449,-0.000127693811262221,0.179516284611496,NA,"2",-6.2973979394892,9.18385736923401
2019-07-17,12.8869265588818,12.736153533226,1.95055534402695,16.8880509743198,9.30235914169822,18.4500691698473,8.36664329547689,0.0402811633779477,20.2284027777778,2019-07-15,2,0.126550414810636,0.973836704738111,-0.000130554066804554,0.179800175094702,NA,"2",-7.341476218896,12.8188798582794
2019-07-18,16.5552121644901,16.5816602505849,2.19987782590238,21.0875472116742,12.4432144125066,23.5468797517874,10.6947387901917,0.0406467190151067,22.5350694444444,2019-07-16,2,0.12813847042439,0.972307799837526,-0.000127375015397415,0.179720025519952,NA,"2",-5.9798572799543,15.125546524946
2019-07-19,20.396152542518,20.2869802675395,2.44188320707827,25.3515327227775,15.8522537179822,27.8751323036797,14.6391258923168,0.039790347506696,25.2224475524476,2019-07-17,2,0.127850812834122,0.971799825864572,-0.000126800504101165,0.180846994096757,NA,"2",-4.8262950099296,17.8129246329492
2019-07-20,22.3861137514484,22.2308474503581,2.453232204193,27.3848002832768,17.7711555317099,29.9595172995851,15.8818362436992,0.0371066214151114,28.8984507042254,2019-07-18,2,0.127573551495878,0.97206518605809,-0.000127438610640649,0.179537468426193,NA,"2",-6.512336952777,21.488927784727
2019-07-21,25.0190032794659,24.9014861790732,2.62704664990243,30.35603369536,20.0745238215553,34.6091061649022,17.6672695014837,0.0379597734258859,30.6618055555556,2019-07-19,2,0.128504541397662,0.972054422566976,-0.000129142467521052,0.179306455075553,NA,"2",-5.6428022760897,23.2522826360572
2019-07-22,28.5731707985292,28.2663678039462,2.83598591243342,34.2883486245069,23.2537251662301,38.4871282072628,21.7207375469978,0.0382673996938768,35.6965972222222,2019-07-20,2,0.12593673048318,0.973706421224108,-0.000128455556275511,0.179484815935898,NA,"2",-7.123426423693,28.2870743027238
2019-07-23,30.5221134783278,30.4323961840684,2.94909680493606,36.4843420622673,24.9636335086038,39.9334063237513,21.5424114710903,0.0390425895159244,44.877972027972,2019-07-21,2,0.125294437752873,0.974097737268601,-0.000129006142204138,0.179902054722496,NA,"2",-14.3558585496442,37.4684491084736
2019-07-24,35.5321074529215,35.3192741776643,2.93893809207407,41.4699004808413,29.9413464484927,44.2878296759036,28.2777647674852,0.0335580813530944,48.0683098591549,2019-07-22,2,0.129082271576913,0.972061834099188,-0.000129394032846067,0.179473827028878,NA,"2",-12.5362024062334,40.6587869396565
2019-07-25,44.0876462332898,44.1216351314402,3.45537585604726,51.0680485873662,37.4948077489843,55.4654591757407,33.413714374542,0.0374775207788031,53.826875,2019-07-23,2,0.125915291189533,0.972783265234859,-0.000126330818098389,0.179419460250593,NA,"2",-9.7392287667102,46.4173520805016
2019-07-26,46.9156867822452,46.8298595836865,3.40443199417937,53.7634001296697,40.4198581708648,55.9175132338378,37.6534647990731,0.03402733984113,55.6643356643357,2019-07-24,2,0.128727904445184,0.971718695010068,-0.000127759659712726,0.179610006069956,NA,"2",-8.7486488820905,48.2548127448373
2019-07-27,52.8074344894323,52.807594220217,3.76699198062034,60.3720105998019,45.6246758413272,63.2020694205427,41.9646861095835,0.0369218417707084,51.2647916666667,2019-07-25,2,0.124401855443602,0.973838421601907,-0.000127504804431888,0.17929061669455,NA,"2",1.5426428227656,43.8552687471683
2019-07-28,54.3319112015681,54.2654629113517,3.68283923837444,61.7578019457501,47.2644084523153,65.510658075334,40.6614965163309,0.0346562065622113,48.5379020979021,2019-07-26,2,0.129053928837927,0.972775909021998,-0.000130839418782827,0.180024993656025,NA,"2",5.794009103666,41.1283791784037
2019-07-29,50.2902611302531,50.1802256894797,3.68668507886511,57.7252315942054,43.2420287196071,62.113300640758,37.6294258250082,0.0373976641251572,45.1325531914894,2019-07-27,2,0.12833535426555,0.972626579758006,-0.000129190626037118,0.179692514485522,NA,"2",5.1577079387637,37.723030271991
2019-07-30,47.561214310903,47.4719266496236,3.53033426189398,54.680420839545,40.8167272217312,56.9113591104085,36.1486337835453,0.036235461234467,40.575034965035,2019-07-28,2,0.120998659418022,0.974571557297658,-0.000124736881187935,0.179882787295817,NA,"2",6.986179345868,33.1655120455366
2019-07-31,44.3777117168609,44.1159796888562,3.36277273879122,51.1325328387399,37.9841516395736,54.6975706607835,35.6108059263081,0.0349340311656416,33.1795138888889,2019-07-29,2,0.12790363959137,0.971989566723535,-0.0001274932702774,0.180070841694051,NA,"2",11.198197827972,25.7699909693905
2019-08-01,40.124849662197,40.0354762226887,3.26373853479829,46.7101612436563,33.9178552693664,52.1454471553788,31.7429423147458,0.0365833644560003,35.7700699300699,2019-07-30,2,0.129005586543109,0.972619002802002,-0.00013046028198362,0.180142179620748,NA,"2",4.3547797321271,28.3605470105715
2019-08-02,32.6808802180422,32.6004305126752,2.85671104070377,38.4329399947984,27.2819133423907,43.2060019311526,24.8411647982735,0.0341441696972901,31.7451388888889,2019-07-31,2,0.129100392765842,0.971912663002236,-0.000128242612082978,0.17957460804846,NA,"2",0.935741329153299,24.3356159693905
2019-08-03,35.4416157405731,35.2937722375709,3.09914317573471,41.7186217065336,29.5521752210736,43.896639493236,26.349639666997,0.0374776732451069,24.7992361111111,2019-08-01,2,0.126058556142236,0.973072526691605,-0.000128445650003778,0.18000501591441,NA,"2",10.642379629462,17.3897131916127
2019-08-04,31.4172323510201,31.4348013492059,2.69718000917764,36.8707094491124,26.2941753286339,39.3759478816622,24.1038930132778,0.0319517019487136,18.5507692307692,2019-08-02,2,0.122901122399574,0.973579413162234,-0.000123799427343753,0.179953222743701,NA,"2",12.8664631202509,11.1412463112708
2019-08-05,24.7429051897438,24.7572847015515,2.58309727833279,30.0237977278626,19.8506291729298,32.1146509969219,16.9882806844476,0.0375793124389804,16.6079166666667,2019-08-03,2,0.122385454661308,0.973951273740021,-0.000125503585119084,0.180215872733133,NA,"2",8.1349885230771,9.19839374716831
2019-08-06,18.543269183343,18.3821516341535,2.36925495668019,23.3681260908243,14.1453262803978,25.7899579063393,12.2301610686673,0.0412826884126756,12.3977083333333,2019-08-04,2,0.125802977941545,0.972666000919571,-0.000125876646322277,0.1794890359947,NA,"2",6.1455608500097,4.98818541383491
2019-08-07,16.6934907952325,16.7400480255662,2.29655876993635,21.4437936602684,12.3996459946969,23.3147469556852,10.7673173950583,0.044139606220446,12.0967832307692,2019-08-05,2,0.125627743904907,0.973219986186519,-0.000127158511389721,0.179267299067642,NA,"2",4.5967075644633,4.68726031127081
2019-08-08,12.5523337820401,12.3622747422648,1.98109469222083,16.6852502034342,8.87330641742747,18.7213736806645,7.30281452887531,0.0438911825471633,10.103263875,2019-08-06,2,0.125102635072304,0.972899629167032,-0.000125296077327713,0.179592942817288,NA,"2",2.4490699070401,2.69374095550161
2019-08-09,12.1913092149702,12.2787601966537,1.92866322956658,16.206743284012,8.61702923217822,18.4355149592833,7.08708313757141,0.0426597077892049,10.8061805555556,2019-08-07,2,0.1269004165055,0.972426301330964,-0.00012678345786384,0.180099788838934,NA,"2",1.3851286594146,3.39665763605721
2019-08-10,10.2575351418121,10.0796923698949,1.89604086592246,14.1841015507487,6.82517448268522,16.367422862637,4.6675549729004,0.0477898166009209,10.9986713286713,2019-08-08,2,0.126419156127958,0.972694378030718,-0.000127266087859247,0.179927833192235,NA,"2",-0.741136186859199,3.58914840917291
2019-08-11,10.8352925820447,10.8145646559835,1.88540546490871,14.7630529715269,7.37821441850009,16.7885738433951,5.65234611035293,0.0455150861023542,12.0787412517483,2019-08-09,2,0.126479101377906,0.971995241694312,-0.000125741675790145,0.180333567518283,NA,"2",-1.2434486697036,4.66921833224991
2019-08-12,11.2184936090304,11.1172838018792,1.94443786817877,15.2425911035881,7.67203370740126,17.3864993429573,5.82002186038032,0.0461876717876165,13.4302083263889,2019-08-10,2,0.130262744223508,0.971253368074809,-0.000128977544876734,0.180274084813743,NA,"2",-2.2117147173585,6.02068540689051
2019-08-13,12.3110785742888,12.1941813428739,1.9228061302065,16.2915571978686,8.76061619957148,19.2239128317109,5.71977801806351,0.0415826761960248,16.9052777777778,2019-08-11,2,0.126592088768378,0.972566140723781,-0.000126898185104058,0.179702246948154,NA,"2",-4.594199203489,9.49575485827941
2019-08-14,13.5615825402886,13.5368354166566,1.97740897097405,17.6304777368165,9.90323417249119,19.8746577748479,7.92417503867832,0.0396999785184176,13.7586713286713,2019-08-12,2,0.127490519647786,0.972387383275939,-0.00012820413634927,0.180037687285584,NA,"2",-0.1970887883827,6.34914840917291
2019-08-15,17.1951090867291,17.1114191881076,2.29147519327198,21.8902027890559,12.9343627665975,25.2702796096786,10.9151533588816,0.0420014978461699,13.3546153986014,2019-08-13,2,0.124869708287453,0.97377529441374,-0.000128332473534212,0.179546532726911,NA,"2",3.8404936881277,5.94509247910301
2019-08-16,13.9582348325108,14.0501381730799,2.00802590983683,18.113416729393,10.2192881089553,20.171125557311,8.127747002988,0.04025004282892,14.6935211267606,2019-08-14,2,0.12519416474662,0.973286023685162,-0.000127444116758439,0.180273361348601,NA,"2",-0.7352862942498,7.28399820726221
2019-08-17,13.6428934714985,13.5531917960573,2.08517395955836,17.9555361106515,9.78658964522234,22.317785646242,7.97120547474106,0.0441280745593477,13.4232638888889,2019-08-15,2,0.121998468880619,0.973427158131965,-0.000122286589864302,0.179682958215965,NA,"2",0.219629582609599,6.01374096939051
2019-08-18,14.8752463497547,14.7827162237893,2.09435906083417,19.1504529029533,11.0146923232468,22.0237583625574,9.57496220098285,0.0400970005130343,12.4868531468531,2019-08-16,2,0.122990363181903,0.973837981503581,-0.000124775891643348,0.180044866378855,NA,"2",2.3883932029016,5.07733022735471
2019-08-19,13.5578323501926,13.4716166337611,2.04115244012098,17.8062837517786,9.75537128361034,20.4979354031886,8.22622061586486,0.0431273742238295,11.2144755174825,2019-08-17,2,0.126707815342248,0.972677441254974,-0.000127099170883477,0.180293212390481,NA,"2",2.3433568327101,3.80495259798411
2019-08-20,12.751741342513,12.7228018534033,1.96821555901817,16.8448417722448,9.0978798073268,18.036242545197,7.63076507411426,0.0424745082840634,10.9590277708333,2019-08-18,2,0.127330656231484,0.973510311578165,-0.000131158685800102,0.179697620578766,NA,"2",1.7927135716797,3.54950485133491
2019-08-21,11.1827177265094,11.1129264241449,1.82248520560649,14.9353645950901,7.84947478662546,17.3118214725193,7.05468888932056,0.040556462246427,8.98395834722222,2019-08-19,2,0.123371593650774,0.973107864187203,-0.000124083053271901,0.179903272917707,NA,"2",2.19875937928718,1.57443542772383
2019-08-22,11.1071028643318,11.0150440713814,1.80801013417397,14.8655582865854,7.77188748278428,16.2963218445122,6.17614938346778,0.0409274152138018,8.95392856428571,2019-08-20,2,0.126448180841379,0.971716564284788,-0.000124300794228139,0.179830327192166,NA,"2",2.15317430004609,1.54440564478732
2019-08-23,9.47831260860384,9.45887500988503,1.72013544900481,13.0501016702221,6.34989485663903,16.4372461097958,5.07395016596078,0.0428741138333774,7.63374997916667,2019-08-21,2,0.126376111803841,0.972647691407807,-0.000127351831974407,0.179697675751083,NA,"2",1.84456262943717,0.224227059668276
2019-08-24,9.33384563773491,9.19582411036787,1.63172850058286,12.7358069874808,6.3417283694481,15.1028186326342,5.48851502579761,0.0396320226857852,8.65999999264706,2019-08-22,2,0.124942441586832,0.974305823025633,-0.000129230754897478,0.180021159256755,NA,"2",0.67384564508785,1.25047707314867
2019-08-25,8.02710800028362,7.96456674422556,1.64434995317856,11.5083529696971,5.03593157373985,13.0275248915739,3.42565881128766,0.0473897476802815,7.10468533566434,2019-08-23,2,0.123565127210252,0.974056101500612,-0.000126597054391432,0.179775376294626,NA,"2",0.922422664619281,-0.304837583834054
2019-08-26,9.01764140395704,8.96532917967268,1.73502501888623,12.6879493873757,5.83549324928257,14.2245000072238,4.49231418813997,0.0472051745585821,6.09847222222222,2019-08-24,2,0.128263362200343,0.971962174734061,-0.000128031101367998,0.179826129696302,NA,"2",2.91916918173482,-1.31105069727617
2019-08-27,7.44574682061904,7.45322009892142,1.60489191735269,10.8565467704499,4.53904135833336,12.1181405950774,3.15108970265306,0.048746059952961,6.08825173426573,2019-08-25,2,0.125649208199205,0.973369422609615,-0.000128323841325253,0.180182371879548,NA,"2",1.35749508635331,-1.32127118523266
2019-08-28,6.46216980236907,6.34822160900192,1.56740041902354,9.7751927541394,3.68993418632354,11.9789489367586,2.78542006333123,0.0522942673255848,5.19381944444444,2019-08-26,2,0.127178411635254,0.972610809706978,-0.000127510180562737,0.179996569273945,NA,"2",1.26835035792463,-2.21570347505395
2019-08-29,6.46601200076559,6.28481334102206,1.53351274107597,9.70975109517341,3.7417918911877,11.7660081353792,2.22521342409485,0.0502376126042242,4.81145833333333,2019-08-27,2,0.128639447019994,0.972680830671795,-0.000130016233041579,0.179248470388307,NA,"2",1.65455366743226,-2.59806458616506
2019-08-30,5.56361170412394,5.54051980707126,1.36161098285291,8.48538708732852,3.12919397282995,10.0926124187566,2.40966895014031,0.0471276038630303,4.8236170212766,2019-08-28,2,0.12978170023348,0.972065923170345,-0.000129845543713867,0.179342447242615,NA,"2",0.739994682847341,-2.58590589822179
2019-08-31,5.20900532316751,5.03232685117722,1.46515836355423,8.35686811474234,2.65421407624203,9.87553002374678,1.83077710626985,0.0573501630867948,4.47042253521127,2019-08-29,2,0.12618886643384,0.973224222577589,-0.000128167181213095,0.17961943667048,NA,"2",0.73858278795624,-2.93910038428712
2019-09-01,5.1638363159683,5.17995764060049,1.35261601104375,8.09010792687523,2.75919082444056,9.60178474662171,2.12574652129996,0.0504413730293138,4.73528169014085,2019-08-30,2,0.124988787398678,0.9734097128784,-0.000127359289651154,0.180066602878286,NA,"2",0.42855462582745,-2.67424122935754
2019-09-02,4.697218912934,4.54711099849821,1.4329997364682,7.82563587917601,2.20967638906128,9.03221965011051,0.896780370253973,0.0619727149610066,4.62034965034965,2019-08-31,2,0.125854600229064,0.972785411896108,-0.000127416015529325,0.179637853232205,NA,"2",0.0768692625843501,-2.78917326914874
2019-09-03,5.11688968140854,5.03501207734766,1.36696999258756,8.0785809412037,2.69290390710768,11.2038109155552,1.1496584607437,0.0519962516562739,3.88846153846154,2019-09-01,2,0.126320067640732,0.972633869140995,-0.000125941891960737,0.179975231525322,NA,"2",1.228428142947,-3.52106138103685
2019-09-04,5.05101773366549,5.01314273639663,1.40041554299944,8.09766766772752,2.57753436627315,9.71454351888823,1.37667372615255,0.0554253468590203,4.54783216783217,2019-09-02,2,0.126366812074206,0.972453085142185,-0.00012629336502807,0.179792064598856,NA,"2",0.50318556583332,-2.86169075166622
2019-09-05,4.22267467494704,4.12505370902788,1.26815107819289,6.99447868458356,2.01206143879368,8.60825121805322,1.1157888893806,0.054267284735593,4.27125,2019-09-03,2,0.128889496951184,0.972409553642853,-0.00012914013997011,0.180370965011649,NA,"2",-0.0485753250529601,-3.13827291949839
2019-09-06,4.91060615284947,4.82312023575026,1.42056518584395,8.06839404682096,2.38048842732295,9.17347102637398,1.02799604850258,0.0606958584504659,3.28111888111888,2019-09-04,2,0.12885801680817,0.971699493728298,-0.000128477593555721,0.179717519518465,NA,"2",1.62948727173059,-4.12840403837951
2019-09-07,4.58421302176451,4.57730276072018,1.33694708471213,7.51018389893713,2.23635730415339,9.39149263451747,1.33882390539136,0.0559038769991982,4.71664334965035,2019-09-05,2,0.129665619157509,0.97218043918535,-0.000130422030143461,0.180002377942699,NA,"2",-0.13243032788584,-2.69287956984804
2019-09-08,3.52118391794948,3.41960426941567,1.31956834224182,6.48212067801084,1.29976300771657,7.89348848675078,0.316962026756904,0.071511363132432,4.87541667361111,2019-09-06,2,0.124686619122042,0.973285670243794,-0.000126153842019245,0.180025865438587,NA,"2",-1.35423275566163,-2.53410624588728
2019-09-09,4.97923520757416,4.89240317747714,1.38864283364914,7.99547716881035,2.5325745530159,9.39668882665543,1.44988779285834,0.0550786513429561,6.33923077622378,2019-09-07,2,0.126738565591594,0.972884201986958,-0.000127877203427656,0.179801498676475,NA,"2",-1.35999556864962,-1.07029214327461
2019-09-10,5.26324623121399,5.18760611426931,1.46050042926121,8.43939718561013,2.68473884404818,10.3572876067592,1.41302067726878,0.0577922787860255,5.04404255319149,2019-09-08,2,0.125463105920211,0.972716851072068,-0.000124718375010534,0.179294716566957,NA,"2",0.2192036780225,-2.3654803663069
2019-09-11,6.76934933638991,6.63541100003314,1.53268801868289,9.98892723154383,4.04177513255754,12.0542263312308,2.85228036157558,0.0475768770077796,2.94699300699301,2019-09-09,2,0.125874651351554,0.973149222541804,-0.000128150814495028,0.180381800147786,NA,"2",3.8223563293969,-4.46252991250538
2019-09-12,5.4027971938732,5.34200729719175,1.46976523730596,8.58573604265481,2.80644346181307,10.8398081340041,1.90913400579225,0.0567229239233748,3.07847222222222,2019-09-10,2,0.126654352966239,0.972950811989289,-0.000128418862536078,0.179905676095497,NA,"2",2.32432497165098,-4.33105069727617
2019-09-13,3.21083549044276,3.06335591481127,1.16864348798603,5.8662718095811,1.20994863417907,7.56189022719121,0.503639231606797,0.0632950927808047,3.27381944444444,2019-09-11,2,0.128086787817507,0.972729678314276,-0.000129402526621424,0.180171692604225,NA,"2",-0.0629839540016799,-4.13570347505395
2019-09-14,3.54125851939316,3.40164583395143,1.32626624758064,6.47092757989479,1.33339009172644,8.44315712363314,0.588791609422556,0.0697982973263517,3.71781690140845,2019-09-12,2,0.126975331107631,0.972760829676178,-0.000127290098285028,0.179994799869344,NA,"2",-0.17655838201529,-3.69170601808994
2019-09-15,3.66045739190832,3.57153805134226,1.34437473100798,6.65909009682621,1.39439984383298,8.82344401420226,0.507415277021806,0.0708401964270527,3.27611111111111,2019-09-13,2,0.126541380376889,0.973193928969881,-0.000127148171560071,0.179849610886419,NA,"2",0.38434628079721,-4.13341180838728
2019-09-16,3.96690956652659,3.87027205459652,1.3241924127736,6.84610600841567,1.72278475558855,8.26940488032359,1.23772715775603,0.0614115816808801,2.58929577464789,2019-09-14,2,0.125274939891275,0.973371860444119,-0.000126116803287491,0.180200160267325,NA,"2",1.3776137918787,-4.8202271448505
2019-09-17,3.67167003537706,3.57311880146902,1.33254609414954,6.67647168081664,1.400319997405,8.56267968761453,0.699293089175277,0.0709249494163546,2.19669014084507,2019-09-15,2,0.126767547253783,0.972855222160757,-0.000128237760999515,0.179852034506546,NA,"2",1.47497989453199,-5.21283277865332
2019-09-18,2.93456012263121,2.86657513624445,1.22342415732971,5.74385012401435,0.907613684034618,7.77971420164244,0.299479958898005,0.0756528134261447,2.87493055555556,2019-09-16,2,0.129758736533479,0.971544365923326,-0.00012953716242756,0.180068679811017,NA,"2",0.0596295670756497,-4.53459236394283
2019-09-19,2.60719577703136,2.53394538799753,1.08459667326021,5.14288739061678,0.787696656902012,6.61376327556018,0.0452059588763909,0.0692559888799407,3.04159722222222,2019-09-17,2,0.127310484462085,0.972644400730086,-0.000128546821865373,0.179828065548437,NA,"2",-0.43440144519086,-4.36792569727617
2019-09-20,3.36174628774406,3.30716893071031,1.33602711235006,6.45967322332372,1.09891187753814,8.65512315963275,0.110012960124579,0.0807536509799403,3.95236111111111,2019-09-18,2,0.126990139508953,0.972303421249773,-0.000126795144571597,0.179619523625966,NA,"2",-0.59061482336705,-3.45716180838728
2019-09-21,3.39270772893716,3.29455018121899,1.28414216005498,6.27408169311321,1.237155188041,7.90483413227811,0.217704286943101,0.0701871087435209,4.30152777777778,2019-09-19,2,0.128616250299795,0.971596564220861,-0.000127332293250554,0.17960305781818,NA,"2",-0.90882004884062,-3.10799514172061
2019-09-22,4.34452717241664,4.26342014259305,1.39409272297241,7.41363347948233,1.93669204140335,10.5264591033996,0.96804401440924,0.0639450840853004,4.25055555555556,2019-09-20,2,0.128434844276033,0.972561680378018,-0.00012876294627653,0.180248552340939,NA,"2",0.0939716168610802,-3.15896736394283
2019-09-23,4.70411559898839,4.64573004470091,1.43443603777248,7.86784682370294,2.19389193528155,9.45958198287769,1.02790094571667,0.0631943406160303,4.47363636363636,2019-09-21,2,0.127112332419583,0.972900651587093,-0.000128826032705167,0.180004309645118,NA,"2",0.23047923535203,-2.93588655586203
2019-09-24,4.58582757362636,4.36895854168495,1.47581632088452,7.80035619308372,2.05914749559632,9.21972961107717,1.38809650117988,0.0665151218023692,5.00160839160839,2019-09-22,2,0.125999026290818,0.973460346072267,-0.000128292413872889,0.179866309881424,NA,"2",-0.41578081798203,-2.40791452789
2019-09-25,4.86533971158386,4.69180646127222,1.47211558464152,8.04379779972991,2.32726305117246,10.9405788653569,1.20050214827126,0.061925040325532,5.3423076993007,2019-09-23,2,0.123829974113069,0.973241939096951,-0.000125328904424302,0.180138470932362,NA,"2",-0.47696798771684,-2.06721522019769
2019-09-26,5.30020334657232,5.25493959832163,1.3649077549422,8.26963826653953,2.8548137115601,9.61436165038838,1.24032678011998,0.0506753069308096,5.61711267605634,2019-09-24,2,0.126248611143048,0.972707138659602,-0.000127524116331304,0.17993815532069,NA,"2",-0.31690932948402,-1.79241024344205
2019-09-27,5.66598780461246,5.54661489318457,1.48946878387764,8.85007684185478,3.04513164460926,10.8024728878449,2.23946231722186,0.0544647566671004,4.44770833333333,2019-09-25,2,0.127893002457118,0.972010107343045,-0.000127133528058489,0.179324390381244,NA,"2",1.21827947127913,-2.96181458616506
2019-09-28,6.00937661668237,5.87319661723526,1.46602293388607,9.16712599327097,3.3784291656142,9.84426972530972,2.15354769874489,0.0509418747461513,4.67153846153846,2019-09-26,2,0.127123847041102,0.972690167755756,-0.000127904609970703,0.179583690754478,NA,"2",1.33783815514391,-2.73798445795993
2019-09-29,4.76891057937757,4.72912346280172,1.35586139451357,7.75267303143012,2.36457834641553,9.16453602580833,1.36303515576093,0.0560310435765484,3.21027777777778,2019-09-27,2,0.130544547644994,0.97179929014017,-0.000129740033648903,0.179379581930615,NA,"2",1.55863280159979,-4.19924514172061
2019-09-30,4.99919317013646,4.95746173893836,1.44424860126893,8.15204030529449,2.46264163389423,9.6681672971337,1.41573271262365,0.0595959348014119,2.91804195804196,2019-09-28,2,0.12642905658264,0.972285714499954,-0.000125237119556063,0.180047033780768,NA,"2",2.0811512120945,-4.49148096145643
2019-10-01,3.66851536017653,3.66054107603345,1.26724372161218,6.52171314873607,1.48271437206633,7.99234974437867,0.548748914862235,0.0645374334592375,2.3348951048951,2019-09-29,2,0.123202055379819,0.974034673113384,-0.000125856632484269,0.179761678756581,NA,"2",1.33362025528143,-5.07462781460329
2019-10-02,3.35312071787768,3.27235101733388,1.21831905829885,6.11005793865257,1.27221204034197,8.88130489353599,0.484741019182264,0.065372125093304,1.80854166666667,2019-09-30,2,0.12611465062682,0.973316451826158,-0.000129027014818051,0.179334080372876,NA,"2",1.54457905121101,-5.60098125283172
2019-10-03,2.75765017472832,2.68820241197452,1.27957500980683,5.78003676893146,0.676208847716653,7.55034626372361,0.137293998820113,0.0909896369435246,2.901,2019-10-01,2,0.127643854249892,0.97245638967414,-0.000129209855198142,0.180039460459266,NA,"2",-0.14334982527168,-4.50852291949839
2019-10-04,2.24258334450958,2.17030729281372,1.12469635302311,4.9476112673585,0.449926974229014,6.41675064065023,0.0390147492025016,0.0882265517670126,2.49993055555556,2019-10-02,2,0.13021586308961,0.972880441573221,-0.000132413274032581,0.179715986326866,NA,"2",-0.25734721104598,-4.90959236394283
2019-10-05,3.25926293680222,3.1808264165749,1.254636071743,6.13382067631987,1.13212010545844,7.77029966638608,0.149957041840263,0.0722752040019336,3.97291666666667,2019-10-03,2,0.124938480640161,0.973054009083368,-0.000126689572710498,0.180147599748707,NA,"2",-0.71365372986445,-3.43660625283172
2019-10-06,2.95972856336074,2.84932395479572,1.21523590099968,5.75801922870737,0.932696082400517,7.54392099170834,0.293314127779219,0.074580854629837,3.71965277777778,2019-10-04,2,0.126427314954461,0.973212026298073,-0.000129617285768761,0.179894323562357,NA,"2",-0.75992421441704,-3.68987014172061
2019-10-07,4.4222817987883,4.34870706048043,1.32740992623097,7.31575282629359,2.11285911317563,8.68959496838361,1.36790961705449,0.0564776171784102,4.53333333333333,2019-10-05,2,0.12579201167554,0.972102058336241,-0.000123842765178814,0.179982445146553,NA,"2",-0.111051534545029,-2.87618958616506
2019-10-08,4.12800218247892,4.06495580707793,1.36361300253787,7.1871510072995,1.75539591578007,8.84511559952241,0.377514430727066,0.066388832898039,4.81409722222222,2019-10-06,2,0.127342741395488,0.972093823312767,-0.000126909519662967,0.179277105878781,NA,"2",-0.686095039743299,-2.59542569727617
2019-10-09,5.03537787394991,4.94287236577398,1.44880319775159,8.20922594451381,2.48160259075746,9.11045517911531,1.43159208860917,0.0599611898467704,4.12517482517482,2019-10-07,2,0.125844864501485,0.972967418009023,-0.000126559752872584,0.17996262570462,NA,"2",0.91020304877509,-3.28434809432357
2019-10-10,5.20097110740139,5.18959347692552,1.40990655524937,8.25281450777463,2.70973154410978,9.56864337092586,1.84779561611669,0.0542105278423436,4.42450704225352,2019-10-08,2,0.127298565547433,0.972059562344151,-0.000127258198663179,0.179315684285182,NA,"2",0.77646406514787,-2.98501587724487
2019-10-11,4.4223935069275,4.37490803429846,1.3776650185964,7.48837145718494,2.0065122229284,9.77001212346008,1.20276782936944,0.0628645062614512,4.89701388888889,2019-10-09,2,0.125785169397842,0.972331789344836,-0.000126846220449477,0.179972243362346,NA,"2",-0.474620381961389,-2.5125090306095
2019-10-12,4.71240175849624,4.74522160571847,1.36208169655457,7.73973302494906,2.2864373050615,8.3068255232123,1.13228438738511,0.0581523175622331,3.84260563380282,2019-10-10,2,0.129071820134525,0.971997665437022,-0.000129418252655896,0.180195756739652,NA,"2",0.86979612469342,-3.56691728569557
2019-10-13,5.26856772342382,5.2540930239459,1.41972218952774,8.37403269626273,2.73573707233883,10.302247281316,1.28757660794489,0.0553738786457895,4.00979020979021,2019-10-11,2,0.126348205271658,0.973441474307328,-0.000129539605358848,0.179810850594278,NA,"2",1.25877751363361,-3.39973270970818
2019-10-14,4.37224640094564,4.29824843326341,1.31076927416059,7.27163143963026,2.06487621367661,8.15705424624866,1.21924608342078,0.0572479805932401,4.20416666666667,2019-10-12,2,0.125507871270321,0.973075200658846,-0.000127245459224446,0.180024841014575,NA,"2",0.16807973427897,-3.20535625283172
2019-10-15,4.32404848251034,4.24079577923891,1.37431178399293,7.32930510976782,1.95744422845561,8.86733040106244,1.2817432888997,0.0617578403303808,4.65503495804196,2019-10-13,2,0.129117279396839,0.972091330116319,-0.000129056575934633,0.180439015623856,NA,"2",-0.330986475531621,-2.75448796145643
2019-10-16,4.58752956557008,4.47174236748998,1.36182846308087,7.54476643673098,2.21954926878056,9.53714169089833,1.5036526383586,0.0569812545299994,5.5396478943662,2019-10-14,2,0.127177586988355,0.972562511680632,-0.000127844260215209,0.180076463478777,NA,"2",-0.952118328796121,-1.86987502513219
2019-10-17,5.11266633308755,4.96595217069472,1.47981702017679,8.31717853291955,2.53116446097348,9.51788862863563,1.75240645526377,0.0602452507150825,4.44265734265734,2019-10-15,2,0.125962045417864,0.972652583465138,-0.000127862698671474,0.179400032027917,NA,"2",0.67000899043021,-2.96686557684105
2019-10-18,5.95774422070705,5.82617339604534,1.51147978252087,9.19639135358825,3.27559137601406,11.0563962942113,2.03729813283686,0.053813133461551,4.56832167132867,2019-10-16,2,0.123792097279606,0.974395382450712,-0.000127208091774147,0.179601997126211,NA,"2",1.38942254937838,-2.84120124816972
2019-10-19,4.79898379251347,4.69975516286193,1.40669212952224,7.85776757912745,2.34368008210557,9.20991986970592,1.09338235591797,0.0583566706281846,3.564375,2019-10-17,2,0.126319591346679,0.973737897487246,-0.000130080215496856,0.179985603506066,NA,"2",1.23460879251347,-3.84514791949839
2019-10-20,5.03272409181922,4.79491062833267,1.47741715559404,8.2097856411637,2.47718303781149,9.92861246801325,1.70409730266961,0.060101183560279,4.0525,2019-10-18,2,0.124614928548853,0.972824357758094,-0.000123762001526978,0.18040706234301,NA,"2",0.98022409181922,-3.35702291949839
2019-10-21,4.01725591433389,3.89836718923273,1.43302105110746,7.19281020394126,1.59421325049025,8.08183471814177,0.470857629327253,0.0727680578365568,4.32090277777778,2019-10-19,2,0.126209435335407,0.97269391993244,-0.000126432512050919,0.180217332656506,NA,"2",-0.30364686344389,-3.08862014172061
2019-10-22,4.49901820955108,4.41733315417556,1.36344761447312,7.48911162931399,2.12051422894847,9.10620809152668,1.24403927859949,0.0591408480046755,5.4920979020979,2019-10-20,2,0.1217825948189,0.974207833826425,-0.000124285899275285,0.179970468353759,NA,"2",-0.99307969254682,-1.91742501740049
2019-10-23,5.06997708415483,4.99289869116197,1.40765513115063,8.12330245553632,2.59029412226836,9.5194889219102,1.48182794205208,0.0554713609763426,4.98930555555556,2019-10-21,2,0.126456815612123,0.972422490117376,-0.000126689655493433,0.179567018032124,NA,"2",0.0806715285992707,-2.42021736394283
2019-10-24,5.92072293911024,5.87239417643013,1.42425669347336,8.96504139388305,3.37479060474443,11.4796461353456,2.30468783085246,0.04819405945776,4.14140845070423,2019-10-22,2,0.125036929621077,0.972957413830031,-0.000125351603482952,0.179396660039185,NA,"2",1.77931448840601,-3.26811446879416
2019-10-25,5.38373146036489,5.29231816680132,1.47226503223926,8.55236988992338,2.79856621929801,10.0446602009926,1.70606497429877,0.0564219997041858,5.16943661971831,2019-10-23,2,0.124090973099618,0.972616489346314,-0.000124319511163695,0.180425949427402,NA,"2",0.214294840646581,-2.24008629978008
2019-10-26,4.577862854864,4.40635785841652,1.37622207642812,7.53623323475511,2.21023816626998,9.44645547126124,0.967162778766159,0.0571252525000863,6.99791666666667,2019-10-24,2,0.125195010874892,0.973160643620322,-0.000126053950122058,0.179976297883996,NA,"2",-2.42005381180267,-0.411606252831723
2019-10-27,5.54732389152394,5.41323082163483,1.46285606787027,8.72794266592969,2.93923185312071,10.5072787879177,1.71287050469216,0.0553634750773759,8.06395831944444,2019-10-25,2,0.12763197223308,0.971980885696877,-0.000126006403208714,0.179740641991992,NA,"2",-2.5166344279205,0.654435399946046
2019-10-28,7.33117291293175,7.1794011998525,1.65222901989723,10.8305387503106,4.36809678679623,12.2408765333425,3.20396393045042,0.0518593459407375,7.5292857,2019-10-26,2,0.127454513256585,0.972658198012594,-0.00012897400837066,0.179759016029542,NA,"2",-0.19811278706825,0.119762780501606
2019-10-29,8.48732799001499,8.40760378112289,1.65461258265597,11.9203283350536,5.50848194720474,14.5889202432994,5.05769088460857,0.0439168318465915,6.7993006993007,2019-10-27,2,0.124068300230327,0.973742098815172,-0.000125938916476435,0.179791760762132,NA,"2",1.68802729071429,-0.610222220197694
2019-10-30,8.10589267374035,7.98941159945932,1.6577904147383,11.5874148960753,5.11027019103002,13.2099286530941,3.60851434023396,0.0469866233892257,5.16468531468531,2019-10-28,2,0.125625269953366,0.973365484636476,-0.000127033849365091,0.180185538304465,NA,"2",2.94120735905504,-2.24483760481308
2019-10-31,7.33511148198249,7.36064491326385,1.59538013218582,10.719913963542,4.45382760749541,12.0001079280152,3.26107264240919,0.0486903721707161,4.2894444375,2019-10-29,2,0.125145896884764,0.973350483934752,-0.000126796891427308,0.179928160441096,NA,"2",3.04566704448249,-3.12007848199839
2019-11-01,5.60013200698348,5.52650629537873,1.39154484714275,8.58228657841728,3.12144988824708,11.0542704818845,2.24211431233478,0.0486859090313924,5.11972028671329,2019-10-30,2,0.124777947273985,0.97311967008626,-0.000125294843479971,0.179934859840859,NA,"2",0.48041172027019,-2.2898026327851
2019-11-02,4.74270090933059,4.64015879632829,1.36693923225865,7.68893791491021,2.36513253002661,10.7046169460424,1.55288211517537,0.0549903949253457,3.61236111111111,2019-10-31,2,0.126176612249382,0.972074783253459,-0.000125219124021057,0.180372939191089,NA,"2",1.13033979821948,-3.79716180838728
2019-11-03,5.52402742956123,5.44666195116673,1.40772686069561,8.57787694748968,3.00282444544516,9.74412609018587,1.38069258575967,0.0515070497941658,3.73902097902098,2019-11-01,2,0.125180467245617,0.973954238816609,-0.000128616266816489,0.179945277415024,NA,"2",1.78500645054025,-3.67050194047741
2019-11-04,3.98108806480742,3.97562665430496,1.3645542544063,7.07725999398597,1.60871828568347,8.49031612775751,0.307718047727856,0.0699918445298998,3.79741258741259,2019-11-02,2,0.125210186863137,0.973232087253824,-0.000127001558710363,0.180302942222969,NA,"2",0.18367547739483,-3.6121103320858
2019-11-05,4.07651664273498,3.90301127814274,1.39176528113427,7.11419642401421,1.72378709116255,9.7889978746361,1.28600494407242,0.0662348543517613,4.635625,2019-11-03,2,0.1292124256974,0.971698574090261,-0.000128381567257476,0.179971589134127,NA,"2",-0.55910835726502,-2.77389791949839
2019-11-06,4.29128998874952,4.29753574285467,1.27950241763748,7.14380347522924,2.02247471554993,7.81475263324449,1.02629039197717,0.0564437596561439,4.61070921985816,2019-11-04,2,0.127465981703172,0.972611271298776,-0.000129449364949566,0.180096653391811,NA,"2",-0.31941923110864,-2.79881369964023
2019-11-07,4.92572680586793,4.77774281931774,1.40488103208292,7.92676935515029,2.49423542290502,11.7328903504708,1.49474653522229,0.0550757367629351,5.34412587412587,2019-11-05,2,0.126917667156498,0.972938280359489,-0.000128363524766355,0.180199375841309,NA,"2",-0.418399068257941,-2.06539704537252
2019-11-08,5.22355649546364,5.16571870981796,1.43465879227466,8.32921991353382,2.69486744840957,10.6747657166947,1.68075286884645,0.0557935624684853,5.5144056013986,2019-11-06,2,0.129369441182236,0.972872008216673,-0.000131590703269894,0.179435240661091,NA,"2",-0.29084910593496,-1.89511731809979
2019-11-09,5.59731770264776,5.43343895716608,1.41641153668284,8.63249065002682,3.08270446937525,9.82123032130203,2.20008232430978,0.0503382513792282,5.99402777083333,2019-11-07,2,0.129387424855126,0.972055265949783,-0.000128728058089371,0.180005746086174,NA,"2",-0.39671006818557,-1.41549514866506
2019-11-10,5.98730760528016,5.87186819438154,1.51668543783326,9.21591376151958,3.30959092728579,11.6723138499867,2.73777570482304,0.0532711469723827,5.41160839160839,2019-11-08,2,0.128144603802379,0.971700962951222,-0.000126812409068985,0.179841649822097,NA,"2",0.575699213671769,-1.99791452789
2019-11-11,6.45199159888653,6.35230101969363,1.5848558797023,9.86043994371293,3.61463792614863,10.8700713593947,2.56591819881918,0.055224994147442,6.32825175524476,2019-11-09,2,0.126473310463414,0.973486501218518,-0.000129497784513691,0.179665227043411,NA,"2",0.12373984364177,-1.08127116425363
2019-11-12,5.94875532484381,5.81618181250404,1.65798859332683,9.52076164801691,3.04561944331485,12.478070237469,1.18090190614094,0.0646799349223679,7.00352112676056,2019-11-10,2,0.128442094105013,0.972789319508838,-0.000130445037109844,0.179680873135833,NA,"2",-1.05476580191675,-0.406001792737833
2019-11-13,6.79491243040923,6.71229953655964,1.53252021983618,10.0415139480093,4.04644163014901,11.5376489371848,2.74390505874123,0.0481693619188445,7.51541665277778,2019-11-11,2,0.125860228195722,0.973270708780681,-0.000129226683905623,0.179871576377827,NA,"2",-0.72050422236855,0.105893733279387
2019-11-14,7.43915606723883,7.25408144251538,1.64372042514625,10.9170525952613,4.48457984804806,13.0147695175894,3.51663973121352,0.0506052015627829,8.21846153846154,2019-11-12,2,0.127699306336775,0.972102736523455,-0.000127097845432613,0.179571412025242,NA,"2",-0.77930547122271,0.808938618963146
