"V1","V2","V3","V4"
-0.0260387785219112,0.966535222866107,0.00111817329259742,0.192146277341584
-0.0260387785219112,0.966535222866107,0.00111817329259742,0.192146277341584
-0.0260387785219112,0.966535222866107,0.00111817329259742,0.192146277341584
-0.0260387785219112,0.966535222866107,0.00111817329259742,0.192146277341584
-0.0260387785219112,0.966535222866107,0.00111817329259742,0.192146277341584
-0.0260387785219112,0.966535222866107,0.00111817329259742,0.192146277341584
-0.0260387785219112,0.966535222866107,0.00111817329259742,0.192146277341584
-0.0260387785219112,0.966535222866107,0.00111817329259742,0.192146277341584
-0.0260387785219112,0.966535222866107,0.00111817329259742,0.192146277341584
-0.0260387785219112,0.966535222866107,0.00111817329259742,0.192146277341584
-0.0260387785219112,0.966535222866107,0.00111817329259742,0.192146277341584
-0.0260387785219112,0.966535222866107,0.00111817329259742,0.192146277341584
-0.0260387785219112,0.966535222866107,0.00111817329259742,0.192146277341584
-0.0260387785219112,0.966535222866107,0.00111817329259742,0.192146277341584
-0.0260387785219112,0.966535222866107,0.00111817329259742,0.192146277341584
-0.0260387785219112,0.966535222866107,0.00111817329259742,0.192146277341584
-0.0260387785219112,0.966535222866107,0.00111817329259742,0.192146277341584
-0.0260387785219112,0.966535222866107,0.00111817329259742,0.192146277341584
-0.0260387785219112,0.966535222866107,0.00111817329259742,0.192146277341584
-0.0260387785219112,0.966535222866107,0.00111817329259742,0.192146277341584
-0.0260387785219112,0.966535222866107,0.00111817329259742,0.192146277341584
-0.0260387785219112,0.966535222866107,0.00111817329259742,0.192146277341584
-0.0260387785219112,0.966535222866107,0.00111817329259742,0.192146277341584
-0.0260387785219112,0.966535222866107,0.00111817329259742,0.192146277341584
-0.0260387785219112,0.966535222866107,0.00111817329259742,0.192146277341584
-0.0260387785219112,0.966535222866107,0.00111817329259742,0.192146277341584
-0.0260387785219112,0.966535222866107,0.00111817329259742,0.192146277341584
-0.0260387785219112,0.966535222866107,0.00111817329259742,0.192146277341584
-0.0260387785219112,0.966535222866107,0.00111817329259742,0.192146277341584
-0.0260387785219112,0.966535222866107,0.00111817329259742,0.192146277341584
-0.0260387785219112,0.966535222866107,0.00111817329259742,0.192146277341584
-0.0260387785219112,0.966535222866107,0.00111817329259742,0.192146277341584
-0.0260387785219112,0.966535222866107,0.00111817329259742,0.192146277341584
-0.0260387785219112,0.966535222866107,0.00111817329259742,0.192146277341584
-0.0260387785219112,0.966535222866107,0.00111817329259742,0.192146277341584
-0.0260387785219112,0.966535222866107,0.00111817329259742,0.192146277341584
-0.0260387785219112,0.966535222866107,0.00111817329259742,0.192146277341584
-0.0260387785219112,0.966535222866107,0.00111817329259742,0.192146277341584
-0.0260387785219112,0.966535222866107,0.00111817329259742,0.192146277341584
-0.0260387785219112,0.966535222866107,0.00111817329259742,0.192146277341584
-0.0260387785219112,0.966535222866107,0.00111817329259742,0.192146277341584
-0.0260387785219112,0.966535222866107,0.00111817329259742,0.192146277341584
-0.0260387785219112,0.966535222866107,0.00111817329259742,0.192146277341584
-0.0260387785219112,0.966535222866107,0.00111817329259742,0.192146277341584
-0.0260387785219112,0.966535222866107,0.00111817329259742,0.192146277341584
-0.0260387785219112,0.966535222866107,0.00111817329259742,0.192146277341584
-0.0260387785219112,0.966535222866107,0.00111817329259742,0.192146277341584
-0.0260387785219112,0.966535222866107,0.00111817329259742,0.192146277341584
-0.0260387785219112,0.966535222866107,0.00111817329259742,0.192146277341584
-0.0260387785219112,0.966535222866107,0.00111817329259742,0.192146277341584
-0.0260387785219112,0.966535222866107,0.00111817329259742,0.192146277341584
-0.0260387785219112,0.966535222866107,0.00111817329259742,0.192146277341584
-0.0260387785219112,0.966535222866107,0.00111817329259742,0.192146277341584
-0.0260387785219112,0.966535222866107,0.00111817329259742,0.192146277341584
-0.0260387785219112,0.966535222866107,0.00111817329259742,0.192146277341584
-0.0260387785219112,0.966535222866107,0.00111817329259742,0.192146277341584
-0.0260387785219112,0.966535222866107,0.00111817329259742,0.192146277341584
-0.0260387785219112,0.966535222866107,0.00111817329259742,0.192146277341584
-0.0260387785219112,0.966535222866107,0.00111817329259742,0.192146277341584
-0.0260387785219112,0.966535222866107,0.00111817329259742,0.192146277341584
-0.0260387785219112,0.966535222866107,0.00111817329259742,0.192146277341584
-0.0260387785219112,0.966535222866107,0.00111817329259742,0.192146277341584
-0.0260387785219112,0.966535222866107,0.00111817329259742,0.192146277341584
-0.0260387785219112,0.966535222866107,0.00111817329259742,0.192146277341584
-0.0260387785219112,0.966535222866107,0.00111817329259742,0.192146277341584
-0.0260387785219112,0.966535222866107,0.00111817329259742,0.192146277341584
-0.0260387785219112,0.966535222866107,0.00111817329259742,0.192146277341584
-0.0260387785219112,0.966535222866107,0.00111817329259742,0.192146277341584
-0.0260387785219112,0.966535222866107,0.00111817329259742,0.192146277341584
-0.0260387785219112,0.966535222866107,0.00111817329259742,0.192146277341584
-0.0260387785219112,0.966535222866107,0.00111817329259742,0.192146277341584
-0.0260387785219112,0.966535222866107,0.00111817329259742,0.192146277341584
-0.0260387785219112,0.966535222866107,0.00111817329259742,0.192146277341584
-0.0260387785219112,0.966535222866107,0.00111817329259742,0.192146277341584
-0.0260387785219112,0.966535222866107,0.00111817329259742,0.192146277341584
-0.0260387785219112,0.966535222866107,0.00111817329259742,0.192146277341584
-0.0260387785219112,0.966535222866107,0.00111817329259742,0.192146277341584
-0.0260387785219112,0.966535222866107,0.00111817329259742,0.192146277341584
-0.0260387785219112,0.966535222866107,0.00111817329259742,0.192146277341584
-0.0260387785219112,0.966535222866107,0.00111817329259742,0.192146277341584
-0.0260387785219112,0.966535222866107,0.00111817329259742,0.192146277341584
-0.0260387785219112,0.966535222866107,0.00111817329259742,0.192146277341584
-0.0260387785219112,0.966535222866107,0.00111817329259742,0.192146277341584
-0.0260387785219112,0.966535222866107,0.00111817329259742,0.192146277341584
-0.0260387785219112,0.966535222866107,0.00111817329259742,0.192146277341584
-0.0260387785219112,0.966535222866107,0.00111817329259742,0.192146277341584
-0.0260387785219112,0.966535222866107,0.00111817329259742,0.192146277341584
-0.0260387785219112,0.966535222866107,0.00111817329259742,0.192146277341584
-0.0260387785219112,0.966535222866107,0.00111817329259742,0.192146277341584
-0.0260387785219112,0.966535222866107,0.00111817329259742,0.192146277341584
-0.0260387785219112,0.966535222866107,0.00111817329259742,0.192146277341584
-0.0260387785219112,0.966535222866107,0.00111817329259742,0.192146277341584
-0.0260387785219112,0.966535222866107,0.00111817329259742,0.192146277341584
-0.0260387785219112,0.966535222866107,0.00111817329259742,0.192146277341584
-0.0260387785219112,0.966535222866107,0.00111817329259742,0.192146277341584
-0.0260387785219112,0.966535222866107,0.00111817329259742,0.192146277341584
-0.0260387785219112,0.966535222866107,0.00111817329259742,0.192146277341584
-0.0260387785219112,0.966535222866107,0.00111817329259742,0.192146277341584
-0.0260387785219112,0.966535222866107,0.00111817329259742,0.192146277341584
-0.0260387785219112,0.966535222866107,0.00111817329259742,0.192146277341584
-0.0260387785219112,0.966535222866107,0.00111817329259742,0.192146277341584
-0.0260387785219112,0.966535222866107,0.00111817329259742,0.192146277341584
-0.0260387785219112,0.966535222866107,0.00111817329259742,0.192146277341584
-0.0260387785219112,0.966535222866107,0.00111817329259742,0.192146277341584
-0.0260387785219112,0.966535222866107,0.00111817329259742,0.192146277341584
-0.0260387785219112,0.966535222866107,0.00111817329259742,0.192146277341584
-0.0260387785219112,0.966535222866107,0.00111817329259742,0.192146277341584
-0.0260387785219112,0.966535222866107,0.00111817329259742,0.192146277341584
-0.0260387785219112,0.966535222866107,0.00111817329259742,0.192146277341584
-0.0260387785219112,0.966535222866107,0.00111817329259742,0.192146277341584
-0.0260387785219112,0.966535222866107,0.00111817329259742,0.192146277341584
-0.0260387785219112,0.966535222866107,0.00111817329259742,0.192146277341584
-0.0260387785219112,0.966535222866107,0.00111817329259742,0.192146277341584
-0.0260387785219112,0.966535222866107,0.00111817329259742,0.192146277341584
-0.0260387785219112,0.966535222866107,0.00111817329259742,0.192146277341584
-0.0260387785219112,0.966535222866107,0.00111817329259742,0.192146277341584
-0.0260387785219112,0.966535222866107,0.00111817329259742,0.192146277341584
-0.0260387785219112,0.966535222866107,0.00111817329259742,0.192146277341584
-0.0260387785219112,0.966535222866107,0.00111817329259742,0.192146277341584
-0.0260387785219112,0.966535222866107,0.00111817329259742,0.192146277341584
-0.0260387785219112,0.966535222866107,0.00111817329259742,0.192146277341584
-0.0260387785219112,0.966535222866107,0.00111817329259742,0.192146277341584
-0.0260387785219112,0.966535222866107,0.00111817329259742,0.192146277341584
-0.0260387785219112,0.966535222866107,0.00111817329259742,0.192146277341584
-0.0260387785219112,0.966535222866107,0.00111817329259742,0.192146277341584
-0.0260387785219112,0.966535222866107,0.00111817329259742,0.192146277341584
-0.0260387785219112,0.966535222866107,0.00111817329259742,0.192146277341584
-0.0260387785219112,0.966535222866107,0.00111817329259742,0.192146277341584
-0.0260387785219112,0.966535222866107,0.00111817329259742,0.192146277341584
-0.0260387785219112,0.966535222866107,0.00111817329259742,0.192146277341584
-0.0260387785219112,0.966535222866107,0.00111817329259742,0.192146277341584
-0.0260387785219112,0.966535222866107,0.00111817329259742,0.192146277341584
-0.0260387785219112,0.966535222866107,0.00111817329259742,0.192146277341584
-0.0260387785219112,0.966535222866107,0.00111817329259742,0.192146277341584
-0.0260387785219112,0.966535222866107,0.00111817329259742,0.192146277341584
-0.0260387785219112,0.966535222866107,0.00111817329259742,0.192146277341584
-0.0260387785219112,0.966535222866107,0.00111817329259742,0.192146277341584
-0.0260387785219112,0.966535222866107,0.00111817329259742,0.192146277341584
-0.0260387785219112,0.966535222866107,0.00111817329259742,0.192146277341584
-0.0260387785219112,0.966535222866107,0.00111817329259742,0.192146277341584
-0.0260387785219112,0.966535222866107,0.00111817329259742,0.192146277341584
-0.0260387785219112,0.966535222866107,0.00111817329259742,0.192146277341584
-0.0260387785219112,0.966535222866107,0.00111817329259742,0.192146277341584
-0.0260387785219112,0.966535222866107,0.00111817329259742,0.192146277341584
-0.0260387785219112,0.966535222866107,0.00111817329259742,0.192146277341584
-0.0260387785219112,0.966535222866107,0.00111817329259742,0.192146277341584
-0.0260387785219112,0.966535222866107,0.00111817329259742,0.192146277341584
-0.0260387785219112,0.966535222866107,0.00111817329259742,0.192146277341584
-0.0260387785219112,0.966535222866107,0.00111817329259742,0.192146277341584
-0.0260387785219112,0.966535222866107,0.00111817329259742,0.192146277341584
-0.0260387785219112,0.966535222866107,0.00111817329259742,0.192146277341584
-0.0260387785219112,0.966535222866107,0.00111817329259742,0.192146277341584
-0.0260387785219112,0.966535222866107,0.00111817329259742,0.192146277341584
-0.0260387785219112,0.966535222866107,0.00111817329259742,0.192146277341584
-0.0260387785219112,0.966535222866107,0.00111817329259742,0.192146277341584
-0.0260387785219112,0.966535222866107,0.00111817329259742,0.192146277341584
-0.0260387785219112,0.966535222866107,0.00111817329259742,0.192146277341584
-0.0260387785219112,0.966535222866107,0.00111817329259742,0.192146277341584
-0.0260387785219112,0.966535222866107,0.00111817329259742,0.192146277341584
-0.0260387785219112,0.966535222866107,0.00111817329259742,0.192146277341584
-0.0260387785219112,0.966535222866107,0.00111817329259742,0.192146277341584
-0.0260387785219112,0.966535222866107,0.00111817329259742,0.192146277341584
-0.0260387785219112,0.966535222866107,0.00111817329259742,0.192146277341584
-0.0260387785219112,0.966535222866107,0.00111817329259742,0.192146277341584
-0.0260387785219112,0.966535222866107,0.00111817329259742,0.192146277341584
-0.0260387785219112,0.966535222866107,0.00111817329259742,0.192146277341584
-0.0260387785219112,0.966535222866107,0.00111817329259742,0.192146277341584
-0.0260387785219112,0.966535222866107,0.00111817329259742,0.192146277341584
-0.0260387785219112,0.966535222866107,0.00111817329259742,0.192146277341584
-0.0260387785219112,0.966535222866107,0.00111817329259742,0.192146277341584
-0.0260387785219112,0.966535222866107,0.00111817329259742,0.192146277341584
-0.0260387785219112,0.966535222866107,0.00111817329259742,0.192146277341584
-0.0260387785219112,0.966535222866107,0.00111817329259742,0.192146277341584
-0.0260387785219112,0.966535222866107,0.00111817329259742,0.192146277341584
-0.0260387785219112,0.966535222866107,0.00111817329259742,0.192146277341584
-0.0260387785219112,0.966535222866107,0.00111817329259742,0.192146277341584
-0.0260387785219112,0.966535222866107,0.00111817329259742,0.192146277341584
-0.0260387785219112,0.966535222866107,0.00111817329259742,0.192146277341584
-0.0260387785219112,0.966535222866107,0.00111817329259742,0.192146277341584
-0.0260387785219112,0.966535222866107,0.00111817329259742,0.192146277341584
-0.0260387785219112,0.966535222866107,0.00111817329259742,0.192146277341584
-0.0260387785219112,0.966535222866107,0.00111817329259742,0.192146277341584
-0.0260387785219112,0.966535222866107,0.00111817329259742,0.192146277341584
-0.0260387785219112,0.966535222866107,0.00111817329259742,0.192146277341584
-0.0260387785219112,0.966535222866107,0.00111817329259742,0.192146277341584
-0.0260387785219112,0.966535222866107,0.00111817329259742,0.192146277341584
-0.0260387785219112,0.966535222866107,0.00111817329259742,0.192146277341584
-0.0260387785219112,0.966535222866107,0.00111817329259742,0.192146277341584
-0.0260387785219112,0.966535222866107,0.00111817329259742,0.192146277341584
-0.0260387785219112,0.966535222866107,0.00111817329259742,0.192146277341584
-0.0260387785219112,0.966535222866107,0.00111817329259742,0.192146277341584
-0.0260387785219112,0.966535222866107,0.00111817329259742,0.192146277341584
-0.0260387785219112,0.966535222866107,0.00111817329259742,0.192146277341584
-0.0260387785219112,0.966535222866107,0.00111817329259742,0.192146277341584
-0.0260387785219112,0.966535222866107,0.00111817329259742,0.192146277341584
-0.0260387785219112,0.966535222866107,0.00111817329259742,0.192146277341584
-0.0260387785219112,0.966535222866107,0.00111817329259742,0.192146277341584
-0.0260387785219112,0.966535222866107,0.00111817329259742,0.192146277341584
-0.0260387785219112,0.966535222866107,0.00111817329259742,0.192146277341584
-0.0260387785219112,0.966535222866107,0.00111817329259742,0.192146277341584
-0.0260387785219112,0.966535222866107,0.00111817329259742,0.192146277341584
-0.0260387785219112,0.966535222866107,0.00111817329259742,0.192146277341584
-0.0260387785219112,0.966535222866107,0.00111817329259742,0.192146277341584
-0.0260387785219112,0.966535222866107,0.00111817329259742,0.192146277341584
-0.0260387785219112,0.966535222866107,0.00111817329259742,0.192146277341584
-0.0260387785219112,0.966535222866107,0.00111817329259742,0.192146277341584
-0.0260387785219112,0.966535222866107,0.00111817329259742,0.192146277341584
-0.0260387785219112,0.966535222866107,0.00111817329259742,0.192146277341584
-0.0260387785219112,0.966535222866107,0.00111817329259742,0.192146277341584
-0.0260387785219112,0.966535222866107,0.00111817329259742,0.192146277341584
-0.0260387785219112,0.966535222866107,0.00111817329259742,0.192146277341584
-0.0260387785219112,0.966535222866107,0.00111817329259742,0.192146277341584
-0.0260387785219112,0.966535222866107,0.00111817329259742,0.192146277341584
-0.0260387785219112,0.966535222866107,0.00111817329259742,0.192146277341584
-0.0260387785219112,0.966535222866107,0.00111817329259742,0.192146277341584
-0.0260387785219112,0.966535222866107,0.00111817329259742,0.192146277341584
-0.0260387785219112,0.966535222866107,0.00111817329259742,0.192146277341584
-0.0260387785219112,0.966535222866107,0.00111817329259742,0.192146277341584
-0.0260387785219112,0.966535222866107,0.00111817329259742,0.192146277341584
-0.0260387785219112,0.966535222866107,0.00111817329259742,0.192146277341584
-0.0260387785219112,0.966535222866107,0.00111817329259742,0.192146277341584
-0.0260387785219112,0.966535222866107,0.00111817329259742,0.192146277341584
-0.0260387785219112,0.966535222866107,0.00111817329259742,0.192146277341584
-0.0260387785219112,0.966535222866107,0.00111817329259742,0.192146277341584
-0.0260387785219112,0.966535222866107,0.00111817329259742,0.192146277341584
-0.0260387785219112,0.966535222866107,0.00111817329259742,0.192146277341584
-0.0260387785219112,0.966535222866107,0.00111817329259742,0.192146277341584
-0.0260387785219112,0.966535222866107,0.00111817329259742,0.192146277341584
-0.0260387785219112,0.966535222866107,0.00111817329259742,0.192146277341584
-0.0260387785219112,0.966535222866107,0.00111817329259742,0.192146277341584
-0.0260387785219112,0.966535222866107,0.00111817329259742,0.192146277341584
-0.0260387785219112,0.966535222866107,0.00111817329259742,0.192146277341584
-0.0260387785219112,0.966535222866107,0.00111817329259742,0.192146277341584
-0.0260387785219112,0.966535222866107,0.00111817329259742,0.192146277341584
-0.0260387785219112,0.966535222866107,0.00111817329259742,0.192146277341584
-0.0260387785219112,0.966535222866107,0.00111817329259742,0.192146277341584
-0.0260387785219112,0.966535222866107,0.00111817329259742,0.192146277341584
-0.0260387785219112,0.966535222866107,0.00111817329259742,0.192146277341584
-0.0260387785219112,0.966535222866107,0.00111817329259742,0.192146277341584
-0.0260387785219112,0.966535222866107,0.00111817329259742,0.192146277341584
-0.0260387785219112,0.966535222866107,0.00111817329259742,0.192146277341584
-0.0260387785219112,0.966535222866107,0.00111817329259742,0.192146277341584
-0.0260387785219112,0.966535222866107,0.00111817329259742,0.192146277341584
-0.0260387785219112,0.966535222866107,0.00111817329259742,0.192146277341584
-0.0260387785219112,0.966535222866107,0.00111817329259742,0.192146277341584
-0.0260387785219112,0.966535222866107,0.00111817329259742,0.192146277341584
-0.0260387785219112,0.966535222866107,0.00111817329259742,0.192146277341584
-0.0260387785219112,0.966535222866107,0.00111817329259742,0.192146277341584
-0.0260387785219112,0.966535222866107,0.00111817329259742,0.192146277341584
-0.0260387785219112,0.966535222866107,0.00111817329259742,0.192146277341584
-0.0260387785219112,0.966535222866107,0.00111817329259742,0.192146277341584
-0.0260387785219112,0.966535222866107,0.00111817329259742,0.192146277341584
-0.0260387785219112,0.966535222866107,0.00111817329259742,0.192146277341584
-0.0260387785219112,0.966535222866107,0.00111817329259742,0.192146277341584
-0.0260387785219112,0.966535222866107,0.00111817329259742,0.192146277341584
-0.0260387785219112,0.966535222866107,0.00111817329259742,0.192146277341584
-0.0260387785219112,0.966535222866107,0.00111817329259742,0.192146277341584
-0.0260387785219112,0.966535222866107,0.00111817329259742,0.192146277341584
-0.0260387785219112,0.966535222866107,0.00111817329259742,0.192146277341584
-0.0260387785219112,0.966535222866107,0.00111817329259742,0.192146277341584
-0.0260387785219112,0.966535222866107,0.00111817329259742,0.192146277341584
-0.0260387785219112,0.966535222866107,0.00111817329259742,0.192146277341584
-0.0260387785219112,0.966535222866107,0.00111817329259742,0.192146277341584
-0.0260387785219112,0.966535222866107,0.00111817329259742,0.192146277341584
-0.0260387785219112,0.966535222866107,0.00111817329259742,0.192146277341584
-0.0260387785219112,0.966535222866107,0.00111817329259742,0.192146277341584
-0.0260387785219112,0.966535222866107,0.00111817329259742,0.192146277341584
-0.0260387785219112,0.966535222866107,0.00111817329259742,0.192146277341584
-0.0260387785219112,0.966535222866107,0.00111817329259742,0.192146277341584
-0.0260387785219112,0.966535222866107,0.00111817329259742,0.192146277341584
-0.0260387785219112,0.966535222866107,0.00111817329259742,0.192146277341584
-0.0260387785219112,0.966535222866107,0.00111817329259742,0.192146277341584
-0.0260387785219112,0.966535222866107,0.00111817329259742,0.192146277341584
-0.0260387785219112,0.966535222866107,0.00111817329259742,0.192146277341584
-0.0260387785219112,0.966535222866107,0.00111817329259742,0.192146277341584
-0.0260387785219112,0.966535222866107,0.00111817329259742,0.192146277341584
-0.0260387785219112,0.966535222866107,0.00111817329259742,0.192146277341584
-0.0260387785219112,0.966535222866107,0.00111817329259742,0.192146277341584
-0.0260387785219112,0.966535222866107,0.00111817329259742,0.192146277341584
-0.0260387785219112,0.966535222866107,0.00111817329259742,0.192146277341584
-0.0260387785219112,0.966535222866107,0.00111817329259742,0.192146277341584
-0.0260387785219112,0.966535222866107,0.00111817329259742,0.192146277341584
-0.0260387785219112,0.966535222866107,0.00111817329259742,0.192146277341584
-0.0260387785219112,0.966535222866107,0.00111817329259742,0.192146277341584
-0.0260387785219112,0.966535222866107,0.00111817329259742,0.192146277341584
-0.0260387785219112,0.966535222866107,0.00111817329259742,0.192146277341584
-0.0260387785219112,0.966535222866107,0.00111817329259742,0.192146277341584
-0.0260387785219112,0.966535222866107,0.00111817329259742,0.192146277341584
-0.0260387785219112,0.966535222866107,0.00111817329259742,0.192146277341584
-0.0260387785219112,0.966535222866107,0.00111817329259742,0.192146277341584
-0.0260387785219112,0.966535222866107,0.00111817329259742,0.192146277341584
-0.0260387785219112,0.966535222866107,0.00111817329259742,0.192146277341584
-0.0260387785219112,0.966535222866107,0.00111817329259742,0.192146277341584
-0.0260387785219112,0.966535222866107,0.00111817329259742,0.192146277341584
-0.0260387785219112,0.966535222866107,0.00111817329259742,0.192146277341584
-0.0260387785219112,0.966535222866107,0.00111817329259742,0.192146277341584
-0.0260387785219112,0.966535222866107,0.00111817329259742,0.192146277341584
-0.0260387785219112,0.966535222866107,0.00111817329259742,0.192146277341584
-0.0260387785219112,0.966535222866107,0.00111817329259742,0.192146277341584
-0.0260387785219112,0.966535222866107,0.00111817329259742,0.192146277341584
-0.0260387785219112,0.966535222866107,0.00111817329259742,0.192146277341584
-0.0260387785219112,0.966535222866107,0.00111817329259742,0.192146277341584
-0.0260387785219112,0.966535222866107,0.00111817329259742,0.192146277341584
-0.0260387785219112,0.966535222866107,0.00111817329259742,0.192146277341584
-0.0260387785219112,0.966535222866107,0.00111817329259742,0.192146277341584
-0.0260387785219112,0.966535222866107,0.00111817329259742,0.192146277341584
-0.0260387785219112,0.966535222866107,0.00111817329259742,0.192146277341584
-0.0260387785219112,0.966535222866107,0.00111817329259742,0.192146277341584
-0.0260387785219112,0.966535222866107,0.00111817329259742,0.192146277341584
-0.0260387785219112,0.966535222866107,0.00111817329259742,0.192146277341584
-0.0260387785219112,0.966535222866107,0.00111817329259742,0.192146277341584
-0.0260387785219112,0.966535222866107,0.00111817329259742,0.192146277341584
-0.0260387785219112,0.966535222866107,0.00111817329259742,0.192146277341584
-0.0260387785219112,0.966535222866107,0.00111817329259742,0.192146277341584
-0.0260387785219112,0.966535222866107,0.00111817329259742,0.192146277341584
-0.0260387785219112,0.966535222866107,0.00111817329259742,0.192146277341584
-0.0260387785219112,0.966535222866107,0.00111817329259742,0.192146277341584
-0.0260387785219112,0.966535222866107,0.00111817329259742,0.192146277341584
-0.0260387785219112,0.966535222866107,0.00111817329259742,0.192146277341584
-0.0260387785219112,0.966535222866107,0.00111817329259742,0.192146277341584
-0.0260387785219112,0.966535222866107,0.00111817329259742,0.192146277341584
-0.0260387785219112,0.966535222866107,0.00111817329259742,0.192146277341584
-0.0260387785219112,0.966535222866107,0.00111817329259742,0.192146277341584
-0.0260387785219112,0.966535222866107,0.00111817329259742,0.192146277341584
-0.0260387785219112,0.966535222866107,0.00111817329259742,0.192146277341584
-0.0260387785219112,0.966535222866107,0.00111817329259742,0.192146277341584
-0.0260387785219112,0.966535222866107,0.00111817329259742,0.192146277341584
-0.0260387785219112,0.966535222866107,0.00111817329259742,0.192146277341584
-0.0260387785219112,0.966535222866107,0.00111817329259742,0.192146277341584
-0.0260387785219112,0.966535222866107,0.00111817329259742,0.192146277341584
-0.0260387785219112,0.966535222866107,0.00111817329259742,0.192146277341584
-0.0260387785219112,0.966535222866107,0.00111817329259742,0.192146277341584
-0.0260387785219112,0.966535222866107,0.00111817329259742,0.192146277341584
-0.0260387785219112,0.966535222866107,0.00111817329259742,0.192146277341584
-0.0260387785219112,0.966535222866107,0.00111817329259742,0.192146277341584
-0.0260387785219112,0.966535222866107,0.00111817329259742,0.192146277341584
-0.0260387785219112,0.966535222866107,0.00111817329259742,0.192146277341584
-0.0260387785219112,0.966535222866107,0.00111817329259742,0.192146277341584
-0.0260387785219112,0.966535222866107,0.00111817329259742,0.192146277341584
-0.0260387785219112,0.966535222866107,0.00111817329259742,0.192146277341584
-0.0260387785219112,0.966535222866107,0.00111817329259742,0.192146277341584
-0.0260387785219112,0.966535222866107,0.00111817329259742,0.192146277341584
-0.0260387785219112,0.966535222866107,0.00111817329259742,0.192146277341584
-0.0260387785219112,0.966535222866107,0.00111817329259742,0.192146277341584
-0.0260387785219112,0.966535222866107,0.00111817329259742,0.192146277341584
-0.0260387785219112,0.966535222866107,0.00111817329259742,0.192146277341584
-0.0260387785219112,0.966535222866107,0.00111817329259742,0.192146277341584
-0.0260387785219112,0.966535222866107,0.00111817329259742,0.192146277341584
-0.0260387785219112,0.966535222866107,0.00111817329259742,0.192146277341584
-0.0260387785219112,0.966535222866107,0.00111817329259742,0.192146277341584
-0.0260387785219112,0.966535222866107,0.00111817329259742,0.192146277341584
-0.0260387785219112,0.966535222866107,0.00111817329259742,0.192146277341584
-0.0260387785219112,0.966535222866107,0.00111817329259742,0.192146277341584
-0.0260387785219112,0.966535222866107,0.00111817329259742,0.192146277341584
-0.0260387785219112,0.966535222866107,0.00111817329259742,0.192146277341584
-0.0260387785219112,0.966535222866107,0.00111817329259742,0.192146277341584
-0.0260387785219112,0.966535222866107,0.00111817329259742,0.192146277341584
-0.0260387785219112,0.966535222866107,0.00111817329259742,0.192146277341584
-0.0260387785219112,0.966535222866107,0.00111817329259742,0.192146277341584
-0.0260387785219112,0.966535222866107,0.00111817329259742,0.192146277341584
-0.0260387785219112,0.966535222866107,0.00111817329259742,0.192146277341584
-0.0260387785219112,0.966535222866107,0.00111817329259742,0.192146277341584
-0.0260387785219112,0.966535222866107,0.00111817329259742,0.192146277341584
-0.0260387785219112,0.966535222866107,0.00111817329259742,0.192146277341584
-0.0260387785219112,0.966535222866107,0.00111817329259742,0.192146277341584
-0.0260387785219112,0.966535222866107,0.00111817329259742,0.192146277341584
-0.0260387785219112,0.966535222866107,0.00111817329259742,0.192146277341584
-0.0260387785219112,0.966535222866107,0.00111817329259742,0.192146277341584
-0.0260387785219112,0.966535222866107,0.00111817329259742,0.192146277341584
-0.0260387785219112,0.966535222866107,0.00111817329259742,0.192146277341584
-0.0260387785219112,0.966535222866107,0.00111817329259742,0.192146277341584
-0.0260387785219112,0.966535222866107,0.00111817329259742,0.192146277341584
-0.0260387785219112,0.966535222866107,0.00111817329259742,0.192146277341584
-0.0260387785219112,0.966535222866107,0.00111817329259742,0.192146277341584
-0.0260387785219112,0.966535222866107,0.00111817329259742,0.192146277341584
-0.0260387785219112,0.966535222866107,0.00111817329259742,0.192146277341584
-0.0260387785219112,0.966535222866107,0.00111817329259742,0.192146277341584
-0.0260387785219112,0.966535222866107,0.00111817329259742,0.192146277341584
-0.0260387785219112,0.966535222866107,0.00111817329259742,0.192146277341584
-0.0260387785219112,0.966535222866107,0.00111817329259742,0.192146277341584
-0.0260387785219112,0.966535222866107,0.00111817329259742,0.192146277341584
-0.0260387785219112,0.966535222866107,0.00111817329259742,0.192146277341584
-0.0260387785219112,0.966535222866107,0.00111817329259742,0.192146277341584
-0.0260387785219112,0.966535222866107,0.00111817329259742,0.192146277341584
-0.0260387785219112,0.966535222866107,0.00111817329259742,0.192146277341584
-0.0260387785219112,0.966535222866107,0.00111817329259742,0.192146277341584
-0.0260387785219112,0.966535222866107,0.00111817329259742,0.192146277341584
-0.0260387785219112,0.966535222866107,0.00111817329259742,0.192146277341584
-0.0260387785219112,0.966535222866107,0.00111817329259742,0.192146277341584
-0.0260387785219112,0.966535222866107,0.00111817329259742,0.192146277341584
-0.0260387785219112,0.966535222866107,0.00111817329259742,0.192146277341584
-0.0260387785219112,0.966535222866107,0.00111817329259742,0.192146277341584
-0.0260387785219112,0.966535222866107,0.00111817329259742,0.192146277341584
-0.0260387785219112,0.966535222866107,0.00111817329259742,0.192146277341584
-0.0260387785219112,0.966535222866107,0.00111817329259742,0.192146277341584
-0.0260387785219112,0.966535222866107,0.00111817329259742,0.192146277341584
-0.0260387785219112,0.966535222866107,0.00111817329259742,0.192146277341584
-0.0260387785219112,0.966535222866107,0.00111817329259742,0.192146277341584
-0.0260387785219112,0.966535222866107,0.00111817329259742,0.192146277341584
-0.0260387785219112,0.966535222866107,0.00111817329259742,0.192146277341584
-0.0260387785219112,0.966535222866107,0.00111817329259742,0.192146277341584
-0.0260387785219112,0.966535222866107,0.00111817329259742,0.192146277341584
-0.0260387785219112,0.966535222866107,0.00111817329259742,0.192146277341584
-0.0260387785219112,0.966535222866107,0.00111817329259742,0.192146277341584
-0.0260387785219112,0.966535222866107,0.00111817329259742,0.192146277341584
-0.0260387785219112,0.966535222866107,0.00111817329259742,0.192146277341584
-0.0260387785219112,0.966535222866107,0.00111817329259742,0.192146277341584
-0.0260387785219112,0.966535222866107,0.00111817329259742,0.192146277341584
-0.0260387785219112,0.966535222866107,0.00111817329259742,0.192146277341584
-0.0260387785219112,0.966535222866107,0.00111817329259742,0.192146277341584
-0.0260387785219112,0.966535222866107,0.00111817329259742,0.192146277341584
-0.0260387785219112,0.966535222866107,0.00111817329259742,0.192146277341584
-0.0260387785219112,0.966535222866107,0.00111817329259742,0.192146277341584
-0.0260387785219112,0.966535222866107,0.00111817329259742,0.192146277341584
-0.0260387785219112,0.966535222866107,0.00111817329259742,0.192146277341584
-0.0260387785219112,0.966535222866107,0.00111817329259742,0.192146277341584
-0.0260387785219112,0.966535222866107,0.00111817329259742,0.192146277341584
-0.0260387785219112,0.966535222866107,0.00111817329259742,0.192146277341584
-0.0260387785219112,0.966535222866107,0.00111817329259742,0.192146277341584
-0.0260387785219112,0.966535222866107,0.00111817329259742,0.192146277341584
