time,FLOW,TEMP
2013-05-15,0.016112725193333143,15.73925925925926
2013-05-16,0.015021314401446618,15.332604166666666
2013-05-17,0.014026460143361586,15.2909375
2013-05-18,0.01711178440992976,14.92875
2013-05-19,0.021623280875602474,14.635833333333334
2013-05-20,0.04031010118493329,14.411145833333334
2013-05-21,0.026727352837553457,15.1925
2013-05-22,0.020517289149840655,16.028333333333332
2013-05-23,0.019665987847414752,15.696666666666667
2013-05-24,0.01869593074636495,13.911770833333334
2013-05-25,0.01618603081184777,11.80375
2013-05-26,0.014943153565435357,12.635416666666666
2013-05-27,0.014121583148643415,12.929375
2013-05-28,0.01408813006833414,14.744166666666667
2013-05-29,0.013979236250749934,16.1715625
2013-05-30,0.013149596153337145,16.783645833333335
2013-05-31,0.014282815275680935,17.0775
2013-06-01,0.013643901091086666,17.264270833333335
2013-06-02,0.017352968080543707,17.020729166666666
2013-06-03,0.015543475956484382,16.809375
2013-06-04,0.013376603789978162,16.4346875
2013-06-05,0.012269690091295478,16.085104166666667
2013-06-06,0.05566517215004455,15.290625
2013-06-07,0.046772699924964224,14.979895833333334
2013-06-08,0.03374463297529036,15.375937500000001
2013-06-09,0.024660967337296436,16.2615625
2013-06-10,0.02731297684425891,16.670985915492956
2013-06-11,0.028710610517736327,16.4075
2013-06-12,0.023428107395139525,17.12333333333333
2013-06-13,0.02201118554657755,17.885882352941177
2013-06-14,0.018284032100165847,16.368541666666665
2013-06-15,0.015971377206482826,16.3278125
2013-06-16,0.015076018755690151,16.862604166666667
2013-06-17,0.015080293389801823,17.449166666666667
2013-06-18,0.01744006764768461,17.2646875
2013-06-19,0.015134741513977763,16.8559375
2013-06-20,0.013710549687170882,17.125104166666667
2013-06-21,0.012828272649882752,17.130208333333332
2013-06-22,0.012524139373325164,16.89645833333333
2013-06-23,0.012248876796891881,17.916770833333334
2013-06-24,0.011737186629992026,18.49020833333333
2013-06-25,0.011504960217864412,18.6175
2013-06-26,0.015391993464617367,18.547395833333333
2013-06-27,0.012814706436569252,18.0553125
2013-06-28,0.011953317714179373,18.792083333333334
2013-06-29,0.011096833754791653,18.593229166666667
2013-06-30,0.011495502995664899,18.5621875
2013-07-01,0.010875959367041834,18.64270833333333
2013-07-02,0.03830946071548856,18.3971875
2013-07-03,0.07945346999833744,17.1996875
2013-07-04,0.09638212302923077,17.153958333333332
2013-07-05,0.06000023520298571,17.208020833333332
2013-07-06,0.037768212880772194,17.554270833333334
2013-07-07,0.03023174978680901,17.620833333333334
2013-07-08,0.02653923706349786,17.478749999999998
2013-07-09,0.02239240067244746,17.971770833333334
2013-07-10,0.07170901039436871,18.1771875
2013-07-11,0.07816521304818663,17.129270833333333
2013-07-12,0.05914778213914468,16.790729166666665
2013-07-13,0.043238001951311736,16.6825
2013-07-14,0.04306167286966859,17.537708333333335
2013-07-15,0.03502037093020754,17.6746875
2013-07-16,0.02956745553668179,18.103958333333335
2013-07-17,0.02650101418211067,18.505520833333332
2013-07-18,0.025055380804272047,18.5825
2013-07-19,0.023538998699055572,18.7709375
2013-07-20,0.022199266178166227,18.7459375
2013-07-21,0.02200948155219597,18.588125
2013-07-22,0.021013498034695353,18.581875
2013-07-23,0.01991479820096378,18.663333333333334
2013-07-24,0.018519700368124958,18.627604166666668
2013-07-25,0.017147325208254873,17.9178125
2013-07-26,0.016250398169440825,17.593541666666667
2013-07-27,0.017759229619655807,17.568020833333332
2013-07-28,0.01706263856184733,17.60625
2013-07-29,0.015343571243060971,17.328645833333333
2013-07-30,0.014148702154315738,16.707291666666666
2013-07-31,0.013816601584585498,16.905208333333334
2013-08-01,0.01490939621042277,17.267812499999998
2013-08-02,0.013556786523486455,17.4940625
2013-08-03,0.012791647300435026,17.391354166666666
2013-08-04,0.012467217338173799,17.697604166666668
2013-08-05,0.011212107408322567,16.975520833333334
2013-08-06,0.012174737320075348,17.588124999999998
2013-08-07,0.012252257303098762,17.799270833333335
2013-08-08,0.02114591695872167,18.187916666666666
2013-08-09,0.01711597851590485,18.665416666666665
2013-08-10,0.01343045194116897,19.023541666666667
2013-08-11,0.014597898883719339,19.004895833333332
2013-08-12,0.014080107014447245,19.02177083333333
2013-08-13,0.0131769289913475,18.65447916666667
2013-08-14,0.011631542981428412,17.52375
2013-08-15,0.010221072697525741,15.876041666666666
2013-08-16,0.01008915522644781,15.581354166666667
2013-08-17,0.010270167449455638,15.541458333333333
2013-08-18,0.01982113712532959,16.053229166666668
2013-08-19,0.01422687237797977,16.4634375
2013-08-20,0.012268593019160232,17.303541666666668
2013-08-21,0.01116138576243717,17.79489583333333
2013-08-22,0.011296292560047168,18.0490625
2013-08-23,0.0101928958005685,18.093125
2013-08-24,0.009696513216720264,17.091354166666665
2013-08-25,0.008829586350733568,16.708020833333332
2013-08-26,0.008558750546270658,16.825833333333332
2013-08-27,0.00898059059790874,17.8540625
2013-08-28,0.00948007766073221,18.305625
2013-08-29,0.009106561262822253,19.031666666666666
2013-08-30,0.008158928604449646,18.827083333333334
2013-08-31,0.008914703273937792,18.7765625
2013-09-01,0.008685036950248338,18.701249999999998
2013-09-02,0.008233672689961575,18.980104166666667
2013-09-03,0.007806352377339392,19.078333333333333
2013-09-04,0.006927117030345798,17.66319587628866
2013-09-05,0.006911889066717001,17.572708333333335
2013-09-06,0.006213613051259778,17.184895833333332
2013-09-07,0.0062343522284943045,16.513229166666665
2013-09-08,0.00657764400426238,17.436145833333335
2013-09-09,0.006287678402467164,17.939375
2013-09-10,0.012003586291376805,18.538541666666667
2013-09-11,0.023761791707894976,20.065
2013-09-12,0.02222242466525035,20.46333333333333
2013-09-13,0.021086482595722423,19.243333333333332
2013-09-14,0.020684513183864803,16.947291666666665
2013-09-15,0.020323426813426228,16.9078125
2013-09-16,0.020814196072624844,17.933854166666666
2013-09-17,0.020220586910631746,16.55645833333333
2013-09-18,0.019743760550645223,15.8034375
2013-09-19,0.01969043052389198,16.961875
2013-09-20,0.021484473957318,17.6165625
2013-09-21,0.024383370102267894,17.611666666666668
2013-09-22,0.022910139631713136,16.69708333333333
2013-09-23,0.02073149080503911,15.951145833333333
2013-09-24,0.019999554515286417,16.149479166666666
2013-09-25,0.01994960392349689,16.457291666666666
2013-09-26,0.020140825677357616,16.820208333333333
2013-09-27,0.019917142705822625,16.123333333333335
2013-09-28,0.01898010540595194,16.0453125
2013-09-29,0.019350304525654217,15.353333333333333
2013-09-30,0.018518054594119024,15.678125
2013-10-01,0.01850197164447506,16.4875
2013-10-02,0.018446221652307963,16.863229166666667
2013-10-03,0.018002817100700293,17.4284375
2013-10-04,0.01791039661689172,17.952708333333334
2013-10-05,0.017973424623731395,18.4571875
2013-10-06,0.017086738722906013,18.524583333333332
2013-10-07,0.02914835963347026,17.658854166666668
2013-10-08,0.019878368492053235,15.238958333333333
2013-10-09,0.01834027157033486,14.659062500000001
2013-10-10,0.020850863026212568,14.524583333333334
2013-10-11,0.01960913803328105,15.821770833333334
2013-10-12,0.01922392164171447,16.091666666666665
2013-10-13,0.01841584023252412,16.17125
2013-10-14,0.01900434507114353,15.874270833333334
2013-10-15,0.017822430070099544,15.2078125
2013-10-16,0.017452038839447452,15.4059375
2013-10-17,0.0173959276645449,16.00208333333333
2013-10-18,0.017769995256291006,14.284895833333334
2013-10-19,0.016615922988674255,13.939479166666667
2013-10-20,0.01722410204281388,12.521041666666667
2013-10-21,0.016523867097456072,12.4121875
2013-10-22,0.01633621348049378,13.386145833333334
2013-10-23,0.017876582728073336,12.425625
2013-10-24,0.017655406852109486,10.170625000000001
2013-10-25,0.018017009262139855,9.166041666666667
2013-10-26,0.01703769177780295,8.779583333333333
2013-10-27,0.01713695959496874,10.585104166666667
2013-10-28,0.017354700333870324,11.253854166666667
2013-10-29,0.01681622616688813,12.55875
2013-10-30,0.01661372008645126,13.120625
2013-10-31,0.015861734447396626,13.801458333333333
2013-11-01,0.017560975416697593,14.647395833333334
2013-11-02,0.018242185671378367,12.7596875
2013-11-03,0.019403621611790784,10.977500000000001
2013-11-03,0.01877994459364428,9.4975
2013-11-04,0.018348134812475724,9.242083333333333
2013-11-05,0.017729882235801065,11.223541666666668
2013-11-06,0.01923827585243073,11.350625
2013-11-07,0.02035954610508611,8.663229166666667
2013-11-08,0.019667247675203635,8.124375
2013-11-09,0.020151621779423794,8.9878125
2013-11-10,0.019579471355744588,8.268854166666667
2013-11-11,0.021199563922332347,8.094687500000001
2013-11-12,0.02127533336908007,5.592291666666667
2013-11-13,0.020264510731156704,6.143645833333333
2013-11-14,0.02023119629424237,7.185833333333333
2013-11-15,0.023163502182153413,9.375625
2013-11-16,0.019763796511632476,10.410520833333333
2013-11-17,0.02260316960637122,10.478541666666667
2013-11-18,0.02239221582256016,7.579583333333334
2013-11-19,0.021223003221143844,6.7127083333333335
2013-11-20,0.020135269274432308,7.512604166666667
2013-11-21,0.019443851784263968,9.431875
2013-11-22,0.02151391720432337,8.757916666666667
2013-11-23,0.023215494492787602,4.0642708333333335
2013-11-24,0.02149932044760453,3.674166666666667
2013-11-25,0.03669495004941392,5.157395833333333
2013-11-26,0.040510158116130554,5.852708333333333
2013-11-27,0.025276538575159997,3.524375
2013-11-28,0.021068325066660756,3.927604166666667
2013-11-29,0.01910546685409883,3.742395833333333
2013-11-30,0.018797497266746965,4.011354166666667
2013-12-01,0.018114353987776638,5.448541666666666
2013-12-02,0.018237797851099507,6.335520833333334
2013-12-03,0.017498777899097977,7.5746875
2013-12-04,0.01667354467501962,8.990833333333333
2013-12-05,0.02065349480642525,11.1946875
2013-12-06,0.033395557648153926,8.8675
2013-12-07,0.024223927773935984,5.693333333333333
2013-12-08,0.02596754053185938,5.792604166666667
2013-12-09,0.03054854505873822,6.0398958333333335
2013-12-10,0.027109067977142007,4.212083333333333
2013-12-11,0.023740619714443665,3.448125
2013-12-12,0.021558596712721353,3.1590625
2013-12-13,0.02106195395239186,4.316458333333333
2013-12-14,0.02198278511858271,4.777395833333333
2013-12-15,0.020551848044196016,4.2628125
2013-12-16,0.019702203593749756,4.817291666666667
2013-12-17,0.020632650634869795,3.5867708333333335
2013-12-18,0.018985454154859457,4.257291666666666
2013-12-19,0.018483678497579103,5.551041666666666
2013-12-20,0.01815771677180391,7.208854166666667
2013-12-21,0.019575984559295788,9.915208333333334
2013-12-22,0.043714667457475376,9.418750000000001
2013-12-23,0.032926392775396204,5.243125
2013-12-24,0.02591871384326374,2.7996875
2013-12-25,0.023258119065133497,3.1152083333333334
2013-12-26,0.021597381866428327,3.3771875
2013-12-27,0.020224504785273247,3.9583333333333335
2013-12-28,0.03738502928845471,5.8734375
2013-12-29,0.032781186622009996,5.991458333333333
2013-12-30,0.027327885876337034,4.420208333333333
2013-12-31,0.02418413515860146,3.7847916666666666
2014-01-01,0.02239503869197681,4.199375
2014-01-02,0.02668893088033039,1.4753125
2014-01-03,0.022432244107056423,1.0165625
2014-01-04,0.02142294427647728,3.3697916666666665
2014-01-05,0.02368193032436956,3.3521875
2014-01-06,0.041052302851363034,0.25135416666666666
2014-01-07,0.03369638502116751,0.2757291666666667
2014-01-08,0.021037337298038427,1.1528125
2014-01-09,0.021980964756642084,2.6828125
2014-01-10,0.03341737435705513,4.573541666666666
2014-01-11,0.03479350218160563,4.521979166666666
2014-01-12,0.027920355436551445,4.398229166666667
2014-01-13,0.026499387615640156,5.385833333333333
2014-01-14,0.025539635201784726,4.333333333333333
2014-01-15,0.02462847648995029,2.8680208333333335
2014-01-16,0.023484141850978905,3.0044791666666666
2014-01-17,0.024406927045246284,1.815625
2014-01-18,0.022830139790224784,2.3358333333333334
2014-01-19,0.022014382747209293,3.2022916666666665
2014-01-20,0.022617086708215276,2.9635416666666665
2014-01-21,0.025917336822272125,0.46749999999999997
2014-01-22,0.026128319739503515,0.3953125
2014-01-23,0.05058773469327663,0.25
2014-01-24,0.042438294640186586,0.35989583333333336
2014-01-25,0.021990904346176066,0.7429166666666667
2014-01-26,0.022309476882071848,2.0207291666666665
2014-01-27,0.024698243331664975,0.2815625
2014-01-28,0.025043656116952202,0.308125
2014-01-29,0.030062239055635133,0.289375
2014-01-30,0.020917697735637713,1.1280208333333333
2014-01-31,0.019647801329689237,2.5459375
2014-02-01,0.019629759351289914,4.186041666666666
2014-02-02,0.04371552725058645,5.1815625
2014-02-03,0.03282212749795602,4.105104166666667
2014-02-04,0.02791975681848814,4.299292929292929
2014-02-05,0.02677402416721678,3.082708333333333
2014-02-06,0.024787695619923313,2.7655208333333334
2014-02-07,0.023510107095398945,3.234375
2014-02-08,0.022888910670567832,3.9302083333333333
2014-02-09,0.023155181052564342,3.1497916666666668
2014-02-10,0.02279884448291483,2.1338541666666666
2014-02-11,0.02886437202005461,0.7429166666666667
2014-02-12,0.07990158007449628,0.20625
2014-02-13,0.02729620295873486,1.7466666666666666
2014-02-14,0.024247957264610313,2.6825
2014-02-15,0.02286193368487857,2.1107291666666668
2014-02-16,0.02164249116530328,2.4390625
2014-02-17,0.022076957964372382,3.457708333333333
2014-02-18,0.029073819833544113,4.685833333333333
2014-02-19,0.031049326266962753,4.464270833333333
2014-02-20,0.049987066210246255,5.628333333333333
2014-02-21,0.040542584372788966,5.476875
2014-02-22,0.032210126732262985,6.003020833333333
2014-02-23,0.02865601671556955,5.227083333333333
2014-02-24,0.02686962814669262,3.8669791666666664
2014-02-25,0.026500786746264188,3.7773958333333333
2014-02-26,0.0262266323976629,2.5984375
2014-02-27,0.02488357532584629,2.1917708333333334
2014-02-28,0.023637699935192727,2.8960416666666666
2014-03-01,0.02399442684342732,5.4109375
2014-03-02,0.036190390868998584,4.501875
2014-03-03,0.03191826518649625,2.380729166666667
2014-03-04,0.028429909482979392,3.9305208333333335
2014-03-05,0.02639873418548266,3.5766666666666667
2014-03-06,0.02705644979114742,3.1871875
2014-03-07,0.018835300491454453,5.688541666666667
2014-03-08,0.012886568420213157,7.0147916666666665
2014-03-10,0.012472751838498686,6.942395833333333
2014-03-11,0.012312511437682536,8.901770833333334
2014-03-12,0.012496258088893849,8.643125
2014-03-13,0.013071064681595395,4.16
2014-03-14,0.011076642816852328,4.925833333333333
2014-03-15,0.010576146808983979,7.5460416666666665
2014-03-16,0.011322055322421701,5.811770833333333
2014-03-17,0.012160804610571684,3.41375
2014-03-18,0.012191308297788002,3.9208333333333334
2014-03-19,0.012825310953349168,5.0915625
2014-03-20,0.01411767912014947,6.938854166666667
2014-03-21,0.026817919042955825,7.3732291666666665
2014-03-22,0.010122649666212326,8.459583333333333
2014-03-23,0.02433519762304991,7.070208333333333
2014-03-24,0.050083268245046365,5.26875
2014-03-25,0.006793546189991052,3.64
2014-03-26,0.04479177388691125,3.4561458333333333
2014-03-27,0.09715091072295055,4.505208333333333
2014-03-28,0.04089777235000886,6.8308333333333335
2014-03-29,0.019623110274870632,7.9058
2014-03-30,0.007881734440293128,6.471914893617021
2014-03-31,0.041991081644639765,7.441354166666667
2014-04-01,0.0402515193153273,9.654895833333333
2014-04-02,0.029633182841248436,11.52125
2014-04-03,0.02235292198399559,11.858125
2014-04-04,0.005716388676808374,11.662
2014-04-05,0.018923085162452277,10.772857142857143
2014-04-06,0.0487148190800781,9.354583333333334
2014-04-07,0.02539477101593832,8.783934426229509
2014-04-09,0.014845309374489545,10.349508196721311
2014-04-10,0.06244404199750895,10.430208333333333
2014-04-11,0.045078426461631675,11.688541666666667
2014-04-12,0.06648426995285349,12.7540625
2014-04-13,0.04824502106122425,13.694791666666667
2014-04-14,0.01833115318495165,13.476883116883117
2014-04-15,0.017617087100139973,8.8116
2014-04-16,0.12933337318675697,8.717291666666666
2014-04-17,0.20138929960440669,9.141979166666667
2014-04-18,0.1423229983233517,9.104166666666666
2014-04-19,0.08588880893212925,10.23
2014-04-20,0.10422354330368332,11.504375
2014-04-21,0.04561144460535814,12.0190625
2014-04-22,0.0020876190012844497,11.671818181818182
2014-04-23,0.005895891215200698,13.17896551724138
2014-04-24,0.02953404721324135,11.850208333333333
2014-04-25,0.0071909264939142075,10.984222222222222
2014-04-26,0.004039640674365161,13.285625
2014-04-27,0.014669496859554744,14.4165625
2014-04-28,0.06205114897073492,12.522291666666668
2014-04-29,0.09794653610345176,11.991458333333334
2014-04-30,0.09896688890486331,12.647083333333333
2014-05-01,0.09982277250961581,13.3715625
2014-05-02,0.09452714374440059,13.032708333333334
2014-05-03,0.09350719391690865,13.284791666666667
2014-05-04,0.09372343137843193,13.635
2014-05-05,0.09264049337306822,13.64625
2014-05-06,0.09420926964866894,13.990729166666666
2014-05-07,0.09543436416175487,14.5121875
2014-05-08,0.0963451725077985,14.9453125
2014-05-09,0.09623184594102166,15.022916666666667
2014-05-10,0.09544440357572669,14.8109375
2014-05-11,0.09454784865657646,15.122708333333334
2014-05-12,0.09478203389180331,15.514479166666666
2014-05-13,0.09592115063011118,15.78875
2014-05-14,0.09415083163697983,15.9109375
2014-05-15,0.10613057241170015,15.604166666666666
2014-05-16,0.110219633636853,14.666041666666667
2014-05-17,0.0995200703675653,14.6703125
2014-05-18,0.09704965099757071,15.111666666666666
2014-05-19,0.09602750976559535,15.450729166666667
2014-05-20,0.09560310111674909,16.0796875
2014-05-21,0.09662577191382452,16.810624999999998
2014-05-22,0.09605640118901451,17.164166666666667
2014-05-23,0.0945887182292545,16.9421875
2014-05-24,0.09402134044274414,16.764479166666668
2014-05-25,0.09398321538445982,17.144270833333334
2014-05-26,0.0953827658731796,17.6025
2014-05-27,0.09838632032589338,18.018541666666668
2014-05-28,0.10002530233123609,18.1821875
2014-05-29,0.09879082651108859,17.901041666666668
2014-05-30,0.09920909682214121,18.0825
2014-05-31,0.09953198589582937,18.084270833333335
2014-06-01,0.09806545845456102,17.897291666666668
2014-06-02,0.09937307333746763,18.2025
2014-06-03,0.09998762018146592,18.613595505617976
2014-06-04,0.1023812414338358,19.010416666666668
2014-06-05,0.1013865540100312,19.0553125
2014-06-06,0.09914305239322868,18.951458333333335
2014-06-07,0.09746948271962311,19.3553125
2014-06-08,0.09702605345117675,19.663125
2014-06-09,0.09677816368239157,19.964895833333333
2014-06-10,0.09691621117949245,20.376979166666665
2014-06-11,0.1010426330355581,20.4065625
2014-06-12,0.10078082470467714,20.2671875
2014-06-13,0.09785001894851542,20.536875
2014-06-14,0.09739736509618441,20.521041666666665
2014-06-15,0.094933806589481,20.785520833333333
2014-06-16,0.09569022917797945,21.501875
2014-06-17,0.09684644699222864,21.78625
2014-06-18,0.09719251574447461,22.007916666666667
2014-06-19,0.09664958465638815,22.1715625
2014-06-20,0.09713661075643788,22.141354166666666
2014-06-21,0.09674018602920063,22.125
2014-06-22,0.09348283455618495,22.19375
2014-06-23,0.09158709133554772,22.246041666666667
2014-06-24,0.0939848350542296,22.839791666666667
2014-06-25,0.09644480191708166,23.441979166666666
2014-06-26,0.09626460612639945,23.4996875
2014-06-27,0.09625920681505161,23.639583333333334
2014-06-28,0.09650527339628534,23.659166666666668
2014-06-29,0.0966402177332882,22.94875
2014-06-30,0.09654437119221304,23.36375
2014-07-01,0.09661800397134347,24.0409375
2014-07-02,0.09770596177676646,24.418020833333333
2014-07-03,0.11162952090506409,23.580729166666668
2014-07-04,0.10221864643556783,22.755
2014-07-05,0.09804964543881277,22.492291666666667
2014-07-06,0.09676909081969426,22.820520833333333
2014-07-07,0.09704203611780009,23.4103125
2014-07-08,0.0969814649303862,23.7153125
2014-07-09,0.09785844209747314,23.536145833333332
2014-07-10,0.09683960614683712,23.4771875
2014-07-11,0.0981564380983088,23.464270833333334
2014-07-12,0.09615844579919769,23.92375
2014-07-13,0.09582205072180405,24.133229166666666
2014-07-14,0.0960629900481168,24.360416666666666
2014-07-15,0.09611129166193472,23.911354166666666
2014-07-16,0.09445248040120524,23.0834375
2014-07-17,0.0942365564398,22.742916666666666
2014-07-18,0.09271080788595089,22.883645833333333
2014-07-19,0.09280524035453257,22.813854166666665
2014-07-20,0.09355969308376716,22.820833333333333
2014-07-21,0.09389310556916051,23.07875
2014-07-22,0.09056059913053824,23.620416666666667
2014-07-23,0.08786157046667487,24.367083333333333
2014-07-24,0.09315775523648304,23.899166666666666
2014-07-25,0.09877563432487585,23.169791666666665
2014-07-26,0.08909664858949046,24.414166666666667
2014-07-27,0.08861658199756783,24.498958333333334
2014-07-28,0.08774508795282342,23.291666666666668
2014-07-29,0.08699549703342799,22.254583333333333
2014-07-30,0.08719869808649625,22.01875
2014-07-31,0.08756562003877533,22.503541666666667
2014-08-01,0.08861692912308262,22.155416666666667
2014-08-02,0.08823272127768977,21.729166666666668
2014-08-03,0.08828085224727845,22.116979166666667
2014-08-04,0.08700520338758261,22.566404494382024
2014-08-05,0.08700638451634107,23.426770833333332
2014-08-06,0.08711569773208397,23.606458333333332
2014-08-07,0.08666282910422389,23.746145833333333
2014-08-08,0.08704616159721745,23.394375
2014-08-09,0.09825607112366623,21.645208333333333
2014-08-10,0.09318999437867319,21.230729166666666
2014-08-11,0.09772705186054688,20.972604166666667
2014-08-12,0.12015078595556317,20.30708333333333
2014-08-13,0.09898943698149412,20.608020833333335
2014-08-14,0.09189606411627751,20.58
2014-08-15,0.09090713149653518,21.18989583333333
2014-08-16,0.09038096213443614,21.38083333333333
2014-08-17,0.09056918221703884,21.9028125
2014-08-18,0.09146290404441888,22.0665625
2014-08-19,0.09052395501900383,22.192916666666665
2014-08-20,0.08765877090608791,22.6796875
2014-08-21,0.08721169763710998,23.3053125
2014-08-22,0.08411650319243327,23.129166666666666
2014-08-23,0.07666532805837369,23.019791666666666
2014-08-24,0.1028500610644315,21.748958333333334
2014-08-25,0.09212356330404389,21.597395833333334
2014-08-26,0.08775284007813823,21.820416666666667
2014-08-27,0.08509398213868788,22.302812499999998
2014-08-28,0.07722003955470204,23.203645833333333
2014-08-29,0.05369597591476738,22.160729166666666
2014-08-30,0.05050909272015537,23.101145833333334
2014-08-31,0.04782902902463897,23.604270833333334
2014-09-01,0.04533006092024035,23.8865625
2014-09-02,0.04425519688218169,23.961875
2014-09-03,0.04678739461226826,23.5584375
2014-09-04,0.047030851298218136,23.589270833333334
2014-09-05,0.04710288765210116,23.492604166666666
2014-09-06,0.04708257823594833,23.603749999999998
2014-09-07,0.04718755675301954,22.67625
2014-09-08,0.045920106063952346,21.461770833333333
2014-09-09,0.045101178547571084,21.145833333333332
2014-09-10,0.044192794636931335,21.3665625
2014-09-11,0.04383808955978865,21.751145833333332
2014-09-12,0.04466220350464058,21.5240625
2014-09-13,0.04510217227980368,20.3921875
2014-09-14,0.04175105305272348,19.06625
2014-09-15,0.04160369335981069,19.380625
2014-09-16,0.04046770819433637,19.848229166666666
2014-09-17,0.038996963275657395,19.027083333333334
2014-09-18,0.035816866978778,19.073958333333334
2014-09-19,0.034700153085147505,18.940208333333334
2014-09-20,0.03379533590705067,18.936979166666667
2014-09-21,0.03160801374757874,19.317083333333333
2014-09-22,0.02859354441961309,18.143229166666668
2014-09-23,0.02689748135382348,16.654166666666665
2014-09-24,0.0267084876669442,16.585729166666667
2014-09-25,0.026037863272287562,17.6071875
2014-09-26,0.025146305687788893,18.035625
2014-09-27,0.02479097372604393,17.640520833333333
2014-09-28,0.023926214502701406,17.605625
2014-09-29,0.0237080808206498,18.122083333333332
2014-09-30,0.024094548067342236,18.305520833333333
2014-10-01,0.023172815108484027,18.426354166666666
2014-10-02,0.02273096391398418,18.6478125
2014-10-03,0.023033548156407135,18.874895833333333
2014-10-04,0.023035518934176765,16.27032258064516
2014-10-05,0.02165710695912037,13.790416666666667
2014-10-06,0.020953397249107702,14.395312500000001
2014-10-07,0.023986070073428012,15.5015625
2014-10-08,0.028687485353970785,16.175
2014-10-09,0.02570339342001441,15.62875
2014-10-10,0.024702318837366278,16.213645833333334
2014-10-11,0.025086276994727902,16.416354166666668
2014-10-12,0.030502342514274763,15.077083333333334
2014-10-13,0.03166622051879638,15.420520833333333
2014-10-14,0.03417830682748173,17.046041666666667
2014-10-15,0.053909639499622485,16.646354166666665
2014-10-16,0.043834667166722775,15.6071875
2014-10-17,0.03965838798239793,15.538020833333334
2014-10-18,0.03766479896018797,15.430208333333333
2014-10-19,0.036761435080177415,13.756145833333333
2014-10-20,0.03552198230439736,13.743645833333334
2014-10-21,0.031719230903756,14.076875000000001
2014-10-22,0.03047376071617964,12.814375
2014-10-23,0.027357311131710797,12.2071875
2014-10-24,0.020979514618782943,12.175208333333334
2014-10-25,0.02034668532531007,12.3653125
2014-10-26,0.01634797561925356,12.962083333333334
2014-10-27,0.009043966720670616,12.350312500000001
2014-10-28,0.008251382263784272,13.819375
2014-10-29,0.006633830278795099,13.916458333333333
2014-10-30,0.005835352431175141,11.560416666666667
2014-10-31,0.006094744124290162,10.145104166666666
2014-11-01,0.009605491229184889,9.664375
2014-11-02,0.006149969032487049,7.5496875
2014-11-02,0.005161365752737773,7.8675
2014-11-03,0.004947014359377493,9.860208333333333
2014-11-04,0.004691134741373019,11.109791666666666
2014-11-05,0.005149238146602713,11.738645833333333
2014-11-06,0.004932467496688862,9.39125
2014-11-07,0.005448574026537519,7.680729166666667
2014-11-08,0.005455000762504296,8.725625
2014-11-09,0.0055109746847416385,8.9634375
2014-11-10,0.005475810467784422,9.351875
2014-11-11,0.005389677034718047,10.163020833333334
2014-11-12,0.004900404723107586,8.575416666666667
2014-11-13,0.005694478403117266,5.4078125
2014-11-14,0.005512333558746444,3.769270833333333
2014-11-15,0.005109372554357756,5.237604166666666
2014-11-16,0.009083889862073856,6.372395833333333
2014-11-17,0.007632857111009805,2.8111458333333332
2014-11-18,0.006453284751222725,1.6801041666666667
2014-11-19,0.005975670089022882,3.2854166666666664
2014-11-20,0.006325828587954007,2.857291666666667
2014-11-21,0.006388951257329324,2.7788541666666666
2014-11-22,0.007433257020164231,4.593854166666667
2014-11-23,0.01313803887202768,8.668645833333333
2014-11-24,0.007930451118068078,8.43875
2014-11-25,0.021513864347551766,6.642083333333333
2014-11-26,0.015312472894034446,5.988645833333333
2014-11-27,0.011321499307498104,4.274791666666666
2014-11-28,0.009122276565065882,4.3453125
2014-11-29,0.007879658621487526,5.7978125
2014-11-30,0.007143953083255357,7.958020833333333
2014-12-01,0.013302998227452689,7.386875
2014-12-02,0.011725329766001021,7.189166666666667
2014-12-03,0.010529644534843194,6.846979166666666
2014-12-04,0.011041060346906651,6.4465625
2014-12-05,0.011322183716403877,7.406666666666666
2014-12-06,0.011705592367839279,6.339166666666666
2014-12-07,0.011361371571880984,4.617708333333334
2014-12-08,0.012023192635449188,5.412395833333333
2014-12-09,0.011679165829512518,4.836129032258064
2014-12-10,0.012134634894007642,3.1317708333333334
2014-12-11,0.011674690988467691,3.6805208333333335
2014-12-12,0.011295814335152154,4.151354166666667
2014-12-13,0.012367015557690245,4.366875
2014-12-14,0.01104578092723312,4.600520833333333
2014-12-15,0.010657188890594173,5.746041666666667
2014-12-16,0.010097321240008712,6.143409090909091
2014-12-17,0.014823619135127886,4.712340425531915
2014-12-18,0.015259996562085742,3.859583333333333
2014-12-19,0.015013060610778796,3.6425
2014-12-20,0.014503569793068658,4.54375
2014-12-21,0.015496377579425845,4.4746875
2014-12-22,0.01622534073842529,5.264583333333333
2014-12-23,0.022478919573133957,6.5642708333333335
2014-12-24,0.022527222209230858,6.2715625
2014-12-25,0.021035344127592122,4.8725
2014-12-26,0.02023967075950416,5.685104166666666
2014-12-27,0.019532070715260537,6.948854166666667
2014-12-28,0.02136242658717735,6.51375
2014-12-29,0.029069592238740814,4.872916666666667
2014-12-30,0.09093026104427546,3.838020833333333
2014-12-31,0.09040113230618313,3.6240625
2015-01-01,0.0888909207536801,4.2472916666666665
2015-01-02,0.08949336565868862,4.424375
2015-01-03,0.08953427542623371,5.194791666666666
2015-01-04,0.08952127079815723,3.974270833333333
2015-01-05,0.08822949018174037,3.4604166666666667
2015-01-06,0.09041868052787938,2.395625
2015-01-07,0.09071704971478198,0.9229166666666667
2015-01-08,0.08609297993204557,1.5539583333333333
2015-01-09,0.08697568973018913,1.1620833333333334
2015-01-10,0.08523264992923972,1.6110416666666667
2015-01-11,0.08573016105407552,2.7002083333333333
2015-01-12,0.08491613475486724,2.5594791666666667
2015-01-13,0.08560998776488739,2.2655208333333334
2015-01-14,0.08530504757409098,2.2944791666666666
2015-01-15,0.08452490351673643,2.5855208333333333
2015-01-16,0.08367058924818492,2.7126041666666665
2015-01-17,0.08300869397945103,3.221458333333333
2015-01-18,0.08259629863533224,3.3734375
2015-01-19,0.08330850401628165,3.690208333333333
2015-01-20,0.08208332829551437,3.859583333333333
2015-01-21,0.08277813950046753,3.674375
2015-01-22,0.08389081959044017,3.464375
2015-01-23,0.08598919819331943,3.568645833333333
2015-01-24,0.08346085654067675,3.724270833333333
2015-01-25,0.08367469307360202,3.8597916666666667
2015-01-26,0.08566717632768497,2.686354166666667
2015-01-27,0.08135713773248197,2.185625
2015-01-28,0.06514786087953253,2.4334375
2015-01-29,0.056318369365728205,2.6922916666666667
2015-01-30,0.05135935641555258,1.8480208333333332
2015-01-31,0.04335823697737142,2.9885416666666664
2015-02-01,0.04510140293818054,3.4695833333333335
2015-02-02,0.04601492462289358,1.8820833333333333
2015-02-03,0.039327639965425945,2.6597916666666666
2015-02-04,0.040708762407938866,2.2542708333333334
2015-02-05,0.03753897896272977,1.20375
2015-02-06,0.03222446025774519,2.5591666666666666
2015-02-07,0.030959626836255544,3.873125
2015-02-08,0.030556593749231295,5.3540625
2015-02-09,0.03200002020984165,4.779166666666667
2015-02-10,0.031212105923832698,3.822604166666667
2015-02-11,0.03097341162047956,3.42
2015-02-12,0.0331590705404562,1.1182291666666666
2015-02-13,0.030606449487285695,1.7892708333333334
2015-02-14,0.042668454564356605,0.255625
2015-02-15,0.03714996896328848,0.19
2015-02-16,0.043734759385389274,0.4615625
2015-02-17,0.03284678762428615,0.9208333333333333
2015-02-18,0.0351644732578306,0.3564583333333333
2015-02-19,0.030816122174927067,0.31895833333333334
2015-02-20,0.033409608318154975,0.485
2015-02-21,0.03866193145804862,1.700625
2015-02-22,0.0372665398135101,2.1602083333333333
2015-02-23,0.035446743045415625,1.2808333333333333
2015-02-24,0.03367470874342895,1.8365625
2015-02-25,0.033752503107591196,2.194166666666667
2015-02-26,0.033324595713069415,2.1255208333333333
2015-02-27,0.03309190293256699,1.4679166666666668
2015-02-28,0.03228540922022601,2.065208333333333
2015-03-01,0.035353902449758466,3.4575
2015-03-02,0.035469125075934194,2.6309375
2015-03-03,0.043286877883300476,3.8003125
2015-03-04,0.0863243722134745,2.975416666666667
2015-03-05,0.1000444772007905,2.3116666666666665
2015-03-06,0.09233524099860695,3.0828125
2015-03-07,0.08873934771989836,4.001145833333333
2015-03-09,0.0882584757918078,4.6165625
2015-03-10,0.08661528579508104,4.773333333333333
2015-03-11,0.08554720855436387,5.188541666666667
2015-03-12,0.0825468834633435,5.107916666666666
2015-03-13,0.07906607346063081,4.6120833333333335
2015-03-14,0.08461025751539167,5.39625
2015-03-15,0.08581655462201838,6.1434375
2015-03-16,0.08117736437224111,6.7335416666666665
2015-03-17,0.07846280912902162,7.3289583333333335
2015-03-18,0.07272061865464044,6.543125
2015-03-19,0.0650542421908465,6.0694791666666665
2015-03-20,0.07477661434757972,6.3029166666666665
2015-03-21,0.07062944954742559,7.772395833333333
2015-03-22,0.06431190348396428,8.450416666666667
2015-03-23,0.058252325079797905,8.6159375
2015-03-24,0.05513862305451446,8.4740625
2015-03-25,0.05355993265091619,8.336145833333333
2015-03-26,0.05610919591797272,10.571145833333334
2015-03-27,0.09224369035650067,9.192083333333333
2015-03-28,0.09322074101210463,7.254583333333334
2015-03-29,0.08541684006748766,7.167708333333334
2015-03-30,0.08122228528436674,8.392708333333333
2015-03-31,0.07744489384041747,8.940722891566265
2015-04-01,0.06953606716678432,9.544479166666667
2015-04-02,0.06287001819059694,10.3721875
2015-04-03,0.0604447888212656,11.653333333333334
2015-04-04,0.05951277170140655,11.213541666666666
2015-04-05,0.051887418619187733,10.3578125
2015-04-06,0.046257589830019166,11.835520833333334
2015-04-07,0.05121504195981331,13.253020833333334
2015-04-08,0.052987901473929955,14.4003125
2015-04-09,0.06511770577550162,14.337083333333334
2015-04-10,0.0644897911374113,14.241770833333334
2015-04-11,0.05956244433055273,13.759583333333333
2015-04-12,0.054583148691341725,13.318541666666667
2015-04-13,0.05376638206783106,14.249791666666667
2015-04-14,0.06144684592668493,14.748333333333333
2015-04-15,0.07384990327305962,13.743020833333334
2015-04-16,0.07269154804378537,13.359166666666667
2015-04-17,0.0742470395856503,15.071354166666667
2015-04-18,0.07132154480590686,16.527395833333333
2015-04-19,0.0752066752798684,16.1440625
2015-04-20,0.1279950585930251,15.166666666666666
2015-04-21,0.09831863544989661,14.701145833333333
2015-04-22,0.09314595612897725,14.372916666666667
2015-04-23,0.09041972023759787,13.584895833333334
2015-04-24,0.08919305312236897,13.0871875
2015-04-25,0.08885418730507663,12.413125
2015-04-26,0.09005609015630599,11.956979166666667
2015-04-27,0.08886299333876607,12.270104166666666
2015-04-28,0.08713734811725585,12.755416666666667
2015-04-29,0.08554201567539155,13.770104166666666
2015-04-30,0.08450618399506003,14.319479166666667
2015-05-01,0.08811977520763187,13.9259375
2015-05-02,0.08537752868893227,14.296875
2015-05-03,0.08293138068022848,15.085104166666667
2015-05-04,0.0808785018078571,16.301354166666666
2015-05-05,0.07941620923825293,17.58
2015-05-06,0.07581780239513343,18.5209375
2015-05-07,0.07250905041733753,19.0640625
2015-05-08,0.06998784951627583,19.5578125
2015-05-09,0.06561641479272003,20.067291666666666
2015-05-10,0.06220785484711617,20.413020833333334
2015-05-11,0.06018314518206166,21.004270833333333
2015-05-12,0.05751020347393288,21.287395833333335
2015-05-13,0.052652434660383454,18.983125
2015-05-14,0.04872255308482762,17.567708333333332
2015-05-15,0.047033989421578166,18.302291666666665
2015-05-16,0.04743738934588729,19.608333333333334
2015-05-17,0.046234446795653354,20.561770833333334
2015-05-18,0.050208777225305416,20.873645833333335
2015-05-19,0.05270334162414616,21.246979166666666
2015-05-20,0.04823342326396297,20.159791666666667
2015-05-21,0.04605961008776434,18.501875
2015-05-22,0.045116467077699125,17.307916666666667
2015-05-23,0.04233813483160007,17.500104166666667
2015-05-24,0.04072941556676245,18.338541666666668
2015-05-25,0.038856442795596975,19.147083333333335
2015-05-26,0.03771020896667713,19.917604166666667
2015-05-27,0.036808610126712236,20.8603125
2015-05-28,0.03537841798906102,21.146666666666665
2015-05-29,0.033905126087367836,21.396979166666668
2015-05-30,0.03292393430636588,21.58125
2015-05-31,0.032971905939403745,21.720416666666665
2015-06-01,0.03736281472302282,21.777708333333333
2015-06-02,0.044556099775600204,21.514583333333334
2015-06-03,0.06208059092574128,20.11145833333333
2015-06-04,0.06190358689263635,19.724479166666665
2015-06-05,0.059729772253087475,20.069895833333334
2015-06-06,0.05511001737748512,21.053124999999998
2015-06-07,0.049639203495682835,21.18208333333333
2015-06-08,0.059224182907274006,21.16451219512195
2015-06-09,0.07034179960593238,21.506666666666668
2015-06-10,0.06270244922260061,21.91229166666667
2015-06-11,0.056554197256998846,22.872604166666665
2015-06-12,0.051457480253892615,23.514479166666668
2015-06-13,0.04910513764324722,23.7740625
2015-06-14,0.04747968064533554,23.711041666666667
2015-06-15,0.04541511247867087,24.20552083333333
2015-06-16,0.04221326957294374,24.478749999999998
2015-06-17,0.04203149427936879,24.051041666666666
2015-06-18,0.05533638035599716,23.880625
2015-06-19,0.05221948976139734,23.986979166666668
2015-06-20,0.04770417931493384,24.240416666666665
2015-06-21,0.04550189346551197,24.295416666666668
2015-06-22,0.04137279485586004,24.233645833333334
2015-06-23,0.038511483432355095,24.779791666666668
2015-06-24,0.0331995951046211,24.279479166666665
2015-06-25,0.02929231879279727,23.785729166666666
2015-06-26,0.029414540270658575,23.848020833333333
2015-06-27,0.03509042090365505,23.208854166666665
2015-06-28,0.032624955258130986,21.5903125
2015-06-29,0.02823517521185037,20.847604166666667
2015-06-30,0.027024685516548567,21.558541666666667
2015-07-01,0.028020736988314282,21.581041666666668
2015-07-02,0.02634266063523448,21.801770833333332
2015-07-03,0.026098146339071697,21.0909375
2015-07-04,0.02777437198544154,21.456666666666667
2015-07-05,0.028675557665882603,21.621145833333333
2015-07-06,0.04475741850731605,21.899895833333332
2015-07-07,0.04428815237084398,22.565520833333334
2015-07-08,0.04080000083793093,22.990520833333335
2015-07-09,0.039414830275623126,23.328333333333333
2015-07-10,0.03347880942803052,23.491770833333334
2015-07-11,0.03126526004414091,23.243645833333332
2015-07-12,0.02854247833548011,23.040208333333332
2015-07-13,0.07151285637544233,22.798541666666665
2015-07-14,0.07050216425475642,23.7203125
2015-07-15,0.05830344127688631,23.434375
2015-07-16,0.047807780758720025,23.353229166666665
2015-07-17,0.042842562968076876,23.3140625
2015-07-18,0.04207972566053257,24.042395833333334
2015-07-19,0.04181563217323492,24.823020833333334
2015-07-20,0.03862061638379294,25.03333333333333
2015-07-21,0.033628234852019635,24.597291666666667
2015-07-22,0.028855070119497162,23.623541666666668
2015-07-23,0.02571135447997792,22.884375
2015-07-24,0.024393884737113188,23.147916666666667
2015-07-25,0.023013872221323284,23.2734375
2015-07-26,0.021763301006484662,23.493125
2015-07-27,0.020634372819644045,23.655729166666667
2015-07-28,0.025548654396768643,23.742604166666666
2015-07-29,0.026204756487246395,23.875729166666666
2015-07-30,0.02473383093994757,24.212604166666665
2015-07-31,0.022308182405330217,22.924270833333335
2015-08-01,0.020064084128603884,22.422916666666666
2015-08-02,0.01804951945282174,21.574375
2015-08-03,0.016471544233946648,21.653111111111112
2015-08-04,0.015463182215035716,22.71708333333333
2015-08-05,0.014603909390131762,22.896979166666668
2015-08-06,0.01343119227490208,22.21875
2015-08-07,0.013479431663196678,21.226979166666666
2015-08-08,0.012953305406070984,21.253020833333334
2015-08-09,0.01207123122673544,21.585208333333334
2015-08-10,0.012629440460572284,21.715416666666666
2015-08-11,0.02789532822513403,22.256666666666668
2015-08-12,0.023099994054946785,21.875
2015-08-13,0.021502275813028736,21.290104166666666
2015-08-14,0.020274041959022892,21.467395833333335
2015-08-15,0.0192136795410087,22.124791666666667
2015-08-16,0.018364023111541904,22.343020833333334
2015-08-17,0.017225149492435452,22.631145833333335
2015-08-18,0.016187869863998585,22.661041666666666
2015-08-19,0.016325068122350187,22.898645833333333
2015-08-20,0.01583020031586591,22.872291666666666
2015-08-21,0.014462752979637413,21.567083333333333
2015-08-22,0.012979192930738875,20.753125
2015-08-23,0.01219111486200109,21.106354166666666
2015-08-24,0.011620530666395814,21.918333333333333
2015-08-25,0.009633047972570606,20.4284375
2015-08-26,0.010584505818499908,19.302962962962962
2015-08-27,0.011739750869240725,18.7825
2015-08-28,0.011123757910010638,19.312395833333333
2015-08-29,0.010451632639677435,19.5759375
2015-08-30,0.009874701857002356,19.880625
2015-08-31,0.009633918463376643,20.237604166666667
2015-09-01,0.009386669889599665,20.65052083333333
2015-09-02,0.008825179204310939,21.17770833333333
2015-09-03,0.008084539965029378,20.8871875
2015-09-04,0.013488033720540405,20.783958333333334
2015-09-05,0.016315939862122934,21.14270833333333
2015-09-06,0.015581053507557141,20.976666666666667
2015-09-07,0.0144662736728791,20.825104166666666
2015-09-08,0.013790433654828361,21.341041666666666
2015-09-09,0.012899783569207218,21.672708333333333
2015-09-10,0.012330443042249454,21.598958333333332
2015-09-11,0.011814090074879692,20.510729166666668
2015-09-12,0.010718555590059282,19.84177083333333
2015-09-13,0.009255557072701703,16.702708333333334
2015-09-14,0.007372291687188836,15.360416666666667
2015-09-15,0.006218891943525593,16.2759375
2015-09-16,0.00558550856991464,16.8884375
2015-09-17,0.005269549872401559,17.149895833333332
2015-09-18,0.004808326395506343,17.445833333333333
2015-09-19,0.004385262455558393,17.828333333333333
2015-09-20,0.0038273388470163507,18.585729166666667
2015-09-21,0.01620940243957399,16.8759375
2015-09-22,0.025831201780617066,17.4196875
2015-09-23,0.021568220961235316,17.863645833333333
2015-09-24,0.01999942273053322,17.743125
2015-09-25,0.01888324050401707,17.600104166666668
2015-09-26,0.03330142280384583,17.227708333333332
2015-09-27,0.06428247395852979,17.362916666666667
2015-09-28,0.06676168510724,18.598020833333333
2015-09-29,0.1245435235322176,18.778229166666666
2015-09-30,0.09397869353701331,19.248854166666668
2015-10-01,0.07986412548043732,18.516041666666666
2015-10-02,0.08590151576028048,16.947708333333335
2015-10-03,0.1066427865830958,15.718645833333333
2015-10-04,0.09446778039121854,16.045729166666668
2015-10-05,0.08395143599618271,16.05645833333333
2015-10-06,0.07775537795788523,16.210625
2015-10-07,0.07659126538482072,17.0271875
2015-10-08,0.07582656612624339,17.6175
2015-10-09,0.0757905823622346,18.081770833333334
2015-10-10,0.07559581369073966,17.2240625
2015-10-11,0.07585545891197946,16.609166666666667
2015-10-12,0.07586318170499906,16.867916666666666
2015-10-13,0.07556098825223448,17.165104166666666
2015-10-14,0.07494712304547133,16.6559375
2015-10-15,0.07865713554852051,16.026354166666668
2015-10-16,0.07959611940713818,15.824166666666667
2015-10-17,0.07985266430203926,14.620416666666667
2015-10-18,0.08044958154037116,13.539270833333333
2015-10-19,0.07786332592972135,13.2615625
2015-10-20,0.07521008795313136,13.7884375
2015-10-21,0.06846084156112463,14.270520833333334
2015-10-22,0.061461486341183494,14.630104166666667
2015-10-23,0.05332041775024253,15.342291666666666
2015-10-24,0.04383010967146477,14.771875
2015-10-25,0.04001851173428149,14.878854166666667
2015-10-26,0.035940314947379606,13.6290625
2015-10-27,0.040294300918658696,12.571770833333334
2015-10-28,0.10135932934967674,13.7321875
2015-10-29,0.08760223274173302,14.008958333333334
2015-10-30,0.07713403357747238,12.907395833333334
2015-10-31,0.07856083292347647,12.422608695652174
2015-11-01,0.07968588273531452,13.3921875
2015-11-01,0.07570116279596158,13.655625
2015-11-02,0.07494731363318208,13.924166666666666
2015-11-03,0.06903206449630508,14.448958333333334
2015-11-04,0.06719753243942922,15.123958333333334
2015-11-05,0.06244462755065467,15.90375
2015-11-06,0.05888592993086482,15.484479166666667
2015-11-07,0.053299014151839685,12.86125
2015-11-08,0.0574349881743525,11.814270833333333
2015-11-09,0.08092794636324775,12.980833333333333
2015-11-10,0.0770301239494862,12.445520833333333
2015-11-11,0.07245449986128835,12.600729166666667
2015-11-12,0.06925818732003708,11.312291666666667
2015-11-13,0.06388774141249393,10.1634375
2015-11-14,0.05628245788514235,10.100208333333333
2015-11-15,0.05136930677039562,10.400520833333333
2015-11-16,0.04798847393492163,10.793541666666666
2015-11-17,0.047859695220553417,11.0525
2015-11-18,0.09406343357176694,12.190416666666668
2015-11-19,0.08975700727061528,10.2734375
2015-11-20,0.08381211962557125,9.3925
2015-11-21,0.08063005020655084,9.106770833333334
2015-11-22,0.07761338547432614,8.0017708333333335
2015-11-23,0.07371526985221195,8.022395833333334
2015-11-24,0.07085409807878992,8.005520833333334
2015-11-25,0.06140105830245179,8.604166666666666
2015-11-26,0.05785564764349708,9.225833333333334
2015-11-27,0.05437666330896554,9.798541666666667
2015-11-28,0.05154189102735279,10.547916666666667
2015-11-29,0.05708952116612277,9.4428125
2015-11-30,0.09088071788563541,9.1892708333333335
2015-12-01,0.09977048104948912,9.983645833333334
2015-12-02,0.09218789767859135,8.430416666666666
2015-12-03,0.08713153595756201,7.683229166666667
2015-12-04,0.08389189491311297,7.659270833333333
2015-12-05,0.08240374040015072,7.561770833333333
2015-12-06,0.08235360936646277,7.908854166666667
2015-12-07,0.0812311102170433,7.721041666666666
2015-12-08,0.07821627252274707,7.803125
2015-12-09,0.07772336713184738,8.258854166666667
2015-12-10,0.07540616677394012,8.719270833333333
2015-12-11,0.07350575103260151,9.62875
2015-12-12,0.06985198977180285,10.174895833333334
2015-12-13,0.06799064674632921,10.943541666666667
2015-12-14,0.06863062048510969,10.2803125
2015-12-15,0.0644147746449093,9.22125
2015-12-16,0.06898233389989207,9.580833333333333
2015-12-17,0.07293119094505869,8.473125
2015-12-18,0.06912999337906939,6.5746875
2015-12-19,0.06445745538362149,6.549166666666666
2015-12-20,0.061484464355027996,7.0665625
2015-12-21,0.06166641961416323,8.144583333333333
2015-12-22,0.0690477968750152,9.054895833333333
2015-12-23,0.08583135765700432,10.2396875
2015-12-24,0.08665503840630971,10.711458333333333
2015-12-25,0.08235080084704073,10.983645833333334
2015-12-26,0.0818598863432656,11.471562500000001
2015-12-27,0.08034412646307951,10.855104166666667
2015-12-28,0.08590846314134705,10.034375
2015-12-29,0.08425205520505116,10.375416666666666
2015-12-30,0.08374774729708931,10.1334375
2015-12-31,0.08294769895931163,8.448333333333334
2016-01-01,0.08349300807983345,7.055833333333333
2016-01-02,0.08124146662666241,6.6883333333333335
2016-01-03,0.08195816226062766,5.868333333333333
2016-01-04,0.07810679308633581,4.6828125
2016-01-05,0.07350022311066012,4.2863541666666665
2016-01-06,0.0695134960149268,4.624375
2016-01-07,0.06736169082975932,5.131770833333333
2016-01-08,0.06643054074028718,5.79125
2016-01-09,0.08082755697866534,6.014479166666667
2016-01-10,0.08073889338163637,3.9266129032258066
2016-06-09,0.04346973990804563,20.13576923076923
2016-06-10,0.04227524024189922,20.346041666666665
2016-06-11,0.04223563086533093,21.6371875
2016-06-12,0.040889685083205604,22.263229166666665
2016-06-13,0.037516125569095955,20.672083333333333
2016-06-14,0.0346873141784013,20.8621875
2016-06-15,0.04129995248599612,21.393125
2016-06-16,0.05751000693335636,22.418958333333332
2016-06-17,0.0713602881704919,22.038125
2016-06-18,0.06128972757958647,21.586666666666666
2016-06-19,0.05133819665575406,21.405729166666667
2016-06-20,0.04745215325656795,21.9609375
2016-06-21,0.04643690304844332,22.7096875
2016-06-22,0.04479243999323092,22.162916666666668
2016-06-23,0.05439834959546962,21.703333333333333
2016-06-24,0.07878273761152799,21.664375
2016-06-25,0.07089474860413177,22.140208333333334
2016-06-26,0.0641629604437193,22.436041666666668
2016-06-27,0.05873666695564914,22.769791666666666
2016-06-28,0.055177585454487366,23.1475
2016-06-29,0.047470330873796006,22.8315625
2016-06-30,0.04488178350060407,22.264583333333334
2016-07-01,0.04354295879348407,22.956354166666667
2016-07-02,0.044120458579225946,23.065833333333334
2016-07-03,0.05884687350947021,22.353020833333332
2016-07-04,0.05977700523677075,21.841041666666666
2016-07-05,0.06968357351268172,22.511770833333333
2016-07-06,0.05944367574248177,23.215520833333333
2016-07-07,0.05149454703251215,23.278541666666666
2016-07-08,0.05057805589973332,22.843541666666667
2016-07-09,0.04971612372285893,22.932395833333334
2016-07-10,0.0441141520534922,22.8553125
2016-07-11,0.04168114993439711,23.0234375
2016-07-12,0.0522022234101267,23.452083333333334
2016-07-13,0.05594116349131895,23.563229166666666
2016-07-14,0.04920279291606308,23.983655913978495
2016-07-15,0.04448355647275903,24.198541666666667
2016-07-16,0.042543518072852164,23.964791666666667
2016-07-17,0.04071598431436602,24.088958333333334
2016-07-18,0.03989819033856943,24.869374999999998
2016-07-19,0.03679485583691119,24.6353125
2016-07-20,0.03345716253347202,24.2596875
2016-07-21,0.029466454243553868,24.163958333333333
2016-07-22,0.02704679391700082,24.619375
2016-07-23,0.02560270229945805,24.8775
2016-07-24,0.024204446318444418,25.2884375
2016-07-25,0.02460055973875692,25.246979166666666
2016-07-26,0.026050602908252698,25.541041666666665
2016-07-27,0.029610508793432605,25.414166666666667
2016-07-28,0.032200227785586365,25.4428125
2016-07-29,0.04063847968380293,24.95145833333333
2016-07-30,0.03721423266472468,25.450208333333332
2016-07-31,0.039657404545765135,25.343958333333333
2016-08-01,0.039200632952006306,25.203125
2016-08-02,0.03551786887466635,25.253958333333333
2016-08-03,0.03668378398484118,24.3715625
2016-08-04,0.039898308463213156,23.215104166666666
2016-08-05,0.04204817531490909,23.3684375
2016-08-06,0.04405582403972323,24.007083333333334
2016-08-07,0.03943805462419423,24.041041666666665
2016-08-08,0.039634906470137864,23.02
2016-08-09,0.0390276189740129,22.547083333333333
2016-08-10,0.044230394159672934,23.324583333333333
2016-08-11,0.04034897960784154,24.130104166666666
2016-08-12,0.03753180501584978,24.886979166666666
2016-08-13,0.03506645448482136,25.3275
2016-08-14,0.03228228691700124,25.311354166666668
2016-08-15,0.031009919878867552,24.7190625
2016-08-16,0.03229530583026669,24.774791666666665
2016-08-17,0.03143618834107125,24.66583333333333
2016-08-18,0.027896992331053565,24.164166666666667
2016-08-19,0.025581590235500683,23.807604166666668
2016-08-20,0.024480841879400594,23.775729166666665
2016-08-21,0.024479546790917694,23.7328125
2016-08-22,0.02184530705960695,22.137291666666666
2016-08-23,0.019914080827541654,21.716458333333332
2016-08-24,0.019159321354385295,22.312395833333333
2016-08-25,0.019317356933260595,23.30375
2016-08-26,0.018547436842838574,24.078645833333333
2016-08-27,0.017551229212413443,24.24
2016-08-28,0.01647697027671823,23.591874999999998
2016-08-29,0.014794675560366925,23.20489583333333
2016-08-30,0.014008039274122449,23.461145833333333
2016-08-31,0.0141441248123071,23.402395833333333
2016-09-01,0.018057209761037654,22.627604166666668
2016-09-02,0.015333781635550811,21.173333333333332
2016-09-03,0.013662988377716326,20.322395833333335
2016-09-04,0.012889337527145689,20.502187499999998
2016-09-05,0.012097141815389659,20.685104166666665
2016-09-06,0.011528832252962959,21.260833333333334
2016-09-07,0.010394418150013723,22.019583333333333
2016-09-08,0.009908051608806626,22.293958333333332
2016-09-09,0.009017703431205533,22.503645833333334
2016-09-10,0.00845755196588651,22.675625
2016-09-11,0.007428654514874884,21.783437499999998
2016-09-12,0.005924061687127145,20.034375
2016-09-13,0.0053904596882343595,21.070104166666667
2016-09-14,0.005547713179801844,21.466458333333332
2016-09-15,0.004195029968065032,20.465416666666666
2016-09-16,0.0037456955665547895,19.692395833333332
2016-09-17,0.00374566840474442,19.945520833333333
2016-09-18,0.0038137175651925203,20.15
2016-09-19,0.04046253724144402,21.249479166666667
2016-09-20,0.03182283175960661,21.9659375
2016-09-21,0.02773898223985507,21.7228125
2016-09-22,0.02322067542182931,21.44125
2016-09-23,0.020825438947803226,21.358645833333334
2016-09-24,0.019216186136895106,21.713854166666668
2016-09-25,0.01726817143987995,21.001979166666665
2016-09-26,0.018906316983789216,20.0734375
2016-09-27,0.03034225863330142,20.6053125
2016-09-28,0.03446838187156917,20.5928125
2016-09-29,0.09410486897390352,20.083854166666665
2016-09-30,0.14345596855630632,19.149166666666666
2016-10-01,0.08580087929374355,19.781458333333333
2016-10-02,0.08472738973568457,19.9490625
2016-10-03,0.07697356486012362,19.914166666666667
2016-10-04,0.07634215191691647,19.88864583333333
2016-10-05,0.07538160850661624,19.352604166666666
2016-10-06,0.07488027789412806,18.989375
2016-10-07,0.0964502097816896,18.811875
2016-10-08,0.14234132873385685,17.922083333333333
2016-10-09,0.10062784774838172,16.873645833333335
2016-10-10,0.08463459263244724,16.333645833333332
2016-10-11,0.08133991750745907,16.022916666666667
2016-10-12,0.08000466476172491,16.04
2016-10-13,0.07949954502808546,16.375729166666666
2016-10-14,0.0770771290224193,15.818955223880597
2017-12-10,5.606403582781014e-4,3.6340625
2017-12-11,9.917179855742507e-4,3.4028125
2017-12-12,0.002043514528053116,0.7864583333333334
2017-12-13,8.390831028750102e-4,2.5005208333333333
2017-12-14,9.296116184353113e-4,2.084791666666667
2017-12-15,8.071793373842127e-4,2.0170833333333333
2017-12-16,7.38573895134331e-4,3.170625
2017-12-17,0.0014938665208671569,5.133125
2017-12-18,0.0019415614262977658,5.911458333333333
2017-12-19,0.001110956608543712,6.7404166666666665
2017-12-20,0.0011858698805034746,4.8190625
2017-12-21,0.0010512802658336003,5.536875
2017-12-22,0.001826954052327648,7.833958333333333
2017-12-23,0.0011517359923194981,6.13
2017-12-24,0.0010141866165125275,2.6894791666666666
2017-12-25,8.753870314830266e-4,1.59
2017-12-26,0.0010093652429606424,1.4739583333333333
2017-12-27,0.001281159836767756,0.26916666666666667
2017-12-28,0.0019554032210754215,0.24822916666666667
2017-12-29,7.659723175208862e-4,0.2573958333333333
2017-12-30,0.003140106246035811,0.21375
2017-12-31,0.009143400890723321,0.18635416666666668
2018-01-01,0.021264007045752733,0.1566279069767442
2018-01-02,0.002035609557638915,0.108125
2018-01-03,0.004731047566312318,-0.05206521739130435
2018-01-04,0.01797233628247795,-0.28770833333333334
2018-01-05,0.008954259366176826,-1.0134375
2018-01-06,0.009904674035170438,-1.2841666666666667
2018-01-07,0.0031951025196266746,-0.4792708333333333
2018-01-08,0.0014607125674355808,0.21875
2018-01-09,2.9572671816567006e-4,0.2685416666666667
2018-01-10,5.940079904621045e-4,0.259375
2018-01-11,0.0043542770460613,2.411979166666667
2018-01-12,0.005585187296645134,2.2298958333333334
2018-01-13,0.002296929412409935,0.2303125
2018-01-14,0.004365924959443969,0.2368421052631579
2018-01-15,0.0018663208944317514,0.22968253968253968
2018-01-16,5.331059460497858e-4,0.20891304347826087
2018-01-17,0.0030831994578253506,0.21875
2018-01-18,5.58860754491801e-4,0.23602739726027397
2018-01-19,1.6033833830220672e-4,0.4201639344262295
2018-01-20,5.0173424138643913e-5,2.7431147540983605
2018-01-21,2.891493685014929e-5,4.219166666666666
2018-01-22,3.646530308953545e-4,6.005714285714285
2018-01-23,1.447013000660552e-4,3.67
2018-01-24,7.778326001946367e-5,1.9513559322033898
2018-01-25,5.059965131628374e-5,1.2286842105263158
2018-01-26,7.661675657768187e-6,2.2646153846153845
2018-01-27,0.0011970695996200308,5.931212121212121
2018-01-28,0.001520778885756538,5.2384375
2018-01-29,9.174827017653922e-4,2.1525263157894736
2018-01-30,2.6530134028244996e-4,0.78703125
2018-01-31,8.249967485263707e-5,1.4974285714285713
2018-02-01,2.6025983087307704e-4,1.7192307692307691
2018-02-02,0.001439411878521012,0.23692307692307693
2018-02-03,0.005862708350506696,0.6525
2018-02-04,0.0021278907611290347,1.704375
2018-02-05,6.499534354276578e-4,2.0732291666666667
2018-02-06,0.008352520806372266,2.913125
2018-02-07,0.004860641655666751,2.72875
2018-02-08,0.0012328161890799607,2.7053125
2018-02-09,0.002811064808971342,4.0134375
2018-02-10,0.025074225131889585,7.0525
2018-02-11,0.008183934422167955,7.708854166666667
2018-02-12,0.008279127148860331,5.754810126582279
2018-02-13,0.001793059103396346,5.770833333333333
2018-02-14,8.371039173755303e-4,9.011354166666667
2018-02-15,4.6458934184015574e-4,9.989895833333334
2018-02-16,1.621501039031595e-4,6.411489361702127
2018-02-17,1.0539584664635246e-4,6.012131147540984
2018-02-18,2.9825817787194306e-4,6.586666666666667
2018-02-19,2.557334133943121e-4,9.026808510638299
2018-02-20,4.17699810616632e-4,10.846105263157895
2018-02-21,7.658076672468356e-4,12.664791666666668
2018-02-22,0.0011057616662882384,10.941354166666667
2018-02-23,0.0018302789232157361,11.036979166666667
2018-02-24,0.00271284165061056,11.871979166666668
2018-02-25,0.003047621648928595,10.095104166666667
2018-02-26,0.002907352378901289,7.8340625
2018-02-27,0.002885101055868402,8.090208333333333
2018-02-28,0.005487249768700744,9.2715625
2018-03-01,0.0070902106613813754,6.944166666666667
2018-03-02,0.00573101711307686,5.2058333333333335
2018-03-03,0.0047098375561029325,5.629270833333333
2018-03-04,0.004087776493874561,5.782291666666667
2018-03-05,0.004250584088466022,4.989166666666667
2018-03-06,0.004421596368946663,5.4366666666666665
2018-03-07,0.004256274894599605,4.366666666666666
2018-03-08,0.004154087983669636,3.63875
2018-03-09,0.003627062048760861,4.529270833333333
2018-03-10,0.0035652940842555037,5.561770833333333
2018-03-12,0.005448654745430281,3.8144791666666666
2018-03-13,0.007343502203235401,3.9569791666666667
2018-03-14,0.00889431517800599,3.1848958333333335
2018-03-15,0.008986366788288897,4.1274999999999995
2018-03-16,0.009383296195012564,5.567395833333333
2018-03-17,0.008501883815876323,6.011041666666666
2018-03-18,0.0157315500579737,8.195
2018-03-19,0.011567370356611394,8.571264367816092
2018-03-20,0.02498163388426073,7.401666666666666
2018-03-21,0.02737437561725645,5.20875
2018-03-22,0.02572597772860817,5.408229166666667
2018-03-23,0.024259363749798667,5.691979166666667
2018-03-24,0.024489368098254367,4.7752083333333335
2018-03-25,0.026337039846666327,5.6779166666666665
2018-03-26,0.0246615587255062,6.087916666666667
2018-03-27,0.025714388073010613,5.646458333333333
2018-03-28,0.02620367381880791,7.649583333333333
2018-03-29,0.025086737093910502,10.0625
2018-03-30,0.026344790935438678,10.701875000000001
2018-03-31,0.02360800634575083,8.953854166666666
2018-04-01,0.022264319723305132,9.4740625
2018-04-02,0.02137667001064757,10.227916666666667
2018-04-03,0.02089732859613237,9.946770833333334
2018-04-04,0.020698421997185423,10.822395833333333
2018-04-05,0.01957997192879035,8.497083333333334
2018-04-06,0.0183635080465492,9.45
2018-04-07,0.018071362180304418,9.250625
2018-04-08,0.01726208796351998,8.191458333333333
2018-04-09,0.01605913044226677,7.479791666666666
2018-04-10,0.01536426802210324,8.7275
2018-04-11,0.01399794902837014,9.596875
2018-04-12,0.013312558070667873,11.063645833333334
2018-04-13,0.012570539948805564,12.916145833333333
2018-04-14,0.011837660212037025,14.348854166666667
2018-04-15,0.0186898346613654,14.461770833333334
2018-04-16,0.04472481707251483,12.3971875
2018-04-17,0.0359319598506367,10.5259375
2018-04-18,0.0302113565881688,12.331041666666668
2018-04-19,0.029585987077983898,11.738645833333333
2018-04-20,0.025032548807689257,10.776458333333334
2018-04-21,0.022193022312561185,11.461666666666666
2018-04-22,0.020874051429943107,12.048229166666667
2018-04-23,0.020169933445960634,11.971041666666666
2018-04-24,0.04445221500345408,11.368958333333333
2018-04-25,0.08400716908937877,12.150104166666667
2018-04-26,0.08398726945422053,12.957604166666666
2018-04-27,0.08090812165941776,14.013541666666667
2018-04-28,0.07701000306065768,14.406875
2018-04-29,0.07176726380684995,13.077395833333334
2018-04-30,0.064368591848946,13.279375
2018-05-01,0.057050348943077374,14.351458333333333
2018-05-02,0.050401201105560574,16.009375
2018-05-03,0.046069803028821646,17.4765625
2018-05-04,0.0418576368158221,18.821041666666666
2018-05-05,0.03580802973813773,18.636458333333334
2018-05-06,0.032916460378060404,18.00125
2018-05-07,0.029992174431324663,17.333854166666665
2018-05-08,0.031395355878995806,17.6090625
2018-05-09,0.02804147131306385,17.7884375
2018-05-10,0.025905138284635098,18.398645833333333
2018-05-11,0.024838186489173145,19.135833333333334
2018-05-12,0.02385561510489587,20.372083333333332
2018-05-13,0.021923546003317494,21.048541666666665
2018-05-14,0.020292542447372428,21.514895833333334
2018-05-15,0.020548984137939433,21.064791666666668
2018-05-16,0.03773919210729282,20.168229166666666
2018-05-17,0.09242040980664423,20.0721875
2018-05-18,0.14071890768577286,18.15052083333333
2018-05-19,0.1323467351717487,17.680625
2018-05-20,0.10059818146156285,19.31
2018-05-21,0.09153870908225574,20.83625
2018-05-22,0.09260564475244748,21.281875
2018-05-23,0.09283842187839132,21.514787234042554
2018-05-24,0.08813355920576302,22.0625
2018-05-25,0.08607414274945559,22.412708333333335
2018-05-26,0.08660936553858885,22.510104166666668
2018-05-27,0.09124010507971309,22.451979166666668
2018-05-28,0.09644632924161174,22.011041666666667
2018-05-29,0.09086699096973512,21.9309375
2018-05-30,0.08945264742050942,22.1046875
2018-05-31,0.08917522269198745,22.531458333333333
2018-06-01,0.09198904085680477,22.6053125
2018-06-02,0.08867342301765012,22.618854166666665
2018-06-03,0.08675718279609636,22.651041666666668
2018-06-04,0.08437661620573002,22.398541666666667
2018-06-05,0.08355513710289522,22.047083333333333
2018-06-06,0.08314227276777468,22.237083333333334
2018-06-07,0.08221779945595704,22.180208333333333
2018-06-08,0.08260304729440418,23.160208333333333
2018-06-09,0.08227330819216991,24.181145833333332
2018-06-10,0.06492842147053172,23.505
2018-06-11,0.011689859323804789,19.838124999999998
2018-06-12,0.007851141670962179,17.389166666666668
2018-06-13,0.006775522664881871,18.190729166666667
2018-06-14,0.007596263579295875,19.380208333333332
2018-06-15,0.011998881745935351,19.099270833333332
2018-06-16,0.015445565222507961,20.139479166666668
2018-06-17,0.015586760306670838,21.370729166666667
2018-06-18,0.06855407288628443,24.561770833333334
2018-06-19,0.08153151153855324,26.018020833333335
2018-06-20,0.07833408998787685,26.023645833333333
2018-06-21,0.07296751902934064,25.584479166666668
2018-06-22,0.07590902706068779,24.9890625
2018-06-23,0.060293692689091294,24.439791666666668
2018-06-24,0.04678892469829586,24.249895833333333
2018-06-25,0.041508221984830056,23.619583333333335
2018-06-26,0.04082110887215975,22.248854166666668
2018-06-27,0.03525993285936836,21.784375
2018-06-28,0.02843358776560309,22.254583333333333
2018-06-29,0.023027811421546276,22.47833333333333
2018-06-30,0.019234824385291942,22.858645833333334
2018-07-01,0.015599839553910522,23.198645833333334
2018-07-02,0.011842848762718803,23.371145833333333
2018-07-03,0.009036658367323123,23.3684375
2018-07-04,0.0062340430167159375,23.369583333333335
2018-07-05,0.00340090376632142,22.678494623655915
2018-07-06,0.001886739729594996,21.99020833333333
2018-07-07,0.00156706602976106,20.143125
2018-07-08,5.037382712737865e-4,18.450625
2018-07-09,3.96837699031999e-4,18.227708333333332
2018-07-10,4.4328469624012014e-4,19.468854166666667
2018-07-11,4.918539810744482e-4,20.5565625
2018-07-12,2.711792607074449e-4,20.627916666666668
2018-07-13,1.8529924798144624e-4,20.611098901098902
2018-07-14,2.0498935340794634e-4,20.090744680851063
2018-07-15,2.906738643277558e-4,20.25741935483871
2018-07-16,2.507865283536853e-4,20.90554347826087
2018-07-17,7.951212218156156e-4,21.074791666666666
2018-07-18,2.4959606688272433e-4,20.541494252873562
2018-07-19,1.230064846984644e-4,19.075873015873015
2018-07-20,8.096230143462321e-5,19.395737704918034
2018-07-21,4.6779973855196016e-5,19.45603448275862
2018-07-22,6.454575582837647e-4,19.049791666666668
2018-07-23,0.0025664560816546105,18.956989247311828
2018-07-24,0.004133811486874498,19.390208333333334
2018-07-25,0.006292739526937935,19.169375
2018-07-26,0.002362880790459334,19.565104166666668
2018-07-27,0.0012606596834840338,20.073854166666667
2018-07-28,7.543561666628202e-4,19.845625
2018-07-29,4.0661820381249756e-4,19.213958333333334
2018-07-30,4.513757351528576e-4,19.863958333333333
2018-07-31,5.8112403965418e-4,19.42084210526316
2018-08-01,0.0015300165300502983,19.885625
2018-08-02,0.008822360080133814,19.721770833333334
2018-08-03,0.00626124674522882,19.1240625
2018-08-04,0.0032205705105892986,19.622291666666666
2018-08-05,0.0012295034157927328,20.344166666666666
2018-08-06,6.415133558628927e-4,20.607263157894735
2018-08-07,5.868415348611412e-4,20.756145833333335
2018-08-08,5.021144152256568e-4,20.792083333333334
2018-08-09,3.5556858643329516e-4,20.741041666666668
2018-08-10,2.323361877497494e-4,20.329583333333332
2018-08-11,3.067474144728168e-4,20.541999999999998
2018-08-12,3.981993842642089e-4,20.03708333333333
2018-08-13,2.717351976227352e-4,19.448125
2018-08-14,1.5633125941842704e-4,18.78326086956522
2018-08-15,1.2113675778883152e-4,19.007831325301204
2018-08-16,2.0700756042880145e-4,20.2925
2018-08-17,1.9641147281194643e-4,21.10622641509434
2018-08-18,0.005857867472480005,20.373898305084744
2018-08-19,6.065294314761569e-4,20.167395833333334
2018-08-20,2.1204652203684864e-4,20.048152173913042
2018-08-21,0.0032367860795349044,20.161875
2018-08-22,0.0013883771148143244,19.888854166666665
2018-08-23,2.0760631585234094e-4,17.798111111111112
2018-08-24,6.888014896668051e-5,16.553466666666665
2018-08-25,1.0599886005362025e-4,17.356164383561644
2018-08-26,1.0625014398236459e-4,18.346477272727274
2018-08-27,2.597564365300112e-4,19.8140625
2018-08-28,2.555034036077712e-4,20.426746987951805
2018-08-29,2.0784183618609932e-4,20.849384615384615
2018-08-30,0.0010882613768527093,20.900222222222222
2018-08-31,1.9979625156199392e-4,20.43145833333333
2018-09-01,1.851626260773038e-4,20.328441558441558
2018-09-02,1.579066165559958e-4,19.982985074626864
2018-09-03,2.0785499188317026e-4,20.93844827586207
2018-09-04,1.593718521007081e-4,21.297045454545454
2018-09-05,8.617413767918003e-5,21.696857142857144
2018-09-06,1.647613443812778e-4,21.29
2018-09-07,5.3544858297389474e-5,21.468799999999998
2018-09-08,0.016215098370023887,20.048947368421054
2018-09-09,0.013428848803147353,17.874791666666667
2018-09-10,0.005118139805773639,17.4328125
2018-09-11,8.947225986247574e-4,18.489583333333332
2018-09-12,0.0017715030150374609,19.217872340425533
2018-09-13,6.56284704428904e-4,19.767812499999998
2018-09-14,3.409875079634178e-4,19.938229166666666
2018-09-15,3.7410950918277886e-4,19.812708333333333
2018-09-16,0.004465064821642334,19.436666666666667
2018-09-17,0.046414985699261974,19.4603125
2018-09-18,0.008493967604480188,19.423854166666665
2018-09-19,0.0024082787838544833,19.2875
2018-09-20,8.444228237100066e-4,19.70895833333333
2018-09-21,4.7246476697038593e-4,20.368020833333333
2018-09-22,0.008884903344792743,20.0540625
2018-09-23,0.05857658505648673,18.014375
2018-09-24,0.012835409842274038,17.096145833333335
2018-09-25,0.0059768166509629045,17.717916666666667
2018-09-26,0.004103355593522271,18.395416666666666
2018-09-27,0.008020798389740793,17.608541666666667
2018-09-28,0.01532090951876985,16.9228125
2018-09-29,0.01180464839370898,17.078020833333333
2018-09-30,0.00821561111594269,17.053958333333334
2018-10-01,0.0071002821326677165,17.98375
2018-10-02,0.006072433437143327,18.411770833333332
2018-10-03,0.005272602751784643,18.7846875
2018-10-04,0.004126523504397169,19.1634375
2018-10-05,0.002667657565544864,19.38458333333333
2018-10-06,0.001942693201020436,19.1996875
2018-10-07,0.0017826370706230164,19.35333333333333
2018-10-08,0.0012099569186288478,19.53445652173913
2018-10-09,0.0012960636464429136,19.321354166666666
2018-10-10,0.0035217120954684454,19.11895833333333
2018-10-11,0.10351143237486084,19.095104166666665
2018-10-12,0.10076404146217345,17.056979166666668
2018-10-13,0.07585779318189292,16.465625
2018-10-14,0.07156645294506689,15.85875
2018-10-15,0.07586284638095156,16.86159574468085
2018-10-16,0.07935147382909064,16.9103125
2018-10-17,0.0716618255407509,16.051041666666666
2018-10-18,0.0599093672256599,14.619479166666666
2018-10-19,0.047414396530792706,14.32375
2018-10-20,0.04041345825744051,14.974270833333334
2018-10-21,0.03385109527108268,12.064270833333333
2018-10-22,0.026891651666679867,11.458645833333334
2018-10-23,0.024780546568162056,12.3321875
2018-10-24,0.021546833999004703,11.565312500000001
2018-10-25,0.01933971335657158,10.566979166666666
2018-10-26,0.023850015188684768,10.306354166666667
2018-10-27,0.028800717644966372,11.1253125
2018-10-28,0.023361260442033648,11.077083333333334
2018-10-29,0.020800035123338976,10.838695652173913
2018-10-30,0.018675251247423627,10.549687500000001
2018-10-31,0.01680085491597403,11.8009375
2018-11-01,0.014553991171480363,12.946979166666667
2018-11-02,0.017571105416812144,13.944375
2018-11-03,0.017846101305937393,11.043333333333333
2018-11-04,0.014673703655421541,10.115937500000001
2018-11-04,0.014218445553237567,11.555416666666668
2018-11-05,0.01521415663436971,12.495416666666667
2018-11-06,0.014632936212498662,11.817083333333333
2018-11-07,0.012057317886151928,11.735208333333334
2018-11-08,0.011790069942561416,10.347708333333333
2018-11-09,0.011341354207398034,8.235104166666666
2018-11-10,0.009397243606104149,6.251145833333333
2018-11-11,0.01338707466580498,6.530104166666667
2018-11-12,0.03343074461479839,8.5271875
2018-11-13,0.027020821025103788,8.0146875
2018-11-14,0.0594351865314991,7.4852083333333335
2018-11-15,0.08179525052377208,8.046354166666667
2018-11-16,0.07205510988690038,8.102291666666666
2018-11-17,0.06677116217936847,8.169583333333334
2018-11-18,0.06582216424688918,8.57019801980198
2018-11-19,0.06033593638672278,8.594687500000001
2018-11-20,0.05152450279097207,7.469791666666667
2018-11-21,0.045517861528514426,7.3185416666666665
2018-11-22,0.03910059357816944,6.1007291666666665
2018-11-23,0.05250290922131133,6.322708333333333
2018-11-24,0.05747240907965402,7.412083333333333
2018-11-25,0.052362871374930196,7.727291666666667
2018-11-26,0.049437657252607126,5.766354166666667
2018-11-27,0.04510172467036041,3.9478125
2018-11-28,0.04119145950222414,4.548541666666667
2018-11-29,0.03875647483450808,6.544895833333333
2018-11-30,0.0378103727673541,6.496875
2018-12-01,0.03466999942126555,7.0867708333333335
2018-12-02,0.03456146563029444,7.071458333333333
2018-12-03,0.03097118943620538,5.823854166666667
2018-12-04,0.029126090253202216,5.1490625
2018-12-05,0.02661437933269205,4.371770833333334
2018-12-06,0.024855121923930766,4.728645833333333
2018-12-07,0.023095903710537005,4.400625
2018-12-08,0.027565885543917406,2.0164583333333335
2018-12-09,0.029587139715033014,3.656458333333333
2018-12-10,0.028129088971443655,3.0648958333333334
2018-12-11,0.02577010003525326,3.706770833333333
2018-12-12,0.025152838565532534,4.4225
2018-12-13,0.03273204834680626,4.638125
2018-12-14,0.07234261734950721,5.72375
2018-12-15,0.08868310576552163,5.996875
2018-12-16,0.08779026695431812,5.428645833333333
2018-12-17,0.08850028957583296,4.780104166666667
2018-12-18,0.08404040308088999,4.660625
2018-12-19,0.09334705429014377,5.4196875
2018-12-20,0.1154502203960556,6.9478124999999995
2018-12-21,0.10174646574897213,5.616875
2018-12-22,0.09363329305558231,5.1565625
2018-12-23,0.09006394492021204,4.995520833333333
2018-12-24,0.08750546483728591,4.784375
2018-12-25,0.08540568755963732,4.494479166666666
2018-12-26,0.08355054458755563,4.591458333333334
2018-12-27,0.10114060893025748,5.701770833333334
2018-12-28,0.09800020499448034,6.168958333333333
2018-12-29,0.09083394611573237,5.968854166666667
2018-12-30,0.08520009372886371,6.255416666666666
2018-12-31,0.08309750070736671,6.939895833333334
2019-01-01,0.08140491319319004,6.167083333333333
2019-01-02,0.0821157741722805,6.3758333333333335
2019-01-03,0.08165677148043736,6.088958333333333
2019-01-04,0.08184972773662004,6.271458333333333
2019-01-05,0.07941652468445405,5.965625
2019-01-06,0.0787311348280059,5.701458333333333
2019-01-07,0.07871295013366297,6.3796875
2019-01-08,0.07943063634955427,5.556875
2019-01-09,0.08590922258794545,3.818229166666667
2019-01-10,0.08253088973625579,3.4596875
2019-01-11,0.07842674816067485,3.4985416666666667
2019-01-12,0.07877514465285589,3.2886458333333333
2019-01-13,0.07208769243367694,3.55375
2019-01-14,0.07349394027846587,3.7646875
2019-01-15,0.07067419137446868,3.566666666666667
2019-01-16,0.06598617630369143,3.330208333333333
2019-01-17,0.06301067585474238,4.085833333333333
2019-01-18,0.06119674896091459,4.126354166666666
2019-01-19,0.08183468368908794,3.8057291666666666
2019-01-20,0.0805584544218392,1.3403125
2019-01-21,0.06954515621787125,1.6740625
2019-01-22,0.0632345736518591,3.039375
2019-01-23,0.0751464320799059,4.350104166666666
2019-01-24,0.0799795403520993,2.8695833333333334
2019-01-25,0.07692989738451832,2.6745833333333335
2019-01-26,0.07016554733974048,2.986875
2019-01-27,0.0636412941114272,3.404375
2019-01-28,0.06030103891767647,3.3401041666666664
2019-01-29,0.05880468292515716,2.0157291666666666
2019-01-30,0.05564134530675855,1.5880208333333334
2019-01-31,0.05222000349036066,2.6592708333333333
2019-02-01,0.05078446518811036,3.525729166666667
2019-02-02,0.049768948589035814,4.58875
2019-02-03,0.04830935935064598,5.016979166666666
2019-02-04,0.04627869721167777,6.0259374999999995
2019-02-05,0.04411490732141715,6.3284375
2019-02-06,0.04453028683472303,7.531354166666667
2019-02-07,0.042505108296677314,6.988421052631579
2019-02-08,0.03875865703750845,4.377291666666666
2019-02-09,0.03573064846325773,3.8010416666666664
2019-02-10,0.037895489789282276,5.0027083333333335
2019-02-11,0.04689011059794213,4.763020833333333
2019-02-12,0.050527877185184915,4.8034375
2019-02-13,0.04600289166296265,4.923125
2019-02-14,0.04335010652584542,6.1379166666666665
2019-02-15,0.047296025551978683,5.726458333333333
2019-02-16,0.05081104407070657,4.660104166666667
2019-02-17,0.06385438993603813,5.184479166666667
2019-02-18,0.06041124364030453,4.857708333333333
2019-02-19,0.0753683529998959,3.469895833333333
2019-02-20,0.09992082328130068,5.171458333333334
2019-02-21,0.1128703901774451,5.561458333333333
2019-02-22,0.1327948850854767,5.538854166666667
2019-02-23,0.12234831397796507,6.0538541666666665
2019-02-24,0.10322570483127258,5.1375
2019-02-25,0.09774291879989948,5.6222916666666665
2019-02-26,0.09242879780474945,5.591770833333333
2019-02-27,0.0869556301594464,6.458020833333333
2019-02-28,0.08598361714585875,5.7634375
2019-03-01,0.08776109866738718,6.4773958333333335
2019-03-02,0.08639760976521091,6.134895833333333
2019-03-03,0.09131611777615554,5.5417708333333335
2019-03-04,0.0881767765393362,4.9627083333333335
2019-03-05,0.0868868541724742,4.4425
2019-03-06,0.08282993214501787,4.693333333333333
2019-03-07,0.0817628848515967,4.7390625
2019-03-08,0.08253357768097344,4.971875
2019-03-09,0.08038018486386199,6.0910416666666665
2019-03-11,0.08496253697221275,6.143854166666666
2019-03-12,0.0831679008463907,5.832604166666667
2019-03-13,0.08242622586082997,6.2273958333333335
2019-03-14,0.08238677506109146,7.5825000000000005
2019-03-15,0.08373578367954393,8.800104166666667
2019-03-16,0.08421229231783857,7.3284375
2019-03-17,0.08357495236159243,7.268125
2019-03-18,0.0841208025679836,7.335180722891566
2019-03-19,0.08347554288528286,7.2778125000000005
2019-03-20,0.08295228753455954,7.643958333333334
2019-03-21,0.08349714571793082,8.366041666666666
2019-03-22,0.08296098042070674,8.043854166666666
2019-03-23,0.07733182485350977,7.600520833333333
2019-03-24,0.07775408456070028,8.2225
2019-03-25,0.07564536234876618,9.057083333333333
2019-03-26,0.07377054844992655,9.28625
2019-03-27,0.07018356758363145,8.6896875
2019-03-28,0.06969936764320558,9.215520833333333
2019-03-29,0.07067452790147652,10.366770833333334
2019-03-30,0.07130694152444558,11.428020833333333
2019-03-31,0.07261778593645905,11.2278125
2019-04-01,0.07643680521974322,9.258645833333334
2019-04-02,0.07646499058438141,9.03375
2019-04-03,0.0723143869147621,9.880104166666667
2019-04-04,0.06415483805883938,10.938645833333334
2019-04-05,0.06061151680258558,10.812604166666667
2019-04-06,0.05984688414701896,11.777604166666666
2019-04-07,0.05494879314548138,12.303333333333333
2019-04-08,0.06226576730864153,13.047812500000001
2019-04-09,0.07073964015679132,13.760625
2019-04-10,0.0623172347583877,13.721875
2019-04-11,0.05617162034439059,14.107083333333334
2019-04-12,0.05706460547758627,14.427916666666667
2019-04-13,0.06687911640875878,14.596458333333334
2019-04-14,0.11103814055390761,14.3878125
2019-04-15,0.14599053205259657,12.781836734693877
2019-04-16,0.09866671235487189,12.554270833333334
2019-04-17,0.09333838556644161,14.061875
2019-04-18,0.09097088216723966,15.334166666666667
2019-04-19,0.0959995937543356,15.555520833333333
2019-04-20,0.09854409823927905,14.316666666666666
2019-04-21,0.09132993011348743,13.833645833333334
2019-04-22,0.0895982089064107,15.542391304347825
2019-04-23,0.08878313636053238,15.519895833333333
2019-04-24,0.08797357596899553,16.353894736842104
2019-04-25,0.08689657211354518,16.788125
2019-04-26,0.08736569794595012,16.122916666666665
2019-04-27,0.0860025053636939,14.771458333333333
2019-04-28,0.08617807954031713,15.784166666666666
2019-04-29,0.08551162819760018,14.975208333333333
2019-04-30,0.08536764455865434,16.369375
2019-05-01,0.08486612306293341,17.942708333333332
2019-05-02,0.08451588517315611,18.87625
2019-05-03,0.08364389517984337,19.568125
2019-05-04,0.08272367781341933,19.763541666666665
2019-05-05,0.0824042199924383,19.476979166666666
2019-05-06,0.07869386935977975,18.966703296703297
2019-05-07,0.07516147189256,19.1403125
2019-05-08,0.07060364180682022,19.7096875
2019-05-09,0.06535582074216942,19.824166666666667
2019-05-10,0.059992719988458273,19.747708333333332
2019-05-11,0.05869191728750886,19.499895833333333
2019-05-12,0.06271083918958903,19.327604166666667
2019-05-13,0.06291319425682833,18.021979166666668
2019-05-14,0.05656566317757508,16.1178125
2019-05-15,0.05112490315792406,15.901666666666667
2019-05-16,0.04690798188868403,16.60375
2019-05-17,0.04316906581573209,17.651145833333334
2019-05-18,0.039567690985472734,18.664375
2019-05-19,0.03670146534255284,19.745416666666667
2019-05-20,0.03436800750059236,19.771354166666665
2019-05-21,0.032553754879154545,18.783958333333334
2019-05-22,0.030578927868133696,17.872916666666665
2019-05-23,0.029237803476169194,19.249895833333333
2019-05-24,0.028022430849595263,20.144479166666667
2019-05-25,0.027660556723345005,20.4053125
2019-05-26,0.029110455655595044,20.6065625
2019-05-27,0.03153028098749388,20.58125
2019-05-28,0.028192091944746707,21.007083333333334
2019-05-29,0.026873406000663562,21.02166666666667
2019-05-30,0.025483218254857307,20.576145833333335
2019-05-31,0.026543778581800126,19.876875
2019-06-01,0.027288918557250748,19.225104166666668
2019-06-02,0.024756134136177537,19.356145833333333
2019-06-03,0.014593742998785398,18.286354166666666
2019-06-04,0.0011002226941377131,17.156770833333333
2019-06-05,2.1367578111573197e-4,18.058020833333334
2019-06-06,1.6839599102328167e-4,18.464473684210528
2019-06-07,0.01596840296425447,18.789157894736842
2019-06-08,0.029653260357907732,18.205416666666668
2019-06-09,0.02981709097672427,18.939583333333335
2019-06-10,0.03288073483525702,19.5440625
2019-06-11,0.03666610432404955,19.123541666666668
2019-06-12,0.031380234786321855,18.846458333333334
2019-06-13,0.028767891577886916,18.971041666666668
2019-06-14,0.023648598992977096,17.7228125
2019-06-15,0.02031579772476722,18.375104166666667
2019-06-16,0.01928605919874428,19.554270833333334
2019-06-17,0.018491577856909743,20.429684210526315
2019-06-18,0.017825184326147735,20.465104166666666
2019-06-19,0.017240988896421238,20.665
2019-06-20,0.016204473844380722,20.762708333333332
2019-06-21,0.01415335963884445,19.33125
2019-06-22,0.012800156202864788,18.740833333333335
2019-06-23,0.011573657032941564,18.707083333333333
2019-06-24,0.011812424757229548,19.872708333333332
2019-06-25,0.014131690240046783,20.409375
2019-06-26,0.011847316165973287,20.244375
2019-06-27,0.010355982648108627,20.83663157894737
2019-06-28,0.009316737358277738,20.819895833333334
2019-06-29,0.008329506129171074,20.524479166666666
2019-06-30,0.007461366980338951,20.8075
2019-07-01,0.006042540625794509,20.435368421052633
2019-07-02,0.009575956254437586,19.9634375
2019-07-03,0.010095166989092939,20.66
2019-07-04,0.008883964702079966,21.026041666666668
2019-07-05,0.009138052367043735,20.756979166666667
2019-07-06,0.007880702804694027,21.302395833333332
2019-07-07,0.006952464472687374,21.146041666666665
2019-07-08,0.006532756286382061,21.051979166666666
2019-07-09,0.00609948177954572,20.1075
2019-07-10,0.005188842723277531,20.329270833333332
2019-07-11,0.005505008984407093,20.773645833333333
2019-07-12,0.0049827794570988775,20.7671875
2019-07-13,0.004028611186960606,20.83
2019-07-14,0.00356773919473098,21.041770833333334
2019-07-15,0.0037442876618610614,21.126666666666665
2019-07-16,0.0036070365204758995,20.701145833333335
2019-07-17,0.0037500215156625882,21.152916666666666
2019-07-18,0.004103948143930626,21.356979166666665
2019-07-19,0.0035608353250929023,21.6934375
2019-07-20,0.003158454440337634,22.124166666666667
2019-07-21,0.0040445252184608815,21.536875
2019-07-22,0.004413845511503629,20.629479166666666
2019-07-23,0.008013716353771365,18.9940625
2019-07-24,0.004882907322338398,18.320520833333333
2019-07-25,0.003848133473455903,18.137395833333333
2019-07-26,0.0035936421154252485,18.47
2019-07-27,0.0035516842640877077,18.989375
2019-07-28,0.0036201400987338032,19.339375
2019-07-29,0.003482654812101242,19.941684210526315
2019-07-30,0.004239336459148516,19.899479166666666
2019-07-31,0.007265280450770673,19.1703125
2019-08-01,0.006055455244110353,19.1240625
2019-08-02,0.005739905371164471,19.011770833333333
2019-08-03,0.003892470310937146,19.541770833333334
2019-08-04,0.003263058710640882,20.083541666666665
2019-08-05,0.0030361121213995403,19.828541666666666
2019-08-06,0.024197142687718814,20.320833333333333
2019-08-07,0.01640021098359486,21.51625
2019-08-08,0.013997966686882825,21.610833333333332
2019-08-09,0.012219459558809136,21.5
2019-08-10,0.010296941548042088,21.11135416666667
2019-08-11,0.008515385676341095,19.9303125
2019-08-12,0.006347590068879982,20.294166666666666
2019-08-13,0.005064053917769103,21.424791666666668
2019-08-14,0.0038067567314604613,21.49020833333333
2019-08-15,0.004842552906777119,21.2459375
2019-08-16,0.005702434250627974,21.070729166666666
2019-08-17,0.004647483221007618,21.303645833333334
2019-08-18,0.0034007006933396873,21.216458333333332
2019-08-19,0.0028349492323629316,21.280833333333334
2019-08-20,0.0025127046842357186,21.190729166666667
2019-08-21,0.0023816118017613358,21.265729166666667
2019-08-22,0.002319991866180789,21.187708333333333
2019-08-23,0.005063521245833718,20.689166666666665
2019-08-24,0.005371768181775271,18.319479166666667
2019-08-25,0.003131070506700754,17.34552083333333
2019-08-26,0.0026467710393580793,17.361666666666668
2019-08-27,0.003175748080815664,17.812291666666667
2019-08-28,0.0029512100808338814,18.736526315789472
2019-08-29,0.0025993887198861995,17.761145833333334
2019-08-30,0.002437014302004858,17.502083333333335
2019-08-31,0.0024487421387867385,18.996875
2019-09-01,0.0026945744196668012,19.507604166666667
2019-09-02,0.0021527489282584973,19.4103125
2019-09-03,0.0017774649118791697,19.628229166666667
2019-09-04,0.0017106274033260082,19.977395833333333
2019-09-05,0.0017088774970215421,20.230208333333334
2019-09-06,0.001619061762041918,19.3734375
2019-09-07,0.0014436664881540134,18.706979166666667
2019-09-08,0.001407365451858632,18.2915625
2019-09-09,0.001422805584383206,19.403645833333332
2019-09-10,0.0015545382752505743,19.770729166666666
2019-09-11,0.0015883425543301967,20.44708333333333
2019-09-12,0.002026858089031843,20.573333333333334
2019-09-13,0.001893533632177734,19.920625
2019-09-14,0.0022077234962772302,19.14635416666667
2019-09-15,0.0019672667704410214,19.501875
2019-09-16,0.0016413343016445647,19.350104166666668
2019-09-17,0.0013479090577627178,19.292395833333334
2019-09-18,0.0014161853439398119,18.531041666666667
2019-09-19,0.0012597957098285269,16.38114583333333
2019-09-20,0.0012148148755522208,15.270833333333334
2019-09-21,0.0013135082746066591,17.2190625
2019-09-22,0.0011483985986722829,18.731875
2019-09-23,9.398456915199549e-4,18.839583333333334
2019-09-24,8.44445513068985e-4,18.1484375
2019-09-25,7.994112861021601e-4,16.518020833333335
2019-09-26,7.833862504825666e-4,17.8815625
2019-09-27,7.087898030684351e-4,17.896526315789473
2019-09-28,9.069991039852192e-4,18.940208333333334
2019-09-29,8.779399464050892e-4,19.85760416666667
2019-09-30,8.508591273503306e-4,19.945833333333333
2019-10-01,9.364645394058582e-4,19.894479166666667
2019-10-02,7.188973161898534e-4,20.416145833333335
2019-10-03,5.401516429036331e-4,20.22375
2019-10-04,3.2963331893441725e-4,19.624791666666667
2019-10-05,3.875764170890835e-4,15.147916666666667
2019-10-06,0.0014220668346918734,14.981354166666666
2019-10-07,9.510142360739868e-4,16.667708333333334
2019-10-08,0.0015851361134001625,15.1809375
2019-10-09,0.0011320843840869005,14.3084375
2019-10-10,9.379124973840931e-4,14.695729166666666
2019-10-11,8.664354464214029e-4,14.49221052631579
2019-10-12,7.373935328814267e-4,14.7696875
2019-10-13,6.955517119823984e-4,13.54
2019-10-14,6.963157909770168e-4,13.2221875
2019-10-15,4.7353308107893344e-4,12.502604166666666
2019-10-16,0.003334135531101805,12.252395833333333
2019-10-17,0.0011537358692232094,9.946250000000001
2019-10-18,7.783744055809803e-4,9.9721875
2019-10-19,7.755423581032421e-4,9.817604166666667
2019-10-20,0.00820656058121904,11.689895833333333
2019-10-21,0.0019004009889214126,12.869583333333333
2019-10-22,0.004409184640732805,13.361875
2019-10-23,0.0022476496993711218,11.50157894736842
2019-10-24,0.0014664130606380898,10.316041666666667
2019-10-25,0.0013271405115267004,10.9109375
2019-10-26,0.0013606981935300362,12.480104166666667
2019-10-27,0.007634229909369723,14.4565625
2019-10-28,0.002643880720367522,13.351875
2019-10-29,0.0019418243454144626,13.249062499999999
2019-10-30,0.003256914166204517,13.931354166666667
2019-10-31,0.009408925849678914,15.4203125
2019-11-01,0.006649286575408097,9.609270833333333
2019-11-02,0.003278475287337988,8.2718125
2019-11-03,0.002382953853657585,7.863635416666667
2019-11-03,0.002028185683951373,7.585020833333333
2019-11-04,0.0019051718663254053,8.661072916666667
2019-11-05,0.0017549208613537176,8.92878125
2019-11-06,0.0017900954819787557,9.504479166666666
2019-11-07,0.0015731169972582554,6.902489583333334
2019-11-08,0.0015049233628050586,4.637072916666667
2019-11-09,0.0015839293384621476,6.246625
2019-11-10,0.0015980640589941218,8.429885416666666
2019-11-11,0.0015398703290464902,6.65021875
2019-11-12,0.0013610106968917832,2.148979166666667
2019-11-13,0.0014134933523481056,2.6770520833333333
2019-11-14,0.001472973170918379,4.424302083333333
2019-11-15,0.0014574805267638762,4.28615625
2019-11-16,0.0014660040030552296,4.504572916666667
2019-11-17,0.0019217940390843635,5.627364583333334
2019-11-18,0.0017145697180252556,5.8124375
2019-11-19,0.001530763074815161,6.171302083333333
2019-11-20,0.0014823214393220535,6.07034375
2019-11-21,0.0015849345213508996,7.624479166666666
2019-11-22,0.002283916452129447,5.998927083333333
2019-11-23,0.002821049285230217,5.58425
2019-11-24,0.0018506580139854767,5.340822916666666
2019-11-25,0.001681734766007045,6.092822916666667
2019-11-26,0.0024227921413459766,7.785677083333334
2019-11-27,0.001866759360335658,5.67715625
2019-11-28,0.001752513335797447,5.760208333333333
2019-11-29,0.0025884171228399934,6.4853125
2019-11-30,0.01095359844020486,6.597479166666667
2019-12-01,0.005926434005264436,5.77825
2019-12-02,0.0035741168515241763,4.1263958333333335
2019-12-03,0.0027686953321106617,3.85878125
2019-12-04,0.005691788511185694,3.793833333333333
2019-12-05,0.004734108493183233,4.415010416666667
2019-12-06,0.0019441578103803689,5.073739583333333
2019-12-07,0.001797272753931961,3.4027291666666666
2019-12-08,0.0036302805825902985,4.40759375
2019-12-09,0.0033031137534121884,6.4950729166666665
2019-12-10,0.003119269359497811,3.8668125
2019-12-11,0.0025930814134012712,2.3446458333333333
2019-12-12,0.004250053278229103,2.9714583333333335
2019-12-13,0.00876359405632442,5.369552083333334
2019-12-14,0.006145565717046065,5.258927083333333
2019-12-15,0.004262427574090372,5.664177083333334
2019-12-16,0.003530272516746636,6.575895833333333
2019-12-17,0.002783277826366239,2.892354166666667
2019-12-18,0.002376873048636187,1.0092395833333334
2019-12-19,0.002242623750476482,1.8249473684210527
2019-12-20,0.0021340124503873353,2.504166666666667
2019-12-21,0.0020878142478533016,3.5221666666666667
2019-12-22,0.002092771602236948,5.213552083333333
2019-12-23,0.0020362330701172273,5.734208333333333
2019-12-24,0.001876874225628898,4.86528125
2019-12-25,0.0018470282820948819,5.6453541666666665
2019-12-26,0.0017804257331291888,6.570208333333333
2019-12-27,0.0017780295237551603,7.349489583333333
2019-12-28,0.0021199524009749317,8.7999375
2019-12-29,0.0025080084639269523,10.627395833333333
2019-12-30,0.0019176241989951655,7.07571875
2019-12-31,0.0017032779645674064,5.4554583333333335
2020-01-01,0.0016500865381323193,5.453520833333333
2020-01-02,0.002494241867682865,7.25825
2020-01-03,0.0028730690770686533,8.459947916666668
2020-01-04,0.0023944785910005387,4.755354166666667
2020-01-05,0.0020939111515374306,4.201666666666666
2020-01-06,0.0021894671243988147,2.8856875
2020-01-07,0.002037349576123465,2.874739583333333
2020-01-08,0.001805428121832985,2.2545520833333335
2020-01-09,0.0018788879703820465,4.356416666666667
2020-01-10,0.004312229599410846,8.612114583333334
2020-01-11,0.014972999918133806,9.644479166666667
2020-01-12,0.006922738653721101,8.447427083333332
2020-01-13,0.00486884985203237,9.0955208333333335
2020-01-14,0.003765463118168581,8.774614583333333
2020-01-15,0.003142111391395261,7.786572916666667
2020-01-16,0.002611852594836671,3.6630416666666665
2020-01-17,0.0027967742788520223,3.3597604166666666
2020-01-18,0.003186966131795234,3.5177916666666667
2020-01-19,0.003313004797940562,0.7550104166666667
2020-01-20,0.003462617628591626,0.11945833333333333
2020-01-21,0.00320910949457953,0.18089583333333334
2020-01-22,0.0030724470537039743,0.7919166666666667
2020-01-23,0.007143254943146169,2.61278125
2020-01-24,0.012057197601036442,5.046729166666666
2020-01-25,0.006707495065316515,3.9368020833333333
2020-01-26,0.004816316826522811,3.8843958333333335
2020-01-27,0.003829507062385204,3.9700937499999998
2020-01-28,0.0032723249131099558,3.74475
2020-01-29,0.0029246158087945714,3.6970104166666666
2020-01-30,0.0027309950757723146,3.1532395833333333
2020-01-31,0.0026954988339102674,4.012625
2020-02-01,0.0025543546934818154,4.71396875
2020-02-02,0.002409799285240771,6.613614583333334
2020-02-03,0.002359954189064071,8.24840625
2020-02-04,0.003341464267097983,9.221645833333334
2020-02-05,0.004365860351183862,7.1676153846153845
